ㄧ,一
ㄉㄧㄥ,丁
ㄑㄧ,七
ㄙㄢ,三
1.ㄨㄢˋ2.ㄇㄛˋ,万
1.ㄕㄤˋ2.ㄕㄤˇ,上
1.ㄅㄨˋ2.ㄈㄨ3.ㄈㄡ＊ㄈㄡˇ,不
ㄍㄞˋ,丐
1.ㄑㄧㄝˇ2.ㄐㄩ,且
ㄑㄧㄡ,丘
ㄔㄥˊ,丞
ㄅㄧㄥˋ,並
1.ㄓㄨㄥ2.ㄓㄨㄥˋ,中
ㄍㄨㄢˋ,丱
ㄔㄨㄢˋ,串
ㄓㄨˇ,主
1.ㄧˋ2.ㄞˋ,乂
ㄧㄠ,么
ㄏㄨ,乎
1.ㄔㄥˊ2.ㄕㄥˋ,乘
1.ㄇㄧㄝ2.ㄋㄧㄝˋ,乜
ㄐㄧㄡˇ＊ㄐㄧㄡ,九
ㄑㄧˇ,乞
1.ㄑㄧㄢˊ2.ㄍㄢ,乾
ㄌㄨㄢˋ,亂
1.ㄌㄧㄠˇ2.˙ㄌㄜ,了
ㄩˇ＊ㄩˊ,予
ㄕˋ＊ㄗˋ,事
ㄩˊ＊ㄒㄩ,于
ㄍㄣˋ,亙
1.ㄒㄧㄝ2.ㄙㄨㄛˋ3.ㄙㄨㄛ,些
ㄧㄚˋ,亞
1.ㄐㄧˊ2.ㄑㄧˋ,亟
ㄨㄤˊ＊ㄨˊ,亡
1.ㄎㄤˋ2.ㄍㄤ,亢
ㄏㄥ＊ㄆㄥ,亨
ㄐㄧㄥ,京
ㄌㄧㄤˋ,亮
1.ㄨㄟˇ2.ㄇㄣˊ,亹
1.ㄕˊ2.ㄕㄣˊ,什
ㄌㄜˋ,仂
1.ㄔㄡˊ2.ㄑㄧㄡˊ,仇
ㄆㄨ,仆
ㄐㄧㄝˋ,介
ㄗˇ,仔
ㄊㄚ,他
1.ㄧˋ2.ㄍㄜ,仡
ㄌㄧㄥˋ,令
ㄒㄧㄡ＊ㄒㄩˇ,休
ㄈㄚ,伐
ㄨˇ,仵
ㄐㄧㄢˋ,件
1.ㄖㄣˋ2.ㄖㄣˊ,任
ㄈㄣˋ,份
ㄊㄨㄛˊ＊ㄊㄨㄛ,佗
1.ㄙˋ2.ㄘˋ,伺
1.ㄈㄛˊ2.ㄅㄧˋ＊ㄈㄨˊ,佛
1.ㄑㄧㄝˊ2.ㄐㄧㄚ,伽
ㄏㄜˊ＊ㄏㄜˋ,何
ㄑㄩ,佉
1.ㄍㄨ2.ㄍㄨˋ,估
1.ㄊㄧˇ2.ㄅㄣˋ,体
ㄉㄢˋ,但
ㄉㄧㄢˋ,佃
ㄓㄢˋ＊ㄓㄢ,佔
ㄅㄢˋ,伴
ㄧˇ,佁
ㄧˋ,佚
1.ㄗㄨㄛˋ2.ㄗㄨㄛˊ,作
ㄅㄛˊ＊ㄅㄚˋ,伯
1.ㄩˊ2.ㄒㄩˊ,余
ㄌㄞˊ,來
ㄐㄧㄠˇ,佼
1.ㄏㄣˇ2.ㄏㄥˊ,佷
ㄕˇ,使
ㄌㄠˇ,佬
1.ㄍㄨㄥ2.ㄍㄨㄥˋ,供
ㄅㄞˇ,佰
1.ㄊㄨㄥˊ2.ㄉㄨㄥˋ,侗
ㄍㄨㄟˇ,佹
ㄒㄧㄣˋ＊ㄕㄣ,信
ㄌㄧㄤˊ,俍
ㄊㄨㄛˋ,侻
ㄑㄧㄣ,侵
ㄒㄧㄚˊ,俠
ㄓㄣˋ,侲
ㄑㄧㄠˋ,俏
ㄑㄧㄢˋ,俔
ㄆㄧㄥ,俜
1.ㄅㄧㄢˋ2.ㄆㄧㄢˊ,便
ㄒㄧ,俙
1.ㄙˋ2.ㄑㄧˊ,俟
ㄐㄩㄣˋ,俊
ㄇㄧㄢˇ＊ㄈㄨˇ,俛
ㄜˊ,俄
ㄎㄨㄤˇ,俇
1.ㄩˊ2.ㄕㄨ,俞
1.ㄎㄨㄥ2.ㄎㄨㄥˇ,倥
ㄌㄧㄤˋ,倞
ㄊㄢˊ,倓
ㄇㄣˊ,們
ㄑㄧㄢˋ,倩
1.ㄐㄩㄝˊ2.ㄐㄩㄝˋ,倔
1.ㄌㄧㄤˇ2.ㄌㄧㄚˇ,倆
ㄓˊ,值
ㄌㄞˊ,
1.ㄉㄠˇ2.ㄉㄠˋ,倒
1.ㄢˇ2.ㄧㄢˋ,俺
ㄊㄤˇ＊ㄔㄤˊ,倘
ㄐㄩˋ,俱
1.ㄔㄤˋ2.ㄔㄤ,倡
1.ㄍㄜˋ2.ㄍㄜˇ,個
ㄔㄨˋ＊ㄊㄧˋ,俶
ㄆㄥˊ,倗
ㄊㄧˋ,倜
ㄨㄛ,倭
ㄅㄧˋ,俾
ㄘㄤ,倉
ㄐㄧㄢˋ,健
1.ㄐㄧㄚˇ2.ㄐㄧㄚˋ＊ㄍㄜˊ＊ㄒㄧㄚˊ,假
ㄅㄧㄥˇ,偋
ㄈㄨˊ＊ㄅㄧ,偪
ㄒㄧㄝˊ,偕
ㄧㄝˋ,偞
ㄘㄜˋ,側
1.ㄐㄧㄝˊ2.ㄐㄧˋ,偈
1.ㄙ2.ㄙㄞ,偲
ㄓㄣ,偵
ㄗㄢˊ,偺
ㄨㄟˋ,偽
1.ㄅㄤˋ2.ㄅㄤ＊ㄆㄤˊ,傍
ㄈㄨˋ＊ㄈㄨ,傅
ㄒㄧ,傒
1.ㄎㄨㄟˇ2.ㄍㄨㄟ,傀
ㄘㄤ,傖
ㄩㄥ,傭
1.ㄔㄨㄢˊ2.ㄓㄨㄢˋ,傳
ㄐㄧㄣˇ,僅
ㄌㄨˋ,僇
ㄌㄡˊ,僂
ㄑㄧㄥ,傾
1.ㄊㄨㄥˊ2.ㄓㄨㄤˋ,僮
ㄓㄨㄢˋ,僎
ㄔㄢˊ,僝
1.ㄐㄧㄠˇ2.ㄧㄠˊ,僥
ㄈㄣˋ,僨
ㄌㄧㄠˊ,僚
ㄊㄨㄟˇ,僓
ㄉㄢˋ,僤
ㄐㄧㄠ,僬
1.ㄔㄢˊ2.ㄊㄢˇ,儃
ㄆㄧˋ,僻
ㄐㄧㄚˋ,價
ㄐㄧㄣˋ,僸
ㄐㄧㄥˇ,儆
ㄞˋ,僾
ㄐㄧㄠˇ,儌
ㄐㄧㄢˇ,儉
ㄅㄧㄣ,儐
ㄊㄞˊ,儓
ㄋㄧˇ,儗
ㄢˋ,儑
ㄩˋ,儥
ㄧㄡ,優
ㄔㄨˊ,儲
ㄔㄢˊ,儳
ㄌㄟˇ,儽
ㄩㄣˇ,允
ㄒㄩㄥ,兄
ㄒㄧㄢ,先
1.ㄉㄨㄟˋ2.ㄩㄝˋ,兌
ㄇㄧㄢˇ＊ㄨㄣˋ,免
1.ㄦˊ2.ㄋㄧˊ,兒
ㄖㄨˋ,入
ㄋㄟˋ＊ㄋㄚˋ,內
ㄌㄧㄤˇ＊ㄌㄧㄤˋ,兩
ㄅㄚ,八
1.ㄌㄧㄡˋ2.ㄌㄨˋ,六
1.ㄍㄨㄥˋ2.ㄍㄨㄥ＊ㄍㄨㄥˇ,共
1.ㄑㄧˊ2.ㄐㄧ,其
ㄘㄜˋ,冊
1.ㄇㄠˋ2.ㄇㄛˋ,冒
ㄧㄣˊ,冘
1.ㄍㄨㄢ2.ㄍㄨㄢˋ,冠
1.ㄐㄩˋ2.ㄗㄨㄟˋ,
ㄅㄧㄥ,冰
ㄌㄥˇ,冷
ㄔㄨㄤˋ,凔
ㄎㄢˇ,凵
ㄠ,凹
ㄊㄨˊ,凸
ㄏㄢˊ,函
1.ㄑㄧㄝˋ2.ㄑㄧㄝ,切
1.ㄈㄣ2.ㄈㄣˋ,分
1.ㄆㄠˊ2.ㄅㄠˋ,刨
ㄎㄜˋ,刻
ㄕㄨㄚ,刷
ㄘˋ,刺
ㄍㄨㄚ,刮
1.ㄌㄚˋ2.ㄌㄚˊ,剌
1.ㄒㄩㄝˋ2.ㄒㄧㄠ,削
ㄆㄡˇ,剖
ㄑㄧㄥˊ＊ㄌㄩㄝˋ,
1.ㄧㄢˇ2.ㄕㄢˋ,剡
ㄔㄢˇ,
ㄊㄧ,剔
ㄅㄛ＊ㄅㄛˊ,剝
1.ㄈㄨˋ2.ㄆㄧˋ,副
ㄉㄨㄢ＊ㄊㄨㄢˊ,剬
ㄎㄞˇ,剴
1.ㄔㄨㄤˋ2.ㄔㄨㄤ,創
ㄊㄨㄢˊ,剸
ㄆㄧㄠˋ,剽
ㄐㄧㄠˇ,剿
1.ㄏㄨㄚˋ2.ㄏㄨㄚˊ,劃
ㄆㄧ,劈
ㄐㄩˋ,劇
ㄎㄨㄞˋ,劊
ㄌㄧˊ,劙
ㄐㄧㄥˋ,勁
ㄌㄞˋ＊ㄔˋ,
ㄨˋ,務
ㄎㄢ,勘
1.ㄌㄜˋ2.ㄌㄟ,勒
1.ㄌㄠˊ2.ㄌㄠˋ,勞
1.ㄕㄥˋ2.ㄕㄥ,勝
ㄇㄨˋ,募
1.ㄐㄧㄠˇ2.ㄔㄠ,勦
ㄖㄤˊ,勷
1.ㄕㄠˊ2.ㄓㄨㄛˊ,勺
1.ㄍㄡ2.ㄍㄡˋ,勾
ㄅㄠ,包
1.ㄏㄨㄚˋ2.ㄏㄨㄚ,化
ㄅㄟˇ＊ㄅㄟˋ,北
1.ㄔˊ2.˙ㄕ,匙
ㄎㄨㄤ,匡
ㄈㄟˇ,匪
ㄎㄨㄟˋ,匱
1.ㄆㄧˇ2.ㄆㄧ,匹
ㄧㄢˇ,匽
1.ㄑㄩ2.ㄡ,區
ㄋㄧˋ＊ㄊㄜˋ,匿
1.ㄨˇ2.˙ㄏㄨㄛ,午
ㄅㄢˋ,半
1.ㄗㄨˊ2.ㄘㄨˋ,卒
ㄓㄨㄛˊ,卓
1.ㄋㄢˊ2.ㄋㄚˊ,南
1.ㄎㄚˇ2.ㄑㄧㄚˇ,卡
1.ㄓㄢ2.ㄓㄢˋ,占
ㄤˊ＊ㄧㄤˇ,卬
ㄌㄨㄢˇ,卵
1.ㄐㄩㄢˋ2.ㄐㄩㄢˇ3.ㄑㄩㄢˊ,卷
1.ㄏㄢˇ2.ㄢ,厂
ㄇㄤˊ,厖
1.ㄌㄧˊ2.ㄔㄢˊ,厘
ㄩㄢˊ＊ㄩㄢˋ,原
ㄔㄨㄟˊ,厜
1.ㄧㄢˋ2.ㄧㄢ,厭
ㄌㄧˋ＊ㄌㄞˋ,厲
1.ㄖㄡˊ2.ㄑㄧㄡˊ,厹
ㄑㄩˋ,去
1.ㄘㄢ2.ㄕㄣ3.ㄘㄣ＊ㄙㄢ,參
ㄔㄚ,叉
ㄈㄢˇ,反
ㄑㄩˇ,取
ㄙㄡˇ,叟
ㄘㄨㄥˊ,叢
ㄙ,司
1.ㄎㄜˇ2.ㄎㄜˋ,可
1.ㄓㄠˋ2.ㄕㄠˋ,召
1.ㄊㄠ2.ㄉㄠ,叨
ㄓˇ＊ㄓ,只
1.ㄊㄞˊ2.ㄧˊ,台
1.ㄐㄩˋ2.ㄍㄡˋ3.ㄍㄡ＊ㄍㄡ,句
1.ㄊㄨˇ2.ㄊㄨˋ,吐
1.ㄔ2.ㄐㄧˊ,吃
1.ㄍㄜˋ2.ㄍㄜˇ,各
1.ㄏㄜˊ2.ㄍㄜˇ,合
ㄨˊ,吾
1.ㄈㄡˇ2.ㄆㄧˇ,否
1.ㄏㄤˊ2.ㄎㄥ,吭
1.ㄅㄚ2.˙ㄅㄚ,吧
ㄓ,吱
1.ㄧㄚ2.˙ㄧㄚ3.ㄒㄧㄚ,呀
ㄉㄞ,呆
ㄋㄚˋ,吶
1.ㄏㄨㄥ2.ㄏㄡˇ,吽
ㄔㄥˊ,呈
ㄔㄨㄟ,吹
1.ㄊㄧㄥ2.ㄊㄧㄥˋ3.ㄧㄣˇ,听
ㄧㄣˊ,吟
1.ㄍㄠˋ2.ㄍㄨˋ,告
ㄏㄢˊ,含
1.ㄅㄧㄝˊ2.ㄅㄧ,咇
ㄨㄟˋ,味
1.ㄋㄧˊ2.˙ㄋㄜ,呢
1.ㄏㄜ2.ㄛ,呵
ㄍㄨ,咕
ㄍㄢ,咁
ㄎㄚ,咖
ㄒㄧㄠ,呺
1.ㄓㄢ2.ㄔㄜˋ,呫
ㄉㄨㄛˋ,咄
ㄏㄨ,呼
ㄗㄜˊ,咋
1.ㄒㄩˇ2.ㄏㄡ,呴
1.ㄍㄨ2.ㄍㄨㄚ,呱
1.ㄏㄜˊ2.ㄏㄜˋ3.ㄏㄨㄛˋ4.ㄏㄢˋ5.˙ㄏㄨㄛ6.ㄏㄨˊ,和
1.ㄐㄧㄡˋ2.ㄍㄠ,咎
ㄇㄧㄥˋ,命
ㄒㄧㄢˊ,咸
1.ㄎㄜˊ2.ㄏㄞ,咳
ㄍㄣˊ,哏
ㄨㄚ,哇
1.ㄏㄨㄥ2.ㄏㄨㄥˇ,哄
1.ㄒㄧˋ2.ㄉㄧㄝˊ,咥
ㄌㄧㄝˇ,咧
1.ㄧㄢ2.ㄧㄝˋ＊ㄧㄢˋ,咽
ㄎㄨㄞ,咼
ㄊㄠˊ,咷
1.ㄉㄨㄛ2.ㄔㄜˇ,哆
ㄏㄨㄚˋ,咶
ㄒㄩㄥ,哅
1.˙ㄌㄛ2.ㄍㄜ3.ㄎㄚˇ＊ㄍㄜˊ,咯
1.ㄧㄠˇ2.ㄐㄧㄠ,咬
1.ㄗㄢˊ2.ㄗㄚˊ,咱
1.ㄒㄧㄡ2.ㄒㄩˇ,咻
1.ㄏㄚ2.ㄏㄚˇ3.ㄎㄚ,哈
1.ㄓㄣ2.ㄔㄨㄣˊ,唇
ㄎㄜˇ,哿
ㄏㄥ,哼
ㄌㄨㄥˋ,哢
ㄅㄨˇ,哺
ㄨˊ,唔
ㄒㄧㄠ,哮
1.ㄋㄚˇ2.˙ㄋㄚ3.ㄋㄨㄛˊ,哪
ㄕㄠˋ,哨
1.ㄌㄧ2.ㄌㄧˇ,哩
1.ㄩㄢˊ2.ㄩㄣˊ,員
ㄧˋ,唈
1.ㄜˊ2.ㄛˊ,哦
1.ㄏㄢ2.ㄏㄢˊ,唅
ㄐㄧˊ,唧
1.ㄕㄚˋ2.ㄑㄧㄝˋ,唼
ㄊㄨㄣ,啍
ㄘㄨㄟˋ,啐
ㄐㄧㄝˊ＊ㄕㄚˋ,啑
ㄈㄥˇ,唪
1.ㄧㄚˇ2.ㄧㄚ,啞
1.ㄐㄧㄝˋ2.ㄗㄜˋ,唶
1.ㄚ2.˙ㄚ,啊
1.ㄌㄚ2.˙ㄌㄚ,啦
ㄓㄨㄛˊ,啄
ㄏㄨˇ,唬
ㄎㄣˇ,啃
ㄓㄡ,啁
ㄨㄟˊ,唯
ㄦˊ,唲
ㄋㄧㄢˋ,唸
ㄔˋ,啻
ㄒㄧˇ,喜
1.ㄙㄤ2.ㄙㄤˋ,喪
ㄒㄩㄢ,喧
ㄎㄚ,喀
ㄧㄣ,喑
ㄔ,喫
1.ㄨㄛˋ2.ㄛ,喔
ㄌㄚˇ,喇
ㄉㄧㄝˊ,喋
ㄓㄚ,喳
1.ㄩˊ2.ㄩㄥˊ,喁
1.ㄏㄜ2.ㄏㄜˋ,喝
1.ㄉㄢ2.ㄕㄢˋ3.ㄔㄢˊ,單
ㄎㄨㄟˋ,喟
1.ㄖㄜˇ2.ㄋㄨㄛˋ,喏
ㄏㄨㄤˊ,喤
1.ㄗㄢˊ2.ㄗㄚˊ,喒
ㄧㄠ,喲
ㄩˋ,喻
ㄑㄧㄠˊ,喬
ㄊㄨㄛˋ,唾
ㄏㄜˋ,嗃
ㄑㄧㄢˇ＊ㄑㄧㄢ＊ㄑㄧㄢˋ,嗛
ㄐㄧㄝ,嗟
ㄧˋ,嗌
1.ㄇㄚˇ2.˙ㄇㄚ,嗎
1.ㄎㄜˋ2.ㄏㄜˊ,嗑
ㄔㄣ,嗔
ㄕㄚˋ,嗄
ㄑㄧㄤˋ,嗆
1.ㄇㄚˊ2.˙ㄇㄚ,嘛
ㄐㄧㄚ,嘉
ㄍㄨˇ,嘏
ㄙㄡˇ,嗾
ㄙㄡˋ,嗽
1.ㄡˇ2.ㄡ3.ㄡˋ,嘔
ㄍㄚ,嘎
ㄑㄧ,嘁
ㄌㄡˊ,嘍
ㄏㄨ,
ㄘㄥ,噌
ㄒㄧㄠˋ,嘯
ㄒㄩㄣˋ,噀
ㄧㄝ,噎
ㄜˇ,噁
ㄔㄠˊ,嘲
ㄏㄟ＊ㄇㄛˋ,嘿
ㄗㄨㄛ,嘬
1.ㄊㄢ2.ㄔㄢˇ,嘽
ㄎㄨㄟˋ,嘳
ㄒㄩ,噓
ㄏㄨㄚ＊ㄏㄨㄚˊ,嘩
ㄈㄨˇ,嘸
1.ㄆㄣ2.ㄆㄣˋ3.˙ㄈㄣ,噴
ㄧˋ,噫
1.ㄉㄤ2.ㄉㄧㄤ,噹
ㄋㄨㄥˊ,噥
1.ㄐㄩㄝˊ2.ㄒㄩㄝ,噱
1.ㄩㄝ2.ㄏㄨㄟˋ,噦
ㄍㄜˊ,噶
ㄓㄡˋ＊ㄓㄨㄛˊ,噣
ㄞˋ,噯
1.ㄐㄧㄠˋ2.ㄑㄧㄠˋ,噭
ㄩˇ,噢
ㄧㄢˇ,噞
ㄐㄧˋ,嚌
1.ㄏㄜˋ2.ㄒㄧㄚˋ,嚇
ㄏㄨㄛˋ,嚄
1.ㄇㄛˋ2.˙ㄇㄜ,嚜
ㄒㄧㄤˋ,嚮
ㄖㄤˇ,嚷
ㄧㄢˊ,嚴
1.ㄐㄧㄠˊ2.ㄐㄩㄝˊ,嚼
ㄋㄧㄝˋ,囁
ㄒㄧㄠ,囂
1.ㄌㄨㄛˊ2.ㄌㄨㄛ,囉
ㄗㄢˋ,囋
ㄐㄧㄢˇ,囝
1.ㄉㄨㄣˋ2.ㄊㄨㄣˊ,囤
ㄧㄡˊ,囮
1.ㄘㄨㄥ2.ㄔㄨㄤ,囪
ㄧㄡˋ,囿
ㄏㄨㄣˋ,圂
1.ㄑㄩㄢ2.ㄐㄩㄢˋ,圈
ㄩˇ,圉
ㄔㄨㄟˊ＊ㄊㄨㄢˊ,圌
1.ㄩㄢˊ2.ㄏㄨㄢˊ,圜
ㄊㄨˇ,土
ㄩˊ,圩
1.ㄉㄧˋ2.˙ㄉㄜ,地
ㄗㄨㄣˋ,圳
ㄗㄞˋ,在
1.ㄈㄤ2.ㄈㄤˊ,坊
ㄆㄟˊ,坏
ㄐㄩㄣ＊ㄩㄣˋ,均
ㄙㄜˋ,圾
ㄑㄧˊ,圻
ㄎㄜˇ,坷
ㄆㄟ,坯
ㄧㄤˇ,坱
ㄉㄧㄢˋ,坫
1.ㄔˊ2.ㄉㄧˇ,坻
ㄠ,坳
1.ㄉㄨㄛˇ2.ㄉㄨㄛˋ,垛
ㄍㄨㄟˇ,垝
ㄆㄨˇ,埔
1.ㄇㄞˊ2.ㄇㄢˊ,埋
1.ㄧㄢˊ2.ㄕㄢ,埏
1.ㄆㄟˊ2.ㄆㄡˇ,培
1.ㄙㄠˇ2.ㄙㄠˋ,埽
1.ㄐㄩˋ2.ㄅㄚˋ,埧
1.ㄅㄥˋ2.ㄆㄥˊ,堋
ㄉㄨㄟ,堆
ㄅㄨˋ,埠
1.ㄆㄧˊ2.ㄅㄟ3.ㄅㄧˋ,埤
1.ㄕˋ2.ㄧˋ,埶
ㄐㄧㄣˇ,堇
1.ㄉㄨˇ2.ㄓㄜˇ,堵
ㄅㄠˋ,報
ㄊㄧˊ,堤
ㄔㄤˇ,場
ㄜˋ,堨
ㄅㄠˇ,堡
ㄐㄧˋ,塈
1.ㄙㄜˋ2.ㄙㄞˋ3.ㄙㄞ,塞
ㄊㄧㄢˊ,填
ㄨˋ,塢
ㄩㄥ,墉
ㄉㄧㄢˋ,墊
ㄐㄧㄣˇ,墐
ㄉㄧㄝˊ,墆
ㄗㄥ,增
ㄈㄣˊ,墳
ㄉㄨㄛˋ＊ㄏㄨㄟ,墮
ㄩㄥ,壅
ㄅㄧˋ,壁
ㄊㄢˊ,壇
ㄒㄩㄣ,壎
1.ㄌㄟˇ2.ㄌㄩˋ,壘
ㄏㄨㄞˋ,壞
1.ㄒㄧㄚˋ2.ㄐㄧㄚˇ,夏
ㄉㄨㄛ,多
ㄧㄝˋ,夜
ㄇㄥˋ,夢
1.ㄉㄚˋ2.ㄉㄞˋ＊ㄊㄞˋ,大
1.ㄈㄨ2.ㄈㄨˊ,夫
ㄊㄞˋ,太
ㄧㄠ,夭
ㄧㄤ,央
ㄕ,失
ㄐㄧㄚˊ,夾
ㄅㄣ,奔
ㄈㄥˋ＊ㄆㄥˇ,奉
1.ㄑㄧˊ2.ㄐㄧ,奇
1.ㄧㄢˇ2.ㄧㄢ,奄
1.ㄑㄧˋ2.ㄒㄧㄝˋ,契
ㄎㄨㄟˊ,奎
ㄓㄚ＊ㄔˇ,奓
ㄗㄤˋ,奘
ㄉㄧㄢˋ,奠
ㄠˋ,奧
ㄅㄟˋ,奰
ㄔㄜˇ,奲
1.ㄋㄩˇ2.ㄋㄩˋ＊ㄖㄨˇ,女
ㄈㄟ＊ㄆㄟˋ,妃
1.ㄏㄠˇ2.ㄏㄠˋ,好
ㄊㄚ＊ㄧ,她
ㄖㄨˊ,如
ㄕㄨㄛˋ,妁
ㄈㄤˊ,妨
ㄋㄧㄡ,妞
ㄅㄧˇ,妣
ㄖㄣˋ,妊
ㄐㄧㄣˋ,妗
1.ㄑㄧ2.ㄑㄧˋ,妻
1.ㄨㄟˇ2.ㄨㄟ,委
ㄇㄢˊ,姏
ㄇㄨˇ,姆
ㄉㄚˊ,妲
ㄐㄧㄝˇ,姐
ㄓㄡˊ,妯
ㄧㄤ,姎
ㄕㄢ,姍
ㄕˇ,始
1.ㄋㄞˇ2.ㄋㄧˇ,妳
ㄗˇ＊ㄐㄧㄝˇ,姊
1.ㄐㄧㄠˇ2.ㄒㄧㄠˊ,姣
1.ㄇㄨˇ2.ㄌㄠˇ,姥
ㄔˇ,姼
ㄕㄨ,姝
ㄍㄨㄟˇ,姽
ㄒㄧㄢˇ,姺
ㄏㄨㄛˊ,姡
ㄆㄧㄣ,姘
ㄐㄧ,姬
ㄙㄨㄛ,娑
ㄋㄧㄤˊ,娘
ㄨㄟˇ,娓
1.ㄋㄨㄛˊ2.ㄋㄚˋ,娜
ㄕㄣ,娠
ㄐㄩㄢ,娟
ㄆㄧㄥ,娉
ㄒㄧ,娭
1.ㄨㄢˇ2.ㄇㄧㄢˇ,娩
ㄑㄩˇ,娶
1.ㄌㄡˊ2.ㄌㄩˇ,婁
ㄑㄩㄢˊ,婘
ㄋㄧˊ,婗
ㄅㄧˋ,婢
ㄇㄟˊ,媒
ㄊㄧˊ,媞
ㄖㄨㄛˋ,婼
ㄩㄢˊ,媛
ㄢ,媕
ㄊㄡ＊ㄩˊ,媮
ㄆㄢˊ＊ㄆㄛˊ,媻
ㄇㄧㄥˊ,嫇
ㄇㄚ,媽
1.ㄆㄧㄠˊ2.ㄆㄧㄠ,嫖
ㄇㄢˋ,嫚
ㄖㄠˊ,嬈
ㄒㄧ,嬉
ㄌㄧㄠˊ,嫽
ㄒㄩㄢ＊ㄏㄨㄢˊ,嬛
ㄧㄢˇ,嬐
ㄋㄞˇ,嬭
ㄊㄧㄠˋ,嬥
ㄋㄧㄤˊ,孃
ㄒㄧㄢ,孅
ㄌㄨㄢˊ,孌
ㄌㄧˊ,孋
ㄗˇ,子
ㄐㄩㄝˊ,孓
ㄅㄛˊ,孛
ㄈㄨˊ,孚
ㄇㄥˋ,孟
ㄙㄨㄣ＊ㄒㄩㄣˋ,孫
ㄔㄢˊ,孱
ㄗ,孳
ㄒㄩㄝˊ,學
ㄖㄨˊ,孺
ㄌㄨㄢˊ,孿
ㄊㄚ＊ㄕㄜˊ,它
ㄕㄡˇ,守
ㄓㄞˊ,宅
1.ㄇㄧˋ2.ㄈㄨˊ,宓
1.ㄨㄢˇ2.ㄩㄢ,宛
ㄏㄞˋ＊ㄏㄜˊ,害
1.ㄐㄧㄚ2.ㄍㄨ,家
1.ㄙㄨˋ2.ㄒㄧㄡˋ3.ㄒㄧㄡˇ,宿
ㄐㄧㄣˋ,寖
ㄓˋ,寘
ㄋㄧㄥˋ,
1.ㄋㄧㄥˊ2.ㄋㄧㄥˋ,寧
ㄒㄧㄝˇ,寫
ㄏㄨㄢˊ,寰
1.ㄕㄜˋ2.ㄧㄝˋ3.ㄧˋ,射
1.ㄨㄟˋ2.ㄩˋ,尉
1.ㄐㄧㄤ2.ㄐㄧㄤˋ3.ㄑㄧㄤ,將
ㄒㄩㄣˊ,尋
ㄉㄠˇ,導
1.ㄕㄠˇ2.ㄕㄠˋ,少
1.ㄇㄤˊ2.ㄇㄥˊ＊ㄆㄤˊ,尨
ㄍㄚˋ,尬
ㄍㄢ,尷
1.ㄔˇ2.ㄔㄜˇ,尺
ㄋㄧˊ,尼
ㄋㄧㄠˋ,尿
ㄨㄟˇ,尾
ㄐㄩ,居
ㄑㄩ,屈
1.ㄕˇ2.ㄒㄧ,屎
1.ㄆㄧㄥˊ2.ㄅㄧㄥˇ,屏
ㄊㄨˊ,屠
ㄌㄩˇ,屢
ㄒㄧˇ,屣
ㄘㄥˊ,層
ㄒㄧㄝˋ,屧
ㄌㄩˇ,履
ㄐㄩㄝˊ,屩
1.ㄕㄨˇ2.ㄓㄨˇ,屬
1.ㄊㄨㄣˊ2.ㄓㄨㄣ3.ㄔㄨㄣˊ,屯
ㄔㄚˋ,岔
ㄍㄤ,岡
ㄐㄩ,岨
ㄒㄧㄡˋ,岫
ㄗㄨㄛˊ,岝
ㄍㄡˇ,岣
1.ㄊㄨㄥˊ2.ㄉㄨㄥˋ,峒
ㄨㄟˊ,峞
ㄐㄩㄣˋ,峻
ㄗㄨˊ,崒
ㄐㄩㄝˊ,崛
ㄏㄨㄚˋ,崋
ㄌㄥˊ,崚
ㄑㄧˊ,崎
ㄧㄢ,崦
ㄓㄥ,崢
ㄧㄠˊ,崤
ㄍㄤˇ＊ㄍㄤ,崗
1.ㄑㄧㄢ2.ㄎㄢˇ,嵌
ㄗㄞˇ,崽
ㄐㄧ,嵇
ㄘㄨㄛˊ,嵯
ㄨㄟˊ,嵬
ㄓㄢˇ,嶄
ㄉㄧㄝˊ,嵽
ㄌㄡˇ,嶁
ㄌㄧㄣˊ,嶙
1.ㄍㄨㄟˋ2.ㄐㄩㄝˊ,嶡
ㄐㄧㄠˋ,嶠
ㄐㄧㄠ,嶕
ㄒㄧㄢˇ,嶮
ㄒㄩㄝˊ,嶨
ㄖㄨㄥˊ,嶸
ㄩˇ,嶼
1.ㄧˊ2.ㄋㄧˋ,嶷
ㄐㄧㄝˊ,巀
ㄨ,巫
1.ㄔㄚ2.ㄔㄞ3.ㄘ4.ㄘㄨㄛ,差
ㄒㄩㄣˋ,巽
ㄈㄢˊ,帆
ㄆㄟˋ,帔
ㄈㄨˊ,帗
ㄊㄧㄝˇ＊ㄊㄧㄝ,帖
ㄆㄚˋ,帕
ㄊㄤˇ＊ㄋㄨˊ,帑
ㄕㄨㄞˋ,帥
ㄕㄨㄟˋ,帨
1.ㄐㄧㄢˇ2.ㄘㄢˊ,帴
1.ㄈㄨˊ2.ㄅㄧ,幅
ㄐㄧㄚˋ,幏
ㄇㄧˋ,幎
ㄇㄨˋ＊ㄇㄛˋ,幕
ㄕㄣ,幓
ㄔㄨㄤˊ,幢
ㄓˋ,幟
1.ㄉㄠˋ2.ㄔㄡˊ,幬
ㄇㄥˊ,幪
1.ㄆㄧㄥˊ2.ㄆㄧㄢˊ＊ㄅㄧㄢˋ,平
1.ㄅㄧㄥˋ2.ㄅㄧㄥ,并
ㄋㄧㄢˊ,年
1.ㄍㄢˋ2.ㄏㄢˊ,幹
ㄧㄡˋ,幼
1.ㄐㄧˇ2.ㄐㄧ,幾
ㄧㄢˇ,
ㄐㄧˇ,庋
ㄧㄚˇ,庌
ㄉㄨㄣˋ,庉
ㄉㄧˇ＊˙ㄉㄜ,底
1.ㄉㄨˋ2.ㄉㄨㄛˋ,度
ㄎㄨˋ,庫
ㄒㄧㄠ,庨
ㄧㄡˇ,庮
ㄇㄤˊ,庬
ㄊㄧㄥˊ,庭
ㄎㄤ,康
ㄩㄥ,庸
ㄔㄥ,庱
ㄕㄨˋ,庶
ㄊㄨㄛˇ,庹
1.ㄅㄧˋ2.ㄅㄟ,庳
ㄘㄜˋ,廁
ㄓˋ,廌
ㄒㄧㄚˋ,廈
ㄙㄡ,廋
ㄍㄨㄟ,廆
ㄐㄧㄣˇ,廑
ㄌㄧㄠˋ,廖
ㄑㄧㄥˇ,廎
ㄧˋ,廙
ㄍㄨㄤˇ,廣
ㄑㄧㄣ,廞
ㄨˇ,廡
ㄅㄧˋ,廦
ㄒㄧㄝˋ,廨
ㄆㄤˊ,龐
ㄌㄨˊ,廬
ㄊㄧㄥˊ,廷
1.ㄅㄧㄢˋ2.ㄆㄢˊ,弁
ㄧˋ,异
1.ㄋㄨㄥˋ2.ㄌㄨㄥˋ,弄
ㄈㄣˊ,弅
ㄧㄢˇ,弇
ㄅㄧˋ,弊
ㄕˋ,式
ㄉㄧㄠˋ,弔
ㄧㄣˇ,引
ㄈㄨˊ,弗
ㄔˊ,弛
ㄉㄧˋ＊ㄊㄧˋ,弟
ㄏㄨˊ,弧
ㄑㄩㄢ,弮
ㄓㄤ,張
1.ㄑㄧㄤˊ2.ㄑㄧㄤˇ3.ㄐㄧㄤˋ,強
ㄆㄥˊ,弸
ㄍㄡˋ,彀
ㄅㄧㄝˋ,彆
ㄎㄨㄛˋ,彉
1.ㄉㄢˋ2.ㄊㄢˊ,彈
1.ㄑㄧㄤˊ2.ㄑㄧㄤˇ3.ㄐㄧㄤˋ,彊
ㄇㄧˊ,彌
ㄏㄨㄟˋ,彗
ㄏㄨㄟˋ,彙
ㄆㄥˊ,彭
ㄆㄧㄠ,彯
1.ㄓㄨㄛˊ2.ㄅㄛˊ,彴
1.ㄆㄤˊ2.ㄈㄤˇ,彷
1.ㄉㄞˋ2.ㄉㄞ,待
ㄏㄨㄞˊ,徊
ㄒㄩㄣˋ,徇
1.ㄌㄞˊ2.ㄌㄞˋ,徠
1.ㄉㄜˊ2.ㄉㄟˇ3.˙ㄉㄜ,得
1.ㄘㄨㄥˊ2.ㄗㄨㄥˋ3.ㄘㄨㄥ4.ㄗㄨㄥ,從
ㄆㄞˊ,徘
ㄩˋ,御
ㄅㄧㄢˋ,
ㄐㄧㄚˇ,徦
ㄈㄨˋ,復
ㄆㄤˊ＊ㄅㄤˋ,徬
ㄨㄟˊ,微
ㄒㄧ,徯
1.ㄓㄥ2.ㄓˇ,徵
1.ㄐㄧㄠˋ2.ㄐㄧㄠ＊ㄐㄧㄠˇ,徼
ㄨㄤˋ,忘
ㄕˋ＊ㄊㄞˋ,忕
1.ㄑㄧˋ2.ㄧˋ,忔
1.ㄊㄜˋ2.ㄊㄜ,忒
ㄖㄣˇ,忍
ㄨㄢˊ,忨
ㄋㄧㄡˇ,忸
ㄓˋ,忮
ㄨˇ,忤
ㄑㄧˊ,忯
ㄊㄨㄣˊ,忳
1.ㄓㄨㄥ2.ㄙㄨㄥ,忪
ㄊㄧㄢˇ,忝
ㄈㄨˊ＊ㄅㄟˋ,怫
ㄓㄥ＊ㄌㄥˋ,怔
ㄅㄧㄥˇ,怲
ㄑㄩㄝˋ,怯
ㄔㄨˋ,怵
ㄅㄨˋ,怖
ㄐㄩˋ,怚
ㄉㄚˊ,怛
ㄔㄡˊ,怞
ㄧㄤˋ,怏
ㄓㄢ,怗
ㄊㄨˊ,怢
ㄗㄨㄛˋ,怍
ㄍㄡˋ,怐
ㄆㄚˋ,怕
ㄧㄡ,怮
ㄌㄧㄥˊ＊ㄌㄧㄢˊ,怜
1.ㄙ2.ㄙㄞ,思
ㄉㄞˋ,怠
ㄩㄢˋ,怨
ㄗㄣˇ,怎
ㄋㄨˋ,怒
ㄒㄧㄠˋ,恔
ㄕˋ,恃
ㄓˇ,恉
ㄏㄨㄟ,恢
ㄏㄥˊ,恆
1.ㄊㄨㄥ2.ㄉㄨㄥˋ,恫
ㄊㄧㄠ,恌
ㄔˇ,恀
ㄒㄩㄣˊ,恂
ㄎㄜˋ,恪
ㄗˋ,恣
ㄐㄧㄚˊ,恝
ㄏㄨㄟˋ,恚
ㄎㄨㄥˇ,恐
ㄖㄣˋ＊ㄋㄧㄣˊ,恁
ㄌㄧㄤˋ,悢
ㄊㄧˋ,悌
ㄐㄧㄝˋ,悈
ㄅㄟˋ＊ㄅㄛˊ,悖
ㄙㄨㄥˇ,悚
ㄎㄨㄟ,悝
ㄐㄩㄢˋ,悁
ㄑㄩㄢ,悛
ㄏㄨㄟˇ,悔
ㄇㄢˇ,悗
ㄊㄨˊ,悇
ㄧㄡ,悠
ㄍㄨㄢˇ,悹
ㄎㄨㄥ＊ㄎㄨㄥˇ,悾
ㄉㄨㄣ,惇
ㄘㄨㄟˋ,悴
ㄑㄩㄢˊ,惓
ㄊㄢˊ,惔
ㄔㄨㄛˋ,惙
ㄑㄧ,悽
ㄌㄢˊ,惏
ㄔㄤˇ,惝
ㄔㄡˊ,惆
ㄏㄨㄣ,惛
ㄌㄨㄣˊ,惀
ㄙㄨㄛˇ,惢
1.ㄇㄣˋ2.ㄇㄣ,悶
1.ㄜˋ2.ㄜˇ3.ㄨˋ4.ㄨ,惡
ㄧˋ,意
ㄩㄣˋ,惲
ㄔㄣˊ,愖
ㄕㄤ,愓
ㄒㄧㄥ,惺
ㄎㄞˋ,愒
ㄜˋ,愕
ㄌㄥˋ,愣
ㄓㄨㄟˋ,惴
ㄗㄨㄥ,惾
ㄑㄧㄠˇ,愀
ㄏㄨㄤˊ,惶
ㄩˊ,愉
ㄍㄢˇ,感
ㄔㄡˊ,愁
ㄩˋ,愈
ㄎㄞˇ,慨
1.ㄑㄧㄢˋ2.ㄑㄧㄝˋ,慊
ㄘㄠˇ＊ㄙㄠ,慅
ㄏㄨㄤ,慌
ㄩㄣˋ,慍
ㄎㄞˋ,愾
ㄔㄨㄤˋ,愴
ㄎㄤ,慷
ㄩㄥ,慵
1.ㄘㄨㄥˊ2.ㄗㄠ,慒
ㄆㄧㄠˋ,慓
ㄑㄧㄣˊ,慬
ㄓㄜˊ,慴
ㄌㄧㄠˊ,憀
ㄌㄡˊ,慺
ㄇㄨˋ,慔
ㄘㄢˇ,慘
ㄗㄠˋ,慥
ㄊㄨㄥˋ,慟
ㄑㄧㄥˋ,慶
ㄔㄨㄥ,憃
ㄓˊ,慹
ㄊㄜˋ,慝
ㄒㄧㄢˋ,憲
ㄔㄨㄥ,憧
ㄌㄧㄢˊ,憐
ㄒㄧㄢˊ,憪
ㄊㄢˊ,憛
ㄌㄧㄠˊ,憭
ㄉㄢˋ,憚
ㄎㄨㄟˋ,憒
ㄨˇ,憮
ㄐㄧㄠ,憍
ㄏㄢ,憨
ㄧㄣˋ,憖
ㄅㄧㄝ,憋
ㄅㄟˋ,憊
ㄌㄧㄣˇ,懍
ㄏㄢˋ,憾
ㄘㄠˇ,懆
1.ㄋㄨㄥˊ2.ㄋㄠˊ,
ㄐㄩˋ,懅
ㄒㄩㄢ,懁
ㄒㄧㄝˋ,懈
ㄐㄧㄠˇ,憿
ㄠˋ,懊
ㄒㄧㄢ,憸
1.ㄧㄥ2.ㄧㄥˋ,應
ㄇㄠˋ,懋
ㄐㄧㄥˇ,憼
ㄇㄣˋ,懣
ㄑㄧˊ,懠
ㄋㄨㄛˋ,懦
ㄇㄥˊ,懞
ㄎㄨㄤˇ,懭
ㄧㄡˇ,懮
ㄌㄧㄡˊ,懰
ㄓˋ,懫
ㄌㄢˇ,懶
ㄇㄥˊ,懵
ㄓㄜˊ,懾
ㄏㄨㄢ,懽
ㄧˋ,懿
ㄋㄢˇ,戁
ㄐㄩㄝˊ,戄
1.ㄓㄨㄤˋ2.ㄍㄤˋ,戇
ㄨˋ,戊
ㄨㄛˇ,我
ㄏㄨㄛˋ,或
ㄐㄧㄢ,戔
ㄑㄧㄤˊ,戕
ㄑㄧ,戚
ㄎㄨㄟˊ,戣
ㄎㄢ,戡
ㄑㄧㄤˋ,戧
ㄧㄣˇ,戭
ㄌㄨˋ,戮
1.ㄒㄧˋ2.ㄏㄨ＊ㄏㄨㄟ,戲
ㄏㄨˋ,戽
ㄈㄤˊ,房
ㄌㄧˋ,戾
ㄐㄩㄥ,扃
1.ㄅㄧㄢˇ2.ㄆㄧㄢ,扁
ㄧˇ,扆
1.ㄕㄢˋ2.ㄕㄢ,扇
1.ㄓㄚˊ2.ㄓㄚ,扎
ㄉㄚˇ,打
ㄌㄜˋ,扐
ㄖㄥ,扔
1.ㄅㄚ2.ㄆㄚˊ,扒
ㄏㄢˋ,扞
ㄩ,扜
1.ㄍㄤ2.ㄎㄤˊ,扛
ㄧˇ,扡
ㄨˋ,扤
1.ㄔㄚ2.ㄓㄚˇ,扠
ㄎㄡˋ,扣
1.ㄒㄧˋ2.ㄍㄨˇ,扢
ㄔㄥˊ,承
ㄓㄣˇ,抌
ㄨㄣˋ,抆
ㄈㄨˊ＊ㄆㄨˊ,扶
ㄋㄧㄡˇ,扭
1.ㄅㄚˇ2.ㄅㄚˋ,把
ㄆㄧ,批
ㄓㄠˇ,找
ㄅㄢ,扳
ㄍㄨˇ,抇
ㄒㄧ,扱
ㄊㄡˊ,投
1.ㄓㄜˊ2.ㄕㄜˊ3.ㄓㄜ,折
1.ㄓㄨㄚ2.ㄔㄨㄚˇ,抓
ㄅㄢˋ,扮
ㄧㄠˇ,抭
ㄌㄚ,拉
ㄅㄢˋ,拌
ㄆㄥ,抨
ㄇㄧㄣˇ,抿
ㄈㄨˊ＊ㄅㄧˋ,拂
1.ㄇㄛˇ2.ㄇㄛˋ,抹
ㄐㄩˋ,拒
ㄑㄧㄝˋ,抾
ㄧㄝˋ,抴
ㄓㄠ,招
1.ㄊㄨㄛˋ2.ㄊㄚˋ＊ㄓˊ,拓
ㄆㄠ,拋
ㄆㄧ,披
ㄅㄚˊ,拔
ㄇㄨˇ,拇
ㄧㄚ,押
ㄋㄧㄢˊ＊ㄋㄧㄢˇ,拈
ㄓㄨㄛˊ,拙
ㄆㄢˋ,拚
ㄅㄠˋ,抱
ㄊㄨㄛ,拖
ㄐㄩ,拘
ㄆㄞ,拍
ㄉㄧˇ＊ㄓˇ,抵
1.ㄠˋ2.ㄋㄧㄡˋ3.ㄠˇ,拗
ㄔㄞ,拆
ㄓㄣˇ,抮
ㄑㄧㄝˋ,挈
ㄍㄨㄥˇ,拲
ㄨㄚ,挖
1.ㄊㄧㄠ2.ㄊㄧㄠˇ,挑
ㄍㄨㄚˋ,挂
ㄐㄧㄝˊ,拮
ㄓˇ,指
ㄓㄨㄞˋ,拽
ㄊㄨㄥˊ,挏
ㄔˇ,拸
1.ㄍㄨㄚ2.ㄎㄨㄛˋ,括
ㄍㄜˊ,挌
1.ㄗㄚˊ2.ㄗㄢˇ,拶
ㄕㄨㄢ,拴
1.ㄕˊ2.ㄕㄜˋ,拾
ㄖㄨˊ＊ㄋㄚˊ,挐
ㄆㄧㄣ,拼
ㄨㄢˊ,捖
ㄙㄨㄛ,挲
ㄕㄨㄟˋ＊ㄊㄨㄛ,挩
ㄑㄧㄡˊ＊ㄐㄧㄡˋ,捄
ㄅㄨˇ,捕
ㄨˇ,捂
ㄒㄧㄚˊ,挾
ㄓㄣˋ,振
1.ㄕㄠ2.ㄕㄠˋ,捎
ㄏㄢˋ,捍
ㄐㄩㄢ,捐
ㄅㄚ,捌
1.ㄌㄜˋ2.ㄌㄩˇ3.ㄌㄨㄛ,捋
ㄆㄡˊ,捊
ㄖㄨㄛˊ,挼
ㄘㄨㄛˋ,挫
ㄞ,挨
ㄐㄩㄣˋ,捘
ㄐㄧㄠˇ,捁
ㄊㄧㄥˇ,挺
ㄐㄩㄝˊ,捔
ㄑㄧㄢ,掔
ㄨㄢˋ,捥
ㄎㄨㄥˋ,控
1.ㄆㄡˊ2.ㄆㄡˇ,掊
ㄐㄧㄝ,接
ㄌㄧㄝˋ,捩
ㄌㄩㄝˋ,掠
ㄗㄨˊ,捽
ㄊㄢˋ,探
1.ㄧㄝˋ2.ㄧㄝ,掖
ㄐㄩㄢˇ,捲
ㄧㄢˋ,掞
ㄉㄨㄛˊ,掇
1.ㄙㄠˇ2.ㄙㄠˋ,掃
ㄐㄧㄝˊ,捷
ㄆㄥˇ,捧
ㄐㄩ＊ㄐㄩˋ,据
ㄐㄩㄝˊ,掘
ㄗㄡ,掫
ㄏㄨㄛˋ,掝
1.ㄧㄚˋ2.ㄧㄚˇ,掗
ㄘㄨㄛˋ,措
ㄧㄢˇ,掩
ㄔㄣ,捵
ㄉㄧㄠˋ,掉
1.ㄓㄥ2.ㄓㄥˋ,掙
1.ㄆㄞˊ2.ㄆㄞˇ,排
ㄖㄨㄛˊ,捼
ㄊㄠ,掏
ㄊㄨㄟ,推
ㄋㄧˇ,掜
ㄅㄞˇ,捭
ㄋㄧㄢˇ＊ㄋㄧㄝ,捻
1.ㄌㄨㄣˊ2.ㄌㄨㄣ,掄
ㄔㄜˋ,掣
ㄊㄧˋ,揥
ㄏㄨㄟ,揮
ㄍㄥˋ,揯
ㄐㄧㄢˇ,揃
ㄖㄡˊ,揉
ㄎㄨㄟˊ,揆
1.ㄑㄧㄢˊ2.ㄐㄧㄢˋ,揵
ㄒㄧㄝ,揳
ㄒㄩ,揟
ㄕㄜˊ,揲
ㄎㄞ,揩
1.ㄊㄧˊ2.ㄕˊ,提
ㄧ＊ㄐㄧˊ,揖
1.ㄐㄧㄝ2.ㄑㄧˋ,揭
ㄩㄢˋ,掾
ㄔㄨㄞˇ,揣
ㄩㄢˊ,援
ㄗㄨㄢˋ,揝
ㄏㄨㄤˊ,揘
ㄩˊ,揄
ㄧㄢˇ,揜
ㄒㄧㄠ,揱
ㄐㄧㄡ,揫
ㄍㄞˋ,摡
ㄏㄨㄟ,撝
ㄑㄧㄢ,搴
ㄏㄨㄚˊ,搳
ㄅㄥˋ＊ㄅㄤˇ,搒
ㄕㄢ,搧
ㄍㄠˇ,搞
ㄑㄩㄝˋ,搉
ㄔㄨˋ,搐
ㄋㄨㄛˋ,搦
ㄓㄢˇ,搌
ㄅㄛˊ,搏
ㄍㄜˊ,搹
ㄐㄧㄣˋ,搢
ㄌㄚ,搚
ㄙㄠ,搔
ㄏㄨˊ,搰
ㄉㄚ,搭
ㄔㄚˊ,搽
ㄨㄣˋ,搵
ㄧㄠˊ,搖
ㄔㄡ,搊
ㄔㄨㄟˊ,搥
ㄙㄡ,搜
ㄔㄨㄞ,搋
1.ㄑㄧㄤˇ2.ㄑㄧㄤ,搶
ㄇㄛˊ,摩
ㄓㄞ,摘
ㄔ,摛
ㄌㄨˋ,摝
ㄕㄨ,摴
ㄕㄢˋ,摲
ㄊㄨㄢˊ,摶
1.ㄅㄧㄠ2.ㄆㄧㄠˇ3.ㄅㄧㄠˋ,摽
ㄕㄜˋ,摵
ㄓㄜˊ,摺
ㄐㄧㄡ,摎
1.ㄌㄡˊ2.ㄌㄡ3.ㄌㄡˇ,摟
ㄌㄨㄛˋ,摞
ㄇㄛ,摸
ㄘㄨㄟ,摧
ㄕㄚ,摋
1.ㄔㄢ2.ㄘㄢˋ3.ㄕㄢˇ,摻
ㄔㄨㄤ,摐
ㄇㄛˊ,摹
1.ㄆㄧㄝ2.ㄆㄧㄝˇ,撇
ㄔㄜˋ,撤
ㄓㄨㄤˋ,撞
1.ㄌㄠ2.ㄌㄠˊ,撈
ㄅㄛ,撥
1.ㄓㄥˇ2.ㄔㄥˊ,撜
ㄒㄩㄣˊ,撏
ㄓㄨㄢˋ,撰
ㄋㄠˊ,撓
ㄍㄢˇ,撖
ㄉㄢˇ＊ㄊㄢˋ,撢
1.ㄙ2.ㄒㄧ,撕
ㄍㄨㄤˋ,撗
1.ㄙㄚ2.ㄙㄚˇ,撒
ㄐㄩㄝ,撅
ㄌㄧㄠˊ,撩
ㄘㄨㄛˋ,撮
1.ㄉㄢˇ2.ㄕㄢˋ,撣
ㄆㄨ,撲
ㄅㄛˋ,播
ㄑㄧㄠˋ,撬
ㄈㄨˇ,撫
ㄐㄧㄠˇ,撟
ㄅㄛˋ,擘
ㄐㄧˊ,擊
ㄩㄥˇ,擁
ㄌㄟˊ,擂
1.ㄉㄤˋ2.ㄉㄤˇ,擋
ㄘㄠ,操
ㄐㄩˋ,據
ㄌㄨˇ,擄
ㄍㄜˊ,擖
ㄑㄧㄥˊ,擏
ㄗㄜˊ,擇
ㄏㄨㄢˋ,擐
ㄔㄨˋ,擉
1.ㄉㄢ2.ㄉㄢˋ,擔
ㄐㄧㄢˇ,撿
1.ㄋㄧㄥˇ2.ㄋㄧㄥˋ,擰
ㄐㄧˇ,擠
ㄖㄨˋ,擩
ㄏㄨㄛˋ,擭
ㄊㄧˋ＊ㄓˊ,擿
ㄓˊ,擲
ㄐㄧㄝˊ,擷
ㄙㄡˇ,擻
ㄕㄨ,攄
ㄌㄩㄝˋ,擽
ㄌㄚˋ,擸
ㄌㄨㄥˇ,攏
ㄏㄨㄛˋ,攉
ㄏㄢˋ,攌
ㄖㄤˊ,攘
ㄒㄧㄢ,攕
ㄔㄢ,攙
ㄘㄨㄢ,攛
1.ㄕㄜˋ2.ㄋㄧㄝˋ,攝
ㄒㄧ,攜
ㄌㄨㄢˊ,攣
ㄌㄧˊ,攡
ㄇㄧˊ,攠
1.ㄗㄢˇ2.ㄘㄨㄢˊ,攢
ㄊㄤˇ,攩
ㄐㄧㄠˇ＊ㄍㄠˇ,攪
ㄆㄨ,
ㄕㄡ,收
ㄧㄡ,攸
1.ㄈㄤˋ2.ㄈㄤˇ,放
ㄅㄧㄣ＊ㄅㄢ,攽
ㄓㄥˋ,政
ㄠˊ＊ㄠˋ,敖
1.ㄐㄧㄠˋ2.ㄐㄧㄠ,教
1.ㄉㄨㄣ2.ㄉㄨㄟˋ,敦
1.ㄙㄢˋ2.ㄙㄢˇ,散
ㄎㄜˇ,敤
ㄑㄩ＊ㄡ,敺
1.ㄓㄣˋ2.ㄔㄣˊ,敶
1.ㄕㄨˋ2.ㄕㄨˇ3.ㄕㄨㄛˋ4.ㄘㄨˋ5.ㄙㄨˋ,數
1.ㄧˋ2.ㄉㄨˋ,斁
ㄌㄧㄢˋ,斂
ㄊㄞ,斄
1.ㄨㄣˊ2.ㄨㄣˋ,文
ㄈㄟˇ,斐
ㄉㄡˇ,斗
ㄌㄧㄠˋ,料
1.ㄒㄧㄝˊ2.ㄧㄝˊ,斜
ㄨㄛˋ,斡
ㄐㄧㄣ,斤
ㄔˋ,斥
ㄉㄨㄢˋ,斷
ㄈㄤ＊ㄆㄤˊ,方
1.ㄩˊ2.ㄨ,於
ㄧㄡˊ,斿
1.ㄕ2.ㄧˋ,施
ㄆㄤˊ＊ㄅㄤˋ,旁
ㄇㄠˊ＊ㄇㄠˋ,旄
ㄋㄧˇ,旎
1.ㄒㄩㄢˊ2.ㄒㄩㄢˋ,旋
ㄗㄨˊ,族
ㄧˇ,旖
ㄈㄢ,旛
ㄎㄨㄞˋ,旝
1.ㄖˋ2.ㄇㄧˋ,日
ㄒㄩㄣˊ,旬
1.ㄍㄢˋ2.ㄏㄢˋ,旰
ㄒㄧˊ,昔
1.ㄎㄨㄣ2.ㄏㄨㄣˊ,昆
ㄏㄨ,昒
ㄧˋ,易
ㄒㄧㄣ,昕
ㄏㄨㄣ,昏
ㄔㄤˇ,昶
ㄔㄨㄣ,春
ㄇㄟˋ,昧
ㄋㄧˋ,昵
ㄕˋ,是
ㄆㄟˋ,昢
1.ㄉㄧㄝˊ2.ㄧˋ,昳
ㄒㄩˇ,昫
ㄧㄢˋ,晏
ㄒㄩㄢ,晅
1.ㄏㄨㄤˇ2.ㄏㄨㄤˋ,晃
ㄔㄠˊ＊ㄓㄠ,晁
ㄔㄥˊ,晟
ㄓㄜˊ,晢
ㄏㄨㄢˇ,晥
ㄒㄧㄢˋ,晛
ㄐㄩㄣˋ,晙
ㄐㄧㄥˇ＊ㄧㄥˇ,景
ㄧㄢˇ,晻
ㄇㄧㄣˇ,暋
1.ㄩㄣ2.ㄩㄣˋ,暈
ㄒㄧㄚˊ,暇
ㄏㄜˋ,暍
1.ㄋㄨㄢˇ2.ㄒㄩㄢ,暖
ㄇㄧㄥˊ,暝
ㄓㄢˋ,暫
ㄏㄢˋ,暵
1.ㄅㄠˋ2.ㄆㄨˋ,暴
ㄊㄨㄥˊ,曈
ㄧˋ,曀
ㄕㄚˋ,
ㄒㄧㄤˋ,曏
ㄧㄠˋ,曜
ㄆㄨˋ,曝
ㄧˋ,曳
1.ㄑㄩ2.ㄑㄩˇ,曲
1.ㄍㄥ2.ㄍㄥˋ,更
ㄏㄜˊ,曷
1.ㄗㄥ2.ㄘㄥˊ,曾
ㄘㄢˇ,朁
1.ㄏㄨㄟˋ2.ㄎㄨㄞˋ3.ㄍㄨㄟˋ4.ㄏㄨㄟˇ,會
1.ㄧㄡˇ2.ㄧㄡˋ,有
ㄈㄨˊ,服
ㄈㄟˇ,朏
ㄊㄧㄠˋ,朓
ㄨㄤˋ,望
1.ㄓㄠ2.ㄔㄠˊ,朝
1.ㄑㄧˊ2.ㄐㄧ,期
1.ㄉㄨㄣˇ2.ㄋㄧㄝˋ,
ㄓㄨˊ,朮
ㄊㄧㄥ,朾
1.ㄆㄛˋ2.ㄆㄨˊ3.ㄆㄧㄠˊ,朴
ㄑㄧㄡˊ,朹
ㄐㄧ,机
ㄓㄨ,朱
ㄍㄢ,杆
ㄩˊ,杅
ㄑㄧˇ,杞
ㄍㄤ＊ㄍㄤˋ,杠
ㄧˊ＊ㄉㄨㄛˋ,杝
ㄉㄧˋ,杕
ㄔㄚ,杈
1.ㄅㄧㄠ2.ㄕㄠˊ,杓
ㄕㄢ,杉
ㄓㄨˇ,枓
ㄏㄤˊ,杭
ㄈㄤ,枋
1.ㄓㄣˇ2.ㄓㄣˋ,枕
ㄓㄨˋ,杼
ㄨㄤˇ,枉
ㄩㄢˊ,杬
1.ㄋㄧㄡˇ2.ㄔㄡˇ,杻
ㄆㄚˊ,杷
ㄓ＊ㄑㄧˊ,枝
ㄆㄧˊ＊ㄅㄧˋ,枇
ㄧㄚˊ,枒
ㄖㄨㄟˋ,枘
ㄧㄠˇ,杳
ㄍㄠˇ,杲
ㄍㄨㄛˇ,果
1.ㄇㄡˇ2.ㄇㄟˊ,某
ㄊㄨㄛˊ＊ㄉㄨㄛˋ,柁
ㄓㄨˋ,柱
ㄅㄧˋ,柲
ㄆㄧㄥˊ,枰
ㄋㄧˇ,柅
1.ㄐㄩˇ2.ㄍㄨㄟˋ,柜
ㄎㄜ,柯
ㄅㄧㄥˇ,柄
ㄍㄢ,柑
ㄐㄧㄚ,枷
ㄓㄚ,柤
ㄒㄧㄚˊ,柙
ㄧㄡˋ,柚
ㄓˇ,枳
ㄓㄨˋ,柷
ㄧㄤ,柍
ㄓㄚˋ,柵
ㄈㄨˊ,枹
ㄧˊ＊ㄉㄨㄛˋ,柂
1.ㄓˊ2.ㄉㄧㄝˊ,柣
1.ㄗㄨㄛˋ2.ㄗㄜˊ,柞
1.ㄍㄡˇ2.ㄐㄩˇ3.ㄍㄡ,枸
ㄅㄛˊ,柏
1.ㄈㄨ2.ㄈㄨˇ,柎
ㄉㄧˇ,柢
1.ㄔㄚˊ2.ㄓㄚ,查
ㄔㄞˊ＊ㄓㄞˋ,柴
ㄑㄧˋ,栔
ㄗㄞ,栽
ㄌㄧˋ,栗
1.ㄒㄧㄠˋ2.ㄐㄧㄠˋ,校
ㄏㄜˊ,核
ㄧˊ,桋
ㄕˋ,栻
1.ㄐㄧㄝˊ2.ㄐㄩˊ,桔
ㄒㄧ＊ㄑㄧ,栖
ㄎㄠˇ,栲
ㄌㄧˋ,栵
1.ㄩˋ2.ㄧㄡˇ,栯
ㄐㄧㄢˋ,栫
ㄒㄩˇ,栩
1.ㄍㄨㄤ2.ㄍㄨㄤˋ,桄
ㄊㄨㄥˊ,桐
ㄧˊ,栘
ㄨㄟˊ,桅
ㄒㄩㄣˊ,栒
ㄍㄨㄚ,栝
ㄍㄜˊ,格
1.ㄏㄥˊ2.ㄏㄤˊ,桁
1.ㄎㄨㄢˇ2.ㄏㄨㄢˊ,梡
ㄓㄨㄛˊ,梲
ㄊㄨㄥˇ,桶
ㄑㄧㄣ,梫
ㄒㄧㄝˋ,械
ㄑㄧㄡˊ,梂
ㄨˊ,梧
ㄅㄧˋ,梐
ㄈㄢˋ,梵
ㄐㄧㄚˊ,梜
ㄕㄠ,梢
ㄍㄢˇ,桿
ㄌㄧˊ,梩
ㄧㄥˇ,梬
ㄎㄨㄣˇ,梱
ㄊㄧㄥ,桯
ㄈㄨˊ,桴
ㄙㄨㄛ,梭
ㄍㄨˋ,梏
ㄒㄧㄠ,梟
ㄊㄧㄠˊ,條
ㄐㄧˊ,楖
ㄗㄡ,棸
ㄐㄧˊ,棘
ㄍㄨㄢ,棺
ㄑㄧㄤ,椌
ㄆㄡˇ,棓
ㄐㄧㄝ,椄
ㄑㄩㄢ,棬
ㄑㄧ＊ㄒㄧ,棲
ㄉㄧˋ,棣
ㄐㄩ,椐
ㄗㄡ,棷
ㄧㄚ,椏
ㄌㄥˊ,棱
ㄓˊ,植
ㄑㄧˊ,棋
ㄓㄢˋ,棧
ㄕㄣ,棽
ㄈㄣˊ,棼
ㄧˇ,椅
ㄍㄨㄣˋ,棍
ㄎㄜ,棵
ㄓㄠˋ＊ㄓㄨㄛ,棹
ㄘㄞˇ,棌
ㄓㄨㄟ,椎
1.ㄆㄧˊ2.ㄅㄟ,椑
ㄖㄣˇ,棯
ㄌㄨㄣˊ,棆
ㄏㄨㄣˊ,楎
ㄆㄧㄢˊ,楄
ㄧˊ,椸
ㄧㄡˊ,楢
ㄐㄧㄢˋ,楗
ㄒㄧㄝ,楔
ㄐㄧㄚˇ,椵
ㄅㄧˋ,楅
ㄔㄨˇ,楮
ㄓㄣ,椹
ㄧㄝˋ,楪
ㄎㄞˇ,楷
ㄓㄚ,楂
ㄐㄧˊ,楫
1.ㄐㄧㄝˊ2.ㄑㄧㄚˋ,楬
ㄨㄟ,椳
ㄓㄣ,楨
1.ㄏㄨˋ2.ㄎㄨˇ,楛
ㄌㄥˊ＊ㄌㄥˋ,楞
ㄒㄩㄢˋ,楥
ㄔㄨㄢˊ,椽
ㄩˇ,楀
ㄆㄧㄢˊ,楩
ㄕㄨㄣˇ,楯
ㄧㄝˋ,業
ㄖㄨㄥˊ,榮
ㄍㄨˇ,穀
1.ㄍㄢˋ2.ㄏㄢˊ,榦
1.ㄅㄤˇ2.ㄅㄥˋ,榜
ㄇㄧㄥˊ,榠
ㄘㄨㄟ,榱
ㄑㄩㄝˋ,榷
ㄔㄚˊ,槎
ㄉㄚˊ,榙
ㄑㄧ,榿
ㄊㄠ,槄
ㄒㄧˊ,榽
ㄔㄨㄟˊ,槌
ㄏㄨㄞˊ,槐
1.ㄑㄧㄤ2.ㄔㄥ,槍
ㄑㄧㄢˋ,槧
ㄋㄧㄝˋ,槷
1.ㄉㄧˊ2.ㄓㄜˊ,樀
ㄧㄤˋ,樣
ㄕㄨ,樗
ㄏㄨㄟˋ,槥
ㄓㄨㄤ,樁
ㄕㄨ,樞
ㄅㄧㄠ,標
ㄧㄡˇ,槱
ㄇㄢˊ,樠
ㄘㄨˋ,槭
ㄇㄢˊ,槾
ㄇㄛˊ,模
ㄈㄢˊ,樊
ㄙㄢˇ,槮
1.ㄘㄨㄥ2.ㄗㄨㄥ,樅
ㄔㄠˊ,樔
1.ㄩㄝˋ2.ㄌㄜˋ3.ㄧㄠˋ,樂
ㄒㄧ,橀
1.ㄊㄨㄥˊ2.ㄔㄨㄤˊ,橦
ㄓˊ,樴
ㄌㄧㄣˋ,橉
ㄗㄥ,橧
ㄔㄥˊ,橙
ㄙㄨˋ,橚
ㄋㄠˊ,橈
ㄊㄢˊ,橝
ㄈㄣˊ,橨
ㄎㄨ,橭
1.ㄏㄥˊ2.ㄏㄥˋ,橫
ㄐㄩㄝˊ,橛
ㄌㄠˇ,橑
ㄕㄢˋ,樿
ㄏㄨㄚˋ,樺
ㄆㄨˊ,樸
ㄖㄢˇ,橪
ㄑㄧㄠ,橇
ㄑㄧㄠˊ,橋
ㄒㄧ,樨
ㄐㄧˋ,檕
ㄧˇ,檥
ㄉㄤˇ,檔
ㄙㄡˇ,橾
ㄓㄜˊ,檡
ㄉㄢˋ＊ㄧㄢˊ,檐
ㄗㄨㄟˋ,檇
ㄎㄨㄞˋ,檜
ㄑㄧㄥˊ,檠
ㄐㄧㄝˊ,櫛
ㄅㄧㄣ,檳
1.ㄐㄧㄢˋ2.ㄎㄢˇ,檻
ㄓㄨㄛˊ,櫡
ㄓㄨㄛˊ＊ㄓㄠˋ,櫂
ㄌㄟˊ,櫑
1.ㄌㄧˋ2.ㄩㄝˋ,櫟
ㄏㄨㄞˊ,櫰
ㄋㄧㄝˋ,櫱
ㄌㄢˊ,欄
ㄅㄛˊ,欂
ㄐㄧㄢ,櫼
ㄌㄧˋ,欐
ㄓㄨˊ,欘
ㄘˋ,次
ㄒㄩ,欨
ㄎㄞˋ,欬
ㄕㄨㄛˋ,欶
ㄒㄧ＊ㄎㄜˊ,欷
1.ㄞˇ2.ㄟˋ,欸
ㄏㄨ,欻
ㄑㄧ＊ㄧ,欹
ㄑㄧㄣ,欽
ㄎㄢˇ,欿
ㄧㄣ,歅
ㄔㄨㄢˇ,歂
ㄑㄧㄢˋ,歉
ㄡ,歐
1.ㄒㄧˋ2.ㄕㄜˋ,歙
ㄆㄣ,歕
ㄩˊ,歟
1.ㄓㄥˋ2.ㄓㄥ,正
ㄨˇ,武
1.ㄨㄞ2.ㄨㄞˇ,歪
ㄓˋ,歭
ㄍㄨㄟ＊ㄎㄨㄟˋ,歸
ㄉㄞˇ,歹
ㄇㄛˋ＊ㄨㄣˇ,歾
ㄑㄧㄥˊ,殑
ㄆㄧㄠˇ,殍
ㄧㄝˋ,殗
ㄏㄨㄣ,殙
ㄨㄣ,殟
ㄔㄡˋ,殠
ㄐㄧㄣˇ,殣
ㄊㄧˋ,殢
1.ㄧㄣ2.ㄧㄢ3.ㄧㄣˇ,殷
1.ㄕㄚ2.ㄕㄞˋ,殺
ㄎㄜˊ,殼
ㄧㄠˊ,殽
ㄑㄧㄠ,毃
ㄐㄧˊ,毄
ㄡ＊ㄑㄩ,毆
ㄏㄨㄟˇ,毇
ㄨˊ,毋
ㄇㄟˇ,每
ㄉㄨˊ＊ㄉㄞˋ,毒
1.ㄅㄧˇ2.ㄅㄧˋ,比
ㄇㄠˊ,毛
ㄇㄠˋ,毣
ㄘㄨㄟˋ,毳
ㄊㄨㄛˋ,毻
ㄩˊ,毹
ㄇㄠˊ,氂
1.ㄕˋ2.ㄓ,氏
ㄉㄧ＊ㄉㄧˇ,氐
1.ㄇㄥˊ2.ㄇㄤˊ,氓
ㄑㄧˋ,气
ㄈㄣ,氛
ㄑㄧˋ,氣
ㄌㄩˋ,氯
ㄓㄥˇ,氶
ㄊㄧㄥ,汀
ㄓ,汁
ㄈㄢˋ,氾
ㄍㄨㄟˇ,氿
ㄆㄚˋ,汃
1.ㄘㄨㄢ2.ㄊㄨㄣˇ,汆
1.ㄏㄢˋ2.ㄏㄢˊ,汗
ㄨ,汙
ㄔˊ,池
ㄉㄞˋ,汏
ㄕㄢˋ,汕
ㄈㄢˋ,汎
ㄓㄨㄛˊ,汋
ㄍㄨㄥˇ,汞
ㄔㄣˊ,沉
ㄏㄤˋ,沆
ㄕㄣˇ,沈
ㄨㄣˋ,汶
ㄩㄣˊ,沄
ㄩㄢˊ,沅
ㄐㄩㄝˊ,決
ㄆㄟˋ,沛
ㄑㄧ,沏
1.ㄍㄨˇ2.ㄩˋ,汩
ㄔㄨㄥ,沖
ㄕㄚ,沙
1.ㄇㄛˋ2.ㄇㄟˊ,沒
ㄨˋ,沕
ㄨㄛˋ,沃
ㄉㄨㄣˋ,沌
ㄧˊ,沂
ㄊㄚˋ,沓
ㄑㄧㄢ,汧
1.ㄊㄨㄛˊ2.ㄉㄨㄛˋ,沱
ㄒㄩㄝˋ,泬
ㄓㄨˋ,注
ㄒㄩㄢˋ,泫
1.ㄇㄧˋ2.ㄅㄧˋ,泌
ㄆㄥ,泙
ㄇㄧㄣˇ＊ㄇㄧㄢˋ,泯
ㄧˊ,沶
ㄏㄨㄥˊ,泓
ㄈㄟˋ,沸
ㄇㄟˋ＊ㄏㄨㄟˋ,沬
1.ㄋㄧˊ2.ㄋㄧˋ,泥
1.ㄈㄚˇ2.ㄈㄚˊ,法
ㄍㄢ,泔
ㄍㄨ＊ㄍㄨˇ,沽
1.ㄒㄧㄝˋ2.ㄧˋ,泄
ㄌㄜˋ,泐
ㄩㄝˋ,泧
ㄅㄛ,波
ㄈㄨˊ,沷
1.ㄐㄩ2.ㄐㄩˇ3.ㄐㄩˋ,沮
ㄧㄤ,泱
ㄓㄢ,沾
ㄐㄩㄥˇ,泂
ㄈㄢˋ＊ㄈㄥˇ,泛
1.ㄓˋ2.ㄔˊ,治
1.ㄆㄠˋ2.ㄆㄠ,泡
ㄅㄛˊ,泊
ㄈㄨˊ,泭
ㄔˊ,泜
ㄧㄢˊ,沿
ㄒㄧㄠˊ,洨
ㄧˊ,洟
ㄏㄨㄢˊ,洹
1.ㄨㄚ2.ㄍㄨㄟ,洼
1.ㄒㄧˇ2.ㄒㄧㄢˇ3.ㄙㄚˇ4.ㄘㄨㄟˇ,洒
ㄨ,洿
ㄍㄨㄤ＊ㄏㄨㄤˇ,洸
1.ㄒㄧㄝˋ2.ㄧˋ,洩
1.ㄉㄨㄥˋ2.ㄊㄨㄥˊ,洞
1.ㄊㄠˊ2.ㄧㄠˊ,洮
ㄒㄩㄣˊ,洵
1.ㄒㄧˇ2.ㄒㄧㄢˇ,洗
ㄓㄨ,洙
ㄐㄧㄤˋ,洚
ㄈㄨˊ,洑
ㄓㄡ,洀
ㄖㄨˋ,洳
ㄑㄧㄚˋ,洽
ㄨㄢˇ,浣
ㄌㄤˋ,浪
ㄊㄧˋ,涕
ㄐㄧㄣˋ,浸
1.ㄊㄨㄣ2.ㄐㄩㄣ,涒
ㄙㄨˋ,涑
ㄒㄧㄠˋ,涍
ㄐㄧㄚˊ,浹
ㄧˋ,浥
ㄐㄩㄢ,涓
ㄕㄜˋ＊ㄉㄧㄝˊ,涉
ㄈㄨˊ,浮
ㄏㄠˋ,浩
ㄌㄧˋ,浰
ㄅㄤ,
1.ㄧㄡˊ2.ㄉㄧˊ,浟
ㄊㄨˊ,涂
ㄘㄨㄥˊ,淙
ㄍㄨㄢˋ,涫
ㄨㄛˋ,涴
ㄎㄨㄥ,涳
ㄌㄟˋ,淚
ㄔㄨㄣˊ,淳
1.ㄌㄧㄤˊ2.ㄌㄧㄤˋ,涼
ㄩ,淤
ㄧㄝˋ,液
1.ㄉㄢˋ2.ㄧㄢˇ,淡
ㄑㄧ,淒
ㄍㄨˇ,淈
ㄩˋ,淢
ㄉㄨㄥ,涷
ㄔˋ,淔
1.ㄑㄧㄢˇ2.ㄐㄧㄢ,淺
ㄌㄧㄣˊ,淋
ㄓㄨㄛˊ,涿
ㄧㄢ,淹
ㄊㄤˇ,淌
1.ㄏㄨㄣˋ2.ㄎㄨㄣ,混
1.ㄆㄧˋ2.ㄆㄟˋ,淠
ㄏㄜˊ,涸
ㄋㄠˋ,淖
ㄆㄧㄥˊ,淜
ㄓㄜˋ,淛
1.ㄋㄧㄢˇ2.ㄕㄣˇ,淰
ㄍㄢˋ,淦
ㄒㄧㄢˊ,涎
1.ㄏㄨㄣˊ2.ㄏㄨㄣˋ,渾
ㄧㄡˊ,游
ㄐㄧㄢ,湔
ㄍㄨㄟˇ,湀
ㄇㄧㄣˇ＊ㄇㄧㄢˋ＊ㄏㄨㄣ,湣
ㄑㄩˊ,渠
ㄧㄣ,湮
ㄒㄩˇ,湑
1.ㄓㄢˋ2.ㄉㄢ3.ㄓㄣˋ＊ㄔㄣˊ,湛
1.ㄒㄧㄝˋ2.ㄉㄧㄝˊ,渫
ㄍㄤˇ,港
ㄓㄚ,渣
1.ㄊㄤ2.ㄕㄤ,湯
ㄩˊ,湡
1.ㄎㄜˇ2.ㄏㄜˊ,渴
ㄏㄨㄥˊ,渱
ㄨㄟ,渨
1.ㄨㄛ2.ㄍㄨㄛ,渦
ㄖㄨㄛˋ,渃
ㄏㄨㄥ,渹
ㄉㄨㄥˋ,湩
ㄏㄨㄢˋ,渙
1.ㄐㄧㄡ2.ㄐㄧㄠˇ,湫
ㄈㄥˊ,渢
ㄆㄣˊ,湓
ㄍㄞˋ,溉
ㄍㄨㄟ,溈
ㄇㄧㄥˊ,溟
ㄏㄠˋ,滈
ㄌㄧㄢˊ,溓
ㄓㄚˋ,溠
ㄍㄡ,溝
ㄋㄧˋ＊ㄋㄧㄠˋ,溺
ㄆㄨˇ＊ㄈㄨ,溥
ㄎㄜˋ,溘
ㄉㄧㄢ,滇
1.ㄏㄨㄚˊ2.ㄍㄨˇ,滑
ㄨㄣ,溫
ㄨㄟˊ,溦
ㄓˋ,滍
ㄊㄠ,滔
ㄒㄧ,溪
ㄓㄨㄣˇ,準
1.ㄌㄧㄡˋ2.ㄌㄧㄡ,溜
ㄙㄡ,溲
1.ㄒㄧㄥˊ2.ㄧㄥˊ,滎
ㄎㄨㄛˋ,漷
ㄒㄩㄢˊ,漩
1.ㄓㄤˋ2.ㄓㄤˇ,漲
ㄌㄡˋ,漏
ㄌㄧㄢˊ,漣
ㄐㄧㄢˋ,漸
1.ㄡˋ2.ㄡ,漚
ㄘㄠˊ,漕
ㄕㄨˋ,漱
1.ㄆㄧㄠ2.ㄆㄧㄠˇ3.ㄆㄧㄠˋ,漂
ㄇㄢˇ,滿
ㄑㄧ,漆
ㄌㄧㄠˊ,漻
ㄌㄡˊ,漊
ㄇㄢˋ,漫
1.ㄊㄚˋ2.ㄌㄨㄛˋ,漯
ㄘㄨㄟˇ,漼
ㄕㄣˋ,滲
ㄘㄨㄥˊ,漎
ㄐㄧㄤ＊ㄐㄧㄤˋ,漿
ㄌㄧㄣˊ,潾
ㄌㄠˋ,澇
ㄐㄩㄝˊ,潏
1.ㄉㄥˋ2.ㄔㄥˊ,澄
ㄒㄧㄠ,潚
ㄒㄩㄣˋ,潠
ㄐㄧㄠ,澆
ㄕㄨˋ,澍
1.ㄆㄥ2.ㄆㄥˊ,澎
ㄍㄢˇ,澉
ㄊㄢˊ,潭
1.ㄈㄣˊ2.ㄆㄣ,濆
ㄙ,澌
ㄏㄨㄤˊ,潢
ㄑㄧㄢˊ,潛
1.ㄌㄠˇ2.ㄌㄧㄠˊ＊ㄌㄠˋ,潦
ㄉㄢˋ,潬
ㄎㄨㄟˋ,潰
ㄐㄧㄢˋ,澗
ㄆㄢ,潘
ㄉㄤˋ,潒
ㄔㄢˊ,澶
ㄩㄥ,澭
ㄏㄨㄢˇ,澣
1.ㄇㄧㄣˇ2.ㄕㄥˊ,澠
ㄍㄨㄛ,濄
ㄏㄨㄟˋ,濊
ㄗㄜˊ,澤
ㄏㄨㄢˊ,澴
1.ㄉㄢˋ2.ㄊㄢˊ,澹
ㄠˋ,澳
ㄎㄨㄞˋ,澮
ㄒㄩㄝˊ,澩
ㄋㄧㄥˋ,濘
1.ㄐㄧˇ2.ㄐㄧˋ,濟
ㄒㄧㄥˊ,濴
ㄖㄨˊ,濡
ㄐㄧㄣˋ,濜
ㄊㄠˊ,濤
ㄌㄢˋ,濫
ㄇㄧˇ,濔
ㄓㄨㄛˊ,濯
1.ㄒㄧˊ2.ㄕ,濕
ㄇㄥˊ,濛
ㄞˋ,濭
ㄏㄨㄛˋ,濩
ㄆㄧˋ,濞
ㄕㄣˇ,瀋
ㄒㄧㄝˋ,瀉
ㄅㄧㄠ,瀌
ㄧㄤˋ,瀁
ㄉㄨˊ＊ㄉㄡˋ,瀆
1.ㄐㄧㄢˋ2.ㄐㄧㄢ,濺
1.ㄆㄨˋ2.ㄅㄠˋ,瀑
ㄇㄧㄝˋ,瀎
ㄌㄨㄛˋ,濼
ㄑㄧㄣ,瀙
1.ㄌㄨㄥˊ2.ㄕㄨㄤ,瀧
ㄧㄥˊ,瀠
1.ㄉㄨㄟˋ2.ㄨㄟˇ,瀢
ㄅㄧㄣ,瀕
ㄖㄤˊ,瀼
ㄈㄣˋ,瀵
ㄇㄧˊ,瀰
ㄧˋ,瀷
ㄧㄥ,瀴
1.ㄌㄢˊ2.ㄌㄢˋ,瀾
ㄌㄧㄢˋ,瀲
ㄔㄢˊ,瀺
ㄩㄝˋ,瀹
1.ㄓㄨㄛˊ2.ㄐㄧㄠˋ,灂
ㄑㄧㄢˊ,灊
ㄩㄥ,灉
ㄙㄚˇ,灑
ㄌㄢˊ,灡
ㄐㄧㄡˇ,灸
ㄎㄤˋ,炕
ㄐㄩㄝˊ,炔
ㄔㄨㄟ,炊
ㄒㄧㄣ,炘
ㄐㄩㄥˇ,炅
ㄓˋ,炙
ㄧㄢˊ,炎
ㄓㄨˋ,炷
ㄓㄠˋ,炤
1.ㄆㄠˊ2.ㄆㄠˋ3.ㄅㄠ,炮
1.ㄓㄚˋ2.ㄓㄚˊ,炸
1.ㄨㄟˊ2.ㄨㄟˋ,為
ㄒㄩㄢˇ,烜
ㄨㄟ,烓
ㄏㄨㄥ,烘
1.ㄌㄨㄛˋ2.ㄌㄠˋ,烙
ㄓㄥ,烝
ㄒㄧㄠ,烋
ㄨ,烏
ㄐㄩㄣˋ,焌
ㄧㄢ,焉
ㄔㄨㄣˊ,焞
ㄎㄨㄣ,焜
ㄧㄢˋ,焰
ㄈㄣˊ,焚
1.ㄨˊ2.ㄇㄛˊ,無
ㄐㄧㄠ,焦
ㄧㄢˋ,焱
ㄏㄨㄟ,煇
ㄨㄟˇ,煒
ㄧㄢ,煙
ㄓㄚˊ,煠
ㄧㄤˊ,煬
ㄒㄧㄚˋ,煆
ㄏㄨㄤˊ,煌
ㄋㄨㄢˇ,煖
ㄕㄢˋ,煔
ㄐㄧㄢ,煎
ㄒㄩˇ,煦
1.ㄕㄚˋ2.ㄕㄚ,煞
ㄕㄢ,煽
ㄇㄧㄥˊ,熐
ㄏㄜˋ,熇
ㄩㄣˊ,熉
ㄩㄣˋ,熅
ㄒㄩㄣ,熏
ㄏㄢˋ,熯
ㄧˋ,熠
1.ㄩㄣˋ2.ㄩˋ,熨
ㄕㄡˊ,熟
ㄠˊ,熬
1.ㄉㄨㄣˋ2.ㄉㄨㄣ,燉
ㄌㄧㄣˊ,燐
ㄒㄩㄣˊ,燖
ㄕㄠ,燒
ㄑㄧㄢˊ,燂
ㄏㄨㄤˊ,熿
ㄌㄧㄠˊ,燎
ㄇㄣˋ,燜
1.ㄔㄢˇ2.ㄉㄢˇ,燀
ㄧㄝˋ,燁
ㄐㄧㄠ,燋
1.ㄧㄢˋ2.ㄧㄢ,燕
ㄧㄢˋ,燄
1.ㄗㄠˋ2.ㄙㄠˋ,燥
ㄩˋ,燠
ㄌㄢˋ,爁
ㄊㄠˊ,燾
ㄧㄠˋ,燿
ㄎㄨㄤˋ＊ㄏㄨㄤˇ,爌
ㄅㄠˋ,爆
ㄖㄜˋ,爇
ㄧㄢˋ,爓
ㄩㄝˋ,爚
ㄔㄨㄥˊ,爞
1.ㄓㄠˇ2.ㄓㄨㄚˇ,爪
ㄓㄥ,爭
ㄐㄩㄝˊ＊ㄑㄩㄝˋ,爵
1.ㄈㄨˋ2.ㄈㄨˇ,父
ㄉㄧㄝ,爹
ㄧㄠˊ,爻
1.ㄑㄧㄤˊ2.ㄅㄢˋ,爿
ㄆㄧㄢˋ,片
ㄊㄡˊ,牏
ㄔㄥ,牚
1.ㄇㄡˊ2.ㄇㄨˋ,牟
ㄇㄨˇ,牡
ㄊㄚ,牠
ㄑㄧㄢ,牽
ㄌㄧˊ,犁
ㄓˊ,犆
ㄐㄧ,犄
1.ㄐㄧㄢ2.ㄑㄧㄢˊ,犍
ㄅㄟˋ＊ㄈㄨˊ,犕
ㄌㄧˊ,犛
ㄅㄠˋ,犦
ㄒㄧ,犧
ㄢˋ,犴
ㄏㄨㄢ,犿
ㄧˊ,狋
ㄋㄧˇ,狔
ㄉㄢˋ,狚
ㄐㄩ,狙
ㄕㄥ,狌
ㄐㄩˋ,狊
ㄕㄡˋ,狩
ㄏㄣˇ,狠
ㄊㄨㄥˊ,狪
ㄌㄤˊ,狼
ㄅㄧˋ,狴
ㄒㄧ,狶
1.ㄧ2.ㄧˇ3.ㄜˇ,猗
ㄒㄧㄠ,猇
ㄧㄢˋ,猒
ㄅㄧㄢ,猵
ㄧㄡˊ,猶
ㄋㄠˊ,猱
ㄒㄧㄥ,猩
1.ㄒㄧㄝ2.ㄏㄜˋ,猲
ㄧㄚˋ,猰
ㄅㄛˊ,猼
ㄩㄢˊ,獂
ㄉㄞ,獃
ㄇㄢˋ,獌
ㄧㄠˋ,獟
ㄌㄧㄠˊ,獠
ㄍㄜˊ,獦
ㄐㄧㄠˋ,獥
ㄎㄨㄞˋ,獪
1.ㄋㄡˋ2.ㄖㄨˊ,獳
ㄏㄨㄛˋ,獲
ㄍㄨㄤˇ,獷
ㄋㄠˊ,獶
ㄊㄚˋ,獺
ㄒㄧㄢˋ,獻
ㄋㄠˊ,獿
1.ㄒㄩㄢˊ2.ㄗ,玆
1.ㄕㄨㄞˋ2.ㄌㄩˋ,率
1.ㄨㄤˊ2.ㄨㄤˋ,王
ㄩˋ,玉
ㄉㄧㄥ,玎
ㄨㄣˊ,玟
ㄨㄢˊ,玩
ㄆㄧㄣˊ,玭
ㄅㄧㄣ,玢
ㄉㄧㄢˋ,玷
ㄦˇ,珥
ㄘˇ,玼
ㄌㄤˊ,琅
ㄉㄧˋ,珶
ㄒㄩㄢˋ,琄
ㄔㄥˊ,珵
ㄒㄩㄢˊ,琁
ㄒㄧㄡˋ,琇
ㄏㄢˋ,琀
ㄘㄨㄥˊ,琮
ㄍㄨㄢˇ,琯
ㄔㄣ,琛
ㄓㄣ,瑊
1.ㄔㄤˋ2.ㄧㄤˊ,瑒
ㄇㄟˋ,瑁
ㄌㄤˊ,瑯
ㄘㄨㄛ,瑳
ㄊㄧㄢˋ,瑱
ㄑㄧㄤ,瑲
ㄧㄥˊ,瑩
ㄌㄧㄢˊ,璉
ㄐㄧㄣˇ,瑾
ㄘㄨㄥ,璁
ㄙㄨㄛˇ,璅
ㄌㄧㄣˊ,璘
ㄐㄩㄝˊ＊ㄑㄩㄥˊ,璚
ㄐㄧㄥˇ,璟
ㄅㄧㄣ,璸
ㄖㄨㄢˇ,瓀
ㄆㄠˊ,瓟
ㄏㄨˋ,瓠
ㄨㄚˇ,瓦
ㄉㄤˋ,瓽
ㄆㄡˇ,瓿
ㄓㄨㄟˋ,甀
ㄓㄣ,甄
ㄑㄧˋ,甈
ㄉㄢ,甔
ㄧㄢˇ,甗
1.ㄕㄣˋ2.ㄕㄣˊ,甚
ㄕㄥ,生
ㄈㄨˇ,甫
ㄋㄧㄥˋ＊ㄋㄧㄥˊ,甯
ㄊㄧㄢˊ＊ㄉㄧㄢˋ,田
ㄐㄧㄚˇ,甲
1.ㄊㄧㄥˇ2.ㄉㄧㄥ,町
ㄉㄧㄢˋ,甸
ㄇㄥˊ,甿
ㄑㄩㄢˇ,甽
ㄑㄩㄢˇ,畎
ㄩㄣˊ,畇
ㄊㄧㄢˊ,畋
ㄇㄨˇ,畝
ㄓㄣˇ,畛
1.ㄔㄨˋ2.ㄒㄩˋ,畜
ㄓˋ,畤
ㄑㄧˊ,畦
1.ㄈㄢ2.ㄆㄢ,番
1.ㄩˊ2.ㄕㄜ,畬
1.ㄉㄤ2.ㄉㄤˋ＊ㄉㄤˇ,當
ㄐㄧ,畿
ㄐㄧㄤ,疆
ㄉㄧㄝˊ,疊
ㄕㄨ＊ㄆㄧˇ＊ㄧㄚˇ,疋
ㄕㄨ,疏
ㄓˋ,疐
ㄅㄧˇ,疕
ㄕㄢˋ,疝
ㄍㄜ,疙
ㄐㄩ,疽
ㄉㄢˇ,疸
ㄉㄧㄢˋ,痁
ㄊㄥˊ,疼
ㄓㄣˇ,疹
ㄐㄧㄝ,痎
ㄧㄤˇ,痒
ㄘ,疵
ㄊㄨㄛ,痑
ㄆㄨ,痡
ㄆㄧˇ,痞
ㄇㄟˋ,痗
ㄍㄨㄢˇ,痯
ㄩ,瘀
ㄜ,痾
ㄉㄧㄢˇ,痶
ㄔ,痴
ㄈㄟˋ,痱
ㄨㄟˇ,痿
1.ㄅㄧˋ2.ㄅㄟ,痺
ㄌㄧㄣˊ,痳
ㄌㄚˋ,瘌
ㄐㄧㄚˇ,瘕
ㄍㄨㄛ,瘑
ㄋㄩㄝˋ,瘧
ㄩˋ,瘉
1.ㄐㄧˋ2.ㄑㄧˋ,瘈
ㄔㄞˋ,瘥
ㄐㄧˊ,瘠
ㄙㄠ,瘙
ㄏㄨㄟˋ,瘣
ㄌㄡˋ,
ㄌㄠˊ,癆
ㄌㄧㄠˊ,療
1.ㄉㄢˋ2.ㄉㄢ,癉
ㄞˊ,癌
ㄐㄧㄝˊ,癤
ㄨㄟ,癐
ㄐㄧˋ,癠
ㄅㄧㄝˇ,癟
ㄌㄞˋ,癩
ㄒㄧㄢˇ,癬
ㄅㄚˊ,癹
ㄈㄚ,發
ㄉㄥ,登
ㄅㄞˊ,白
1.ㄅㄞˇ2.ㄅㄛˊ,百
ㄒㄧㄤ,
1.ㄉㄧˋ2.ㄉㄧˊ3.˙ㄉㄜ,的
ㄏㄨㄤˊ,皇
ㄍㄠ,皋
ㄨㄢˇ,皖
ㄒㄧㄠˋ,皛
ㄐㄧㄠˋ,皭
ㄍㄢˇ,皯
ㄑㄩㄝˋ,皵
ㄓㄢˇ,皽
ㄇㄧㄣˇ,皿
ㄓㄨㄥ,盅
ㄧˋ,益
ㄏㄜˊ,盉
ㄨ,盓
1.ㄕㄥˋ2.ㄔㄥˊ,盛
ㄇㄥˊ＊ㄇㄥˋ,盟
ㄐㄧㄣˋ,盡
1.ㄐㄧㄢ2.ㄐㄧㄢˋ,監
ㄍㄨㄢˋ,盥
ㄉㄤˋ,盪
1.ㄉㄧㄥ2.ㄔㄥ,盯
ㄇㄤˊ,盲
ㄉㄢ,眈
ㄩㄣˊ,眃
ㄇㄧㄢˇ,眄
ㄇㄧㄠˇ＊ㄇㄧㄠˋ,眇
ㄒㄩㄢˊ,盷
ㄇㄠˋ,眊
ㄉㄨㄣˇ,盹
ㄒㄧˋ,盻
1.ㄕㄥˇ2.ㄒㄧㄥˇ,省
1.ㄎㄢˋ2.ㄎㄢ,看
ㄉㄨㄣˋ,盾
1.ㄒㄧㄤ2.ㄒㄧㄤˋ,相
ㄒㄩㄢˋ,眩
ㄇㄧㄢˊ＊ㄇㄧㄢˋ,眠
ㄕㄣ,眒
1.ㄔˋ2.ㄧˊ,眙
ㄧㄠˇ,眑
ㄩㄢ,眢
1.ㄇㄧˇ2.ㄇㄧ,眯
ㄎㄨㄤ,眶
ㄧˊ,眱
ㄧㄢˇ,眼
ㄙㄨㄟ,眭
ㄋㄜˋ,眲
ㄇㄧㄥˊ,眳
ㄒㄩㄢˋ,眴
ㄇㄛˋ,眽
ㄗˋ,眥
ㄓㄨㄥˋ,眾
ㄉㄧˋ,睇
ㄨㄢˇ,睕
ㄧㄞˊ,睚
ㄙㄨㄟ,睢
1.ㄧˋ2.ㄍㄠ,睪
ㄎㄨㄟˊ,睽
ㄊㄧˊ,睼
ㄇㄠˋ,瞀
ㄍㄠ,睾
1.ㄇㄧㄥˊ2.ㄇㄧㄢˋ＊ㄇㄧㄢˊ,瞑
ㄇㄧ,瞇
ㄙㄡˇ,瞍
ㄑㄩㄥˊ,瞏
ㄆㄧㄠˇ,瞟
ㄇㄢˊ,瞞
ㄌㄡ,瞜
ㄇㄥˊ＊ㄇㄥˋ,瞢
ㄌㄧㄣˊ,瞵
ㄉㄥˋ,瞪
ㄕㄣˇ,瞫
1.ㄌㄧㄠˇ2.ㄌㄧㄠˋ,瞭
ㄍㄨㄟˋ,瞶
1.ㄑㄩˊ2.ㄐㄩˋ,瞿
ㄆㄧㄣˊ,矉
1.ㄇㄥˊ2.ㄇㄥ,矇
ㄎㄨㄤˋ,矌
ㄒㄩㄢ,矎
ㄏㄨㄛˋ,矐
ㄍㄨㄢˋ,矔
ㄇㄢˇ,矕
ㄐㄧㄣ＊ㄍㄨㄢ,矜
ㄩˋ＊ㄐㄩㄝˊ,矞
1.ㄘㄜˋ2.ㄗㄜˊ,矠
ㄓ＊ㄓˋ,知
ㄏㄨㄛˋ,矱
1.ㄕˊ2.ㄉㄢˋ,石
ㄍㄢ,矸
1.ㄑㄧㄤ2.ㄐㄧㄤ,矼
ㄎㄨˋ,矻
ㄊㄨㄛ,矺
1.ㄑㄧˋ2.ㄑㄧㄝˋ,砌
ㄅㄧㄣ,砏
ㄐㄧㄝˋ,砎
ㄏㄨㄛˋ,砉
ㄧㄢˊ＊ㄧㄢˋ,研
ㄓㄨˋ,砫
ㄆㄥ,砰
ㄌㄨㄛˇ,砢
ㄈㄚˇ,砝
ㄐㄩ,砠
ㄅㄧㄢ,砭
ㄓㄚˋ,砟
ㄉㄧˇ,砥
ㄋㄨˇ,砮
ㄒㄧㄥˊ,硎
ㄎㄥ,硍
ㄨㄟˇ,硊
1.ㄍㄜˋ2.ㄌㄨㄛˋ,硌
ㄌㄤˊ,硠
ㄎㄥ,硜
ㄒㄧㄠ,硝
ㄜˊ,硪
ㄑㄩㄝˋ,确
ㄕㄚ,硰
ㄔㄜˋ,硩
ㄑㄧˊ,碕
ㄆㄥˊ,硼
ㄌㄨˋ,碌
ㄉㄨㄟˋ＊ㄉㄨㄟ,碓
ㄅㄛ,碆
ㄓㄣ,碪
ㄉㄧㄝˊ,碟
ㄕㄨㄛˋ,碩
ㄉㄤˋ,碭
ㄐㄧㄝˊ,碣
ㄨㄟ,碨
ㄓㄨㄟˋ＊ㄔㄨㄟˊ,硾
ㄐㄧㄚˊ,磍
1.ㄅㄤˋ2.ㄆㄤ,磅
ㄑㄩㄝˋ,碻
ㄘㄨㄛ,磋
ㄋㄧㄢˇ,碾
ㄎㄜ,磕
ㄊㄧㄢˊ,磌
ㄨㄟˋ,磑
ㄎㄨㄟˇ,磈
ㄙ,磃
ㄠˊ,磝
ㄘㄨㄟ,磪
1.ㄇㄛˊ2.ㄇㄛˋ,磨
ㄌㄧㄣˊ,磷
ㄗㄥ,磳
ㄉㄥˋ,磴
ㄑㄧㄠ,磽
1.ㄆㄢˊ2.ㄅㄛ,磻
ㄌㄟˋ,礌
1.ㄏㄜˊ2.ㄑㄧㄠˋ,礉
ㄑㄩㄝˋ,礐
ㄐㄧㄢ,礛
ㄩˋ,礜
ㄎㄨㄤˋ,礦
ㄒㄧㄢˊ,礥
ㄌㄟˊ＊ㄌㄟˇ,礧
ㄌㄧˋ,礫
ㄌㄨㄥˊ,礱
ㄕˋ,示
ㄩㄝˋ,礿
ㄓˇ,祉
ㄉㄨㄟˋ,祋
ㄓㄨㄥˋ,祌
1.ㄑㄧˊ2.ㄓˇ,祇
ㄑㄧˊ,祈
ㄗㄨˇ,祖
ㄕㄣˊ,神
1.ㄇㄧˋ2.ㄅㄧˋ,祕
ㄊㄧㄠˊ,祒
ㄈㄨˊ,祓
ㄓㄨˋ,祝
ㄍㄨㄟˇ,祪
ㄆㄧㄠˋ＊ㄆㄧㄠ,票
1.ㄐㄧˋ2.ㄓㄞˋ,祭
1.ㄐㄧㄣˋ2.ㄐㄧㄣ,禁
ㄊㄧˊ,禔
ㄧㄤˊ,禓
ㄩㄥˋ,禜
1.ㄔㄢˊ2.ㄕㄢˋ,禪
ㄒㄧ,禧
ㄍㄨㄟˋ,禬
ㄉㄠˇ,禱
1.ㄋㄧˇ2.ㄇㄧˊ,禰
ㄖㄤˊ,禳
ㄩㄝˋ,禴
ㄖㄡˊ,禸
ㄩˊ,禺
ㄌㄧˊ,离
ㄏㄠˋ,秏
1.ㄇㄧˋ2.ㄅㄧˋ,秘
1.ㄔㄥˋ2.ㄆㄧㄥˊ,秤
ㄆㄧ,秠
ㄧㄤ,秧
ㄐㄧㄚˊ,秸
ㄧˊ,移
ㄕㄨㄟˋ,稅
ㄕㄠ,稍
ㄈㄨ,稃
ㄌㄥˊ,稜
ㄐㄧ,稘
ㄎㄜ,稞
ㄔㄡˊ,稠
ㄅㄧㄥˇ＊ㄌㄧㄣˇ,稟
ㄒㄩ,稰
ㄗㄨㄥ,稯
1.ㄓㄨㄥˇ2.ㄓㄨㄥˋ,種
1.ㄔㄥ2.ㄔㄥˋ,稱
1.ㄐㄧ2.ㄑㄧˇ,稽
ㄓㄣˇ,稹
ㄊㄨㄥˊ,穜
ㄏㄨㄟˋ,穢
ㄏㄨㄛˋ,穫
ㄖㄤˊ,穰
ㄒㄩㄝˋ,穴
ㄐㄧㄡˋ,究
ㄑㄩㄥ,穹
1.ㄎㄨㄥ2.ㄎㄨㄥˋ,空
ㄊㄨˊ,突
ㄧㄠˇ,穾
ㄓㄨㄣ,窀
ㄧㄠˇ,窅
ㄓㄞˇ,窄
ㄌㄧㄠˊ,窌
ㄨㄚ,窊
ㄧㄠˇ,窔
ㄍㄨㄟ,窐
ㄓˋ,窒
ㄊㄧㄠˇ＊ㄧㄠˊ,窕
ㄐㄩㄥˇ,窘
ㄙㄨˋ,窣
ㄧㄣˋ,窨
ㄩˊ,窬
ㄌㄧㄠˋ,窲
ㄊㄧㄢˊ,窴
ㄩˇ,窳
ㄎㄨㄟ,窺
1.ㄐㄩˋ2.ㄌㄡˊ,窶
ㄔㄥ,竀
ㄘㄨㄟˋ,竁
ㄘㄨㄢˋ,竄
ㄌㄧˋ,立
ㄑㄩˇ,竘
ㄐㄩㄣˋ,竣
ㄎㄢˋ,竷
ㄓㄨˊ,竺
ㄍㄢ,竿
ㄍㄤ,笐
ㄅㄚ,笆
ㄆㄧˊ＊ㄅㄧˋ,笓
ㄧㄠˊ,笅
ㄏㄨˋ,笏
ㄓㄠˋ,笊
ㄇㄧㄣˇ,笢
ㄍㄜˇ,笴
ㄉㄚˊ,笪
ㄕㄢ,笘
ㄈㄢˊ,笲
ㄗㄜˊ,笮
ㄌㄧㄥˊ,笭
ㄐㄧㄠˇ,筊
ㄊㄨㄥˇ,筒
ㄙㄨㄣˇ,筍
ㄍㄨㄚ,筈
1.ㄉㄚˊ2.ㄉㄚ,答
ㄌㄤˊ,筤
ㄊㄨㄥˇ,筩
1.ㄐㄧㄚˊ2.ㄘㄜˋ,筴
ㄕㄠ,筲
ㄐㄧㄢˇ,筧
ㄔˊ,箈
ㄅㄛˊ,箔
ㄕㄚˋ,箑
ㄐㄧㄥ,箐
ㄙㄨㄢˋ,算
ㄐㄩㄣˋ,箘
1.ㄆㄞˊ2.ㄅㄟ,箄
ㄓㄨˋ,箸
ㄧˊ,箷
ㄇㄧㄠˇ,篎
ㄅㄧㄢ,箯
ㄩㄝ,箹
ㄔㄨㄟˊ,箠
ㄆㄤˊ,篣
ㄍㄡ,篝
ㄕㄞ,篩
ㄙㄨㄢˇ＊ㄓㄨㄢˋ＊ㄗㄨㄢˇ,篹
ㄅㄧˋ,篦
ㄘㄨˋ,簇
ㄊㄨㄢˊ,篿
ㄘㄜˋ,簎
ㄌㄡˇ,簍
ㄍㄨㄛˊ,簂
ㄘㄣ,篸
ㄗㄠˋ,簉
ㄧˊ,簃
ㄒㄧˇ,簁
ㄉㄤˋ,簜
ㄌㄠˊ,簩
ㄙㄨㄣˇ,簨
ㄈㄨˇ,簠
ㄗㄢ,簪
ㄌㄧㄠˊ,簝
ㄐㄧㄠ,簥
ㄅㄨˋ＊ㄅㄛˊ,簿
1.ㄅㄛˇ2.ㄅㄛˋ,簸
ㄍㄡ,簼
ㄉㄤ,簹
ㄓㄨㄚ,簻
ㄊㄧˋ,籊
ㄐㄧˊ,籍
ㄕㄨˋ,籔
ㄌㄨㄥˊ,籠
ㄐㄧㄢ,籛
ㄑㄩˊ,籧
ㄏㄜˊ,籺
1.ㄋㄩˇ2.ㄓㄨㄤ,籹
ㄘㄨ,粗
ㄋㄧㄢˊ,粘
ㄗ,粢
1.ㄓㄡ2.ㄓㄨˋ3.ㄩˋ,粥
ㄍㄥ,粳
ㄗㄨㄥˋ,粽
ㄖㄡˊ,糅
ㄒㄩˇ,糈
ㄏㄨˊ,糊
ㄇㄧˊ,糜
ㄘㄠ,糙
ㄌㄧˋ,糲
ㄌㄢˋ,糷
ㄇㄧˋ,糸
ㄐㄧㄡ,糾
ㄐㄧˋ,紀
1.ㄏㄨㄥˊ2.ㄍㄨㄥ,紅
ㄩㄝ,約
ㄏㄜˊ,紇
ㄒㄩㄣˊ,紃
ㄕㄨ,紓
ㄆㄧ,紕
ㄈㄡˊ,紑
ㄕㄚ,紗
ㄖㄣˋ,紝
ㄔㄨㄣˊ,純
ㄐㄧㄣ,紟
ㄈㄣ,紛
ㄐㄧㄝˋ,紒
ㄙㄨㄛˇ,索
ㄊㄨㄥˇ,統
ㄕㄠˋ,紹
1.ㄔㄡˊ2.ㄔㄡ,紬
ㄐㄩㄥˇ,絅
ㄔㄨˋ,絀
ㄕ,絁
ㄑㄩˊ,絇
1.ㄓㄣˇ2.ㄊㄧㄢˇ,紾
ㄓㄚˊ,紮
1.ㄌㄟˇ2.ㄌㄟˋ,累
ㄐㄧㄠˇ,絞
ㄍㄞ,絯
ㄅㄥ,絣
ㄘˋ,絘
ㄍㄨㄚˋ,絓
1.ㄐㄧㄝˊ2.ㄐㄧㄝ,結
ㄊㄨㄥˊ,絧
1.ㄌㄨㄛˋ2.ㄌㄠˋ,絡
1.ㄐㄧˇ2.ㄍㄟˇ,給
ㄐㄩㄢˋ,絭
ㄒㄩˋ,絮
ㄒㄧㄝˊ＊ㄐㄧㄝˊ,絜
ㄑㄧㄣ,綅
ㄈㄨˊ,綍
ㄍㄥˇ,綆
ㄒㄧㄠ,綃
ㄐㄩㄢˋ,絹
ㄨㄣˋ,絻
ㄙㄨㄟ,綏
ㄨㄢˇ,綰
ㄌㄧˋ,綟
ㄘㄨㄟˋ,綷
ㄑㄩㄢˇ,綣
ㄊㄢ,緂
ㄓㄨㄟˋ,綴
ㄑㄧ,緁
ㄑㄧ,緀
ㄑㄧㄢˋ,綪
ㄩˋ,緎
1.ㄔㄣ2.ㄌㄧㄣˊ,綝
ㄔㄡˊ,綢
ㄌㄩˋ,綠
1.ㄌㄨㄣˊ2.ㄍㄨㄢ,綸
1.ㄑㄧㄥˋ2.ㄑㄧˇ,綮
ㄑㄧˊ,綦
ㄧㄢˊ,綖
ㄉㄧˋ,締
ㄩㄣˋ,緷
ㄅㄧㄢ,編
ㄍㄥ,緪
ㄇㄧㄣˊ,緡
ㄨㄟˇ,緯
ㄊㄧˊ,緹
ㄑㄧˋ,緝
ㄍㄨㄛ,緺
ㄩㄢˊ,緣
ㄍㄡ,緱
ㄅㄧㄢˋ,緶
ㄊㄡˊ,緰
ㄗㄞˋ,縡
ㄍㄠˇ,縞
ㄈㄨˊ,縛
ㄑㄩㄢˊ,縓
ㄩㄣˋ,縕
ㄓㄣˇ,縝
ㄒㄧㄢˋ,縣
ㄙㄨㄛ,縮
ㄑㄧㄢˋ,縴
ㄓㄨㄢˋ,縳
ㄆㄧㄠˇ,縹
1.ㄇㄡˊ2.ㄇㄧㄠˋ3.ㄇㄧㄡˋ＊ㄇㄨˋ,繆
ㄇㄢˋ,縵
ㄅㄧˋ,縪
ㄇㄨˋ,縸
1.ㄅㄥ2.ㄅㄥˇ3.ㄅㄥˋ,繃
ㄕㄢ,縿
1.ㄈㄥˊ2.ㄈㄥˋ,縫
ㄗㄨㄥˇ,總
1.ㄗㄨㄥˋ2.ㄗㄨㄥ,縱
ㄙㄠ,繅
ㄧ,繄
1.ㄈㄢˊ2.ㄆㄛˊ＊ㄆㄢˊ,繁
ㄧㄠˊ＊ㄧㄡˊ＊ㄓㄡˋ,繇
ㄗㄨㄥ,繌
ㄓ,織
ㄗㄨㄣ,繜
ㄗㄥ,繒
ㄩˋ,繘
ㄙㄨㄟˋ,繐
ㄖㄠˋ,繞
ㄌㄧㄠˊ,繚
ㄈㄢ,繙
ㄉㄢˋ,繵
ㄐㄧㄤ,
ㄕㄥˊ,繩
ㄗㄠˇ＊ㄙㄠ,繰
ㄏㄨㄢˊ,繯
1.ㄐㄧㄠˇ2.ㄓㄨㄛˊ,繳
1.ㄒㄧˋ2.ㄐㄧˋ,繫
ㄖㄨˊ,繻
ㄌㄟˊ,纍
ㄒㄧㄢ,纖
ㄘㄞˊ,纔
ㄒㄧ,纗
ㄉㄠˋ,纛
ㄕˇ,纚
ㄌㄢˇ,纜
ㄒㄧㄤˋ,缿
ㄨㄥˋ,罋
ㄏㄢˇ,罕
ㄈㄨˊ,罘
ㄓㄨˋ,罜
ㄐㄩ,罝
ㄍㄨㄚˋ,罣
ㄐㄩㄢˋ,罥
ㄈㄨˊ,罦
ㄓㄨㄛˊ,罬
ㄍㄨㄚˋ,罫
ㄕㄣˋ,罧
ㄧㄢˇ,罨
1.ㄕㄨˇ2.ㄕㄨˋ,署
1.ㄅㄚˋ2.ㄆㄧˊ,罷
ㄨㄟˋ,罻
ㄔㄠ,罺
ㄊㄨㄥˊ,罿
ㄗㄥ,罾
ㄧㄤˊ＊ㄒㄧㄤˊ,羊
1.ㄇㄧㄝ2.ㄇㄧˇ,羋
ㄒㄧ＊ㄧˋ,羛
ㄧˊ,羠
1.ㄎㄥ2.ㄑㄧㄤˇ,羥
ㄒㄧㄢˋ,羨
ㄑㄧㄢˊ,羬
ㄩㄢˊ,羱
ㄍㄥ,羹
ㄔㄢˋ,羼
ㄨㄥ,翁
ㄑㄩˊ,翑
ㄌㄧㄠˊ,翏
ㄒㄧㄠ＊ㄕㄨˋ,翛
ㄕㄚˋ,翜
1.ㄉㄠˋ2.ㄓㄡ,翢
1.ㄓㄞˊ2.ㄉㄧˊ,翟
ㄗㄨㄥ,翪
ㄏㄡˊ,翭
ㄕˋ,翨
ㄍㄜˊ,翮
ㄏㄢˋ,翰
ㄏㄜˋ,翯
ㄧˋ,翳
ㄆㄧㄠ,翲
1.ㄑㄧㄠˊ2.ㄑㄧㄠˋ,翹
ㄉㄠˋ,翿
ㄧㄠˋ,耀
ㄑㄧˊ,耆
ㄦˊ,而
ㄋㄞˋ,耐
1.ㄦˊ2.ㄋㄞˋ,耏
ㄉㄨㄢ＊ㄓㄨㄢ,耑
ㄌㄟˇ,耒
ㄍㄥ,耕
ㄆㄚˊ,耙
ㄏㄠˋ,耗
ㄓㄨˋ＊ㄔㄨˊ,耡
ㄐㄧˊ,耤
ㄌㄡˊ,耬
ㄦˇ,耳
ㄖㄜˊ,耴
ㄉㄧㄥˇ,耵
ㄧㄝˊ,耶
ㄉㄢ,耽
ㄉㄢ,聃
ㄆㄧㄥˋ,聘
ㄨㄣˊ,聞
ㄐㄩˋ,聚
ㄠˊ,聱
ㄙㄨㄥˇ,聳
ㄓˊ,職
ㄋㄧㄝˋ,聶
ㄋㄧㄥˊ,聹
1.ㄊㄧㄥ2.ㄊㄧㄥˋ,聽
ㄙˋ,肆
ㄖㄡˋ,肉
ㄌㄜˋ,肋
ㄍㄤ,肛
1.ㄉㄨˋ2.ㄉㄨˇ,肚
ㄍㄜ,肐
ㄒㄧㄠˋ,肖
ㄈㄤˊ,肪
ㄈㄟˋ,肺
ㄓㄨㄣ,肫
ㄒㄧˋ,肸
ㄐㄧㄢ,肩
ㄎㄣˇ,肯
ㄧㄠˊ,肴
ㄒㄧㄢˊ,胘
ㄆㄤˋ＊ㄆㄢˊ,胖
ㄅㄧˋ,胇
ㄑㄩ,胠
ㄅㄚˊ,胈
ㄅㄠ＊ㄆㄠ,胞
1.ㄕㄥ2.ㄒㄧㄥ,胜
ㄗㄨㄛˋ,胙
ㄈㄨˊ＊ㄈㄨ＊ㄈㄨˇ,胕
ㄓㄣ,胗
1.ㄅㄟˋ2.ㄅㄟ,背
ㄢ,胺
ㄍㄞ,胲
ㄎㄨㄚˋ,胯
ㄊㄧㄠˋ,脁
ㄍㄜ,胳
ㄏㄥˊ,胻
ㄇㄞˋ＊ㄇㄛˋ,脈
ㄋㄥˊ,能
ㄐㄧˇ,脊
ㄨㄢˇ,脘
1.ㄈㄨˇ2.ㄆㄨˊ,脯
ㄐㄧㄥˋ,脛
ㄘㄨㄛˇ,脞
1.ㄐㄩㄢ2.ㄗㄨㄟ,脧
ㄨㄢˇ,脕
ㄌㄨㄢˊ,脟
ㄊㄨㄛ,脫
ㄒㄧㄡ,脩
ㄑㄧㄤ,腔
ㄧㄝˋ,腋
ㄓㄨㄟˋ,腏
ㄐㄩ,腒
1.ㄒㄧˊ2.ㄌㄚˋ,腊
ㄤ,腌
ㄈㄟˊ,腓
ㄐㄧㄢˋ,腱
ㄧㄠ,腰
ㄐㄧㄠˇ,腳
ㄓㄨㄢˋ,腞
ㄕㄨˋ,腧
1.ㄅㄤˇ2.ㄆㄤˊ3.ㄆㄤ4.ㄅㄤˋ,膀
ㄅㄛˊ,膊
ㄍㄠ,膏
ㄓㄨㄢ,膞
ㄅㄧㄠ,膘
ㄐㄧㄠ,膠
ㄊㄤˊ,膛
ㄌㄩˊ,膢
ㄇㄛˊ,膜
ㄒㄧㄠ,膮
ㄆㄥˊ,膨
ㄨˇ,膴
ㄈㄣˋ,膹
1.ㄕㄢ2.ㄉㄢˋ,膻
ㄩㄥ,臃
1.ㄙㄠ2.ㄙㄠˋ,臊
ㄋㄨㄥˊ,膿
ㄐㄩㄢˇ,臇
ㄌㄧㄢˇ＊ㄐㄧㄢˇ,臉
ㄅㄧˋ,臂
ㄖㄨˊ,臑
ㄎㄨㄢ,臗
ㄏㄨㄛˋ,臛
ㄌㄨˊ,臚
ㄌㄨㄢˊ,臠
ㄗㄤ,臧
ㄌㄧㄣˊ,臨
1.ㄒㄧㄡˋ2.ㄔㄡˋ,臭
ㄓˋ,臷
ㄐㄧㄡˋ,臼
ㄩˊ,臾
ㄧㄠˇ,舀
ㄔㄨㄥ,舂
ㄒㄧˋ,舄
1.ㄩˇ2.ㄩˋ3.ㄩˊ,與
1.ㄒㄧㄥ2.ㄒㄧㄥˋ,興
ㄒㄧㄣˋ,舋
1.ㄕㄜˋ2.ㄕㄜˇ,舍
ㄊㄢ,舑
ㄔㄨㄢˇ,舛
ㄒㄧㄤ,舡
ㄈㄤˇ,舫
1.ㄅㄢ2.ㄆㄢˊ3.ㄅㄛ,般
ㄐㄧㄚˇ,舺
ㄓㄨˊ,舳
ㄗㄜˊ,舴
ㄑㄩㄥˊ,舼
ㄕㄠ,艄
ㄈㄡˊ,艀
ㄅㄧㄢˋ,艑
ㄇㄠˋ,艒
ㄗㄨㄥ,艐
ㄙㄠ,艘
ㄊㄨㄥˊ,艟
1.ㄍㄣˋ2.ㄍㄣˇ,艮
ㄌㄧㄤˊ,良
1.ㄙㄜˋ2.ㄕㄞˇ,色
ㄈㄨˊ,艴
ㄆㄧㄥ,艵
ㄊㄧㄥ,艼
ㄊㄧㄠˊ,芀
1.ㄑㄧㄡˊ2.ㄐㄧㄠ,艽
1.ㄞˋ2.ㄧˋ,艾
ㄇㄤˊ,芒
ㄩˋ,芋
ㄑㄩㄥ,芎
ㄏㄨˋ,芐
ㄗˋ,芓
ㄕㄠˊ,芍
ㄒㄧㄣ,芯
ㄓㄨˋ,芧
ㄨㄟˇ,芛
ㄩㄣˊ,芸
ㄈㄟˋ＊ㄈㄨˊ,芾
ㄆㄧˊ,芘
ㄈㄡˊ,芣
ㄑㄧˇ,芞
ㄇㄠˋ,芼
ㄧㄠ,芺
ㄨˋ,芴
ㄊㄨㄣˊ,芚
ㄓㄨˋ,苧
ㄌㄧˋ,苙
ㄅㄧˋ,苾
ㄆㄧㄥˊ,苹
ㄈㄨˊ,茀
ㄎㄜ,苛
ㄎㄨˇ,苦
1.ㄑㄧㄝˊ2.ㄐㄧㄚ,茄
1.ㄖㄨㄛˋ2.ㄖㄜˇ,若
ㄇㄠˋ,茂
1.ㄅㄚˊ2.ㄅㄟˋ,茇
ㄐㄩ,苴
ㄕㄢ,苫
ㄑㄧㄡˊ,苬
ㄧˇ,苡
ㄊㄞˊ,苔
ㄩㄢˋ,苑
ㄗㄨㄛˊ,苲
ㄈㄨˊ,苻
ㄇㄠˇ＊ㄇㄠˊ,茆
ㄌㄧㄥˊ,苓
ㄐㄧㄠ,茭
ㄍㄞ,荄
ㄍㄣˋ,茛
ㄧˊ,荑
ㄍㄨㄟ,茥
ㄖㄨㄥˊ,茸
ㄘㄜˋ,茦
ㄔˊ,荎
ㄏㄨㄚ,荂
ㄘㄠˇ,草
ㄗˇ,茈
ㄇㄧㄥˊ,茗
ㄈㄚˊ,茷
ㄏㄠ,茠
1.ㄗ2.ㄘˊ,茲
ㄉㄚˊ,荅
ㄖㄨˊ,茹
1.ㄨㄢˇ2.ㄍㄨㄢˇ3.ㄍㄨㄢ,莞
ㄔㄣˊ,莐
1.ㄕㄚ2.ㄙㄨㄛ,莎
ㄕㄣ＊ㄒㄧㄣ,莘
ㄌㄧㄤˊ,莨
ㄊㄨㄛˋ,莌
ㄐㄩㄣˋ,莙
ㄅㄧˊ,荸
ㄆㄨˊ,莆
ㄧㄡˊ,莤
ㄙㄨㄛ,莏
ㄩㄣˇ,荺
ㄇㄛˋ＊ㄇㄨˋ,莫
ㄌㄧˋ,莉
ㄧㄡˋ,莠
1.ㄏㄜˊ2.ㄏㄜˋ,荷
ㄈㄨˊ＊ㄆㄧㄠˇ,莩
1.ㄊㄨˊ2.ㄕㄨ,荼
ㄇㄤˇ,莽
ㄐㄧㄢ,菅
ㄨㄢˇ,菀
ㄏㄜˊ,菏
ㄐㄩ,菹
ㄅㄛ,菠
ㄆㄨˊ,菩
ㄧㄢ,菸
ㄅㄥˇ,菶
ㄐㄧㄥ,菁
ㄐㄧㄣˇ,菫
ㄗㄡ,菆
1.ㄏㄨㄚˊ2.ㄏㄨㄚ3.ㄏㄨㄚˋ,華
ㄑㄧˊ,萁
ㄒㄧ,菥
ㄅㄚˊ,菝
ㄢ,菴
ㄇㄥˊ,萌
ㄈㄨˊ,菔
ㄈㄟˊ,萉
ㄌㄩˋ,菉
1.ㄈㄟˇ2.ㄈㄟ,菲
1.ㄊㄨˋ2.ㄊㄨˊ,菟
ㄨㄟ,萎
ㄏㄨㄢˊ,萑
ㄅㄧˋ,萆
ㄗ＊ㄗㄞ,菑
1.ㄓㄨˋ2.ㄓㄨㄛˊ3.ㄓㄠˊ4.ㄓㄠ5.˙ㄓㄜ,著
ㄏㄨㄛˊ,萿
1.ㄌㄨㄛˋ2.ㄌㄠˋ3.ㄌㄚˋ,落
1.ㄏㄨㄣ2.ㄒㄩㄣ,葷
ㄅㄧㄢˇ,萹
ㄊㄧㄥˊ,葶
ㄅㄛˊ,葧
ㄈㄥ,葑
ㄕㄣˋ,葚
1.ㄧㄝˋ2.ㄕㄜˋ,葉
ㄓㄣ,葴
ㄑㄧㄥˊ,葝
ㄒㄧㄠ,萷
ㄐㄧㄚ,葭
ㄑㄧˋ,葺
1.ㄍㄜˊ2.ㄍㄜˇ,葛
ㄈㄨˋ,萯
ㄩˇ,萭
ㄅㄠˇ,葆
ㄐㄩㄣˋ,葰
ㄧㄠˋ,葯
ㄆㄨˊ,蒲
ㄇㄥˊ,蒙
ㄇㄧㄥˊ,蓂
ㄙㄨㄛ,蓑
ㄒㄩˋ,蓄
ㄓㄣ,蓁
1.ㄍㄞˋ2.ㄍㄜˇ＊ㄏㄜˊ,蓋
ㄌㄧˋ,蒚
ㄕˊ,蒔
ㄘㄨㄛˋ,蓌
ㄎㄨㄞˇ,蒯
ㄘㄤ,蒼
ㄖㄨˊ,蒘
ㄨㄥˇ,蓊
ㄅㄨˋ,蔀
ㄘㄨˋ,蔟
1.ㄨㄟˋ2.ㄩˋ,蔚
ㄠˊ,蔜
ㄐㄧㄢ,蔪
ㄔㄨㄣˊ,蓴
1.ㄡ2.ㄑㄧㄡ,蓲
ㄋㄧㄢ,蔫
ㄕㄨ,蔬
ㄉㄧˋ,蔕
ㄧㄣˋ,蔭
ㄊㄨㄟ,蓷
ㄓㄨˊ,蓫
1.ㄌㄧㄠˇ2.ㄌㄨˋ,蓼
ㄌㄡˊ,蔞
1.ㄇㄢˋ2.ㄇㄢˊ,蔓
ㄐㄧㄤˇ,蔣
ㄕㄣ,蔘
ㄘㄞˋ,蔡
ㄋㄧㄠˇ,蔦
ㄘㄨㄥ,蔥
ㄉㄧㄠˋ,蓧
1.ㄊㄧㄠ2.ㄒㄧㄡ,蓨
ㄒㄧˇ,蓰
ㄘㄨㄥ,蓯
ㄉㄤˋ,蕩
ㄉㄨㄥˇ,蕫
ㄒㄩㄣˊ,蕁
ㄖㄠˊ,蕘
ㄒㄩㄣˋ,蕈
ㄎㄨㄟˋ,蕢
1.ㄈㄢˊ2.ㄈㄢ,蕃
ㄑㄧㄠˊ,蕎
ㄐㄧㄠ,蕉
ㄐㄩㄝˊ,蕝
ㄒㄧㄤ,薌
1.ㄅㄛˊ2.ㄅㄛˋ,薄
ㄩㄣˋ,薀
ㄎㄠˇ,薧
ㄗ,薋
ㄅㄧˋ,薜
ㄑㄧㄤˊ,薔
ㄓㄢ,薝
ㄒㄧㄝˋ,薢
ㄩˋ,薁
ㄨㄢˋ,薍
ㄏㄨㄟˋ,薈
ㄌㄧㄢˋ,薟
1.ㄐㄧˋ2.ㄑㄧˊ,薺
ㄏㄠˋ,藃
ㄌㄢˊ,藍
ㄘㄨㄥˊ,藂
ㄨㄟˇ,薳
ㄓㄣ,薽
ㄑㄧˊ,藄
1.ㄘㄤˊ2.ㄗㄤˋ,藏
ㄉㄧㄠˋ,藋
ㄎㄨㄟ,藈
ㄒㄩˋ,藇
ㄇㄞˊ,薶
ㄇㄧㄠˇ,藐
1.ㄐㄧㄝˋ2.ㄐㄧˊ,藉
ㄋㄧˇ,薿
ㄨㄟˇ,蘤
ㄈㄢˊ,藩
1.ㄅㄧㄠ2.ㄆㄧㄠˇ,藨
ㄊㄨㄟˊ,藬
ㄙㄡˇ,藪
ㄅㄟ,藣
ㄧㄠˋ,藥
ㄓㄨ＊ㄕㄨˇ,藷
ㄌㄨㄥˊ,蘢
ㄞˇ,藹
ㄏㄨㄛˋ,藿
ㄜˋ,蘁
ㄑㄧˊ,蘄
1.ㄆㄧㄣˊ2.ㄆㄧㄥˊ,蘋
ㄇㄤˊ,蘉
ㄙㄨ,蘇
ㄩㄣˋ,蘊
ㄖㄤˊ,蘘
ㄅㄛˋ＊ㄅㄧˋ,蘗
ㄌㄧㄢˋ,蘞
1.ㄈㄥ2.ㄙㄨㄥ,蘴
ㄏㄨㄚˋ,蘳
ㄎㄨㄟ,蘬
ㄇㄧˊ,蘼
ㄌㄟˋ,蘱
ㄐㄧㄢ,虃
ㄑㄩㄢˇ,虇
ㄌㄟˊ,虆
ㄇㄣˊ,虋
ㄙ,虒
ㄏㄨ,虖
1.ㄔㄨˋ2.ㄔㄨˇ,處
ㄒㄩ,虛
1.ㄏㄠˋ2.ㄏㄠˊ,號
ㄌㄨˇ,虜
ㄕㄨˋ,虪
1.ㄏㄨㄟˇ2.ㄔㄨㄥˊ,虫
ㄉㄧㄥ,虰
ㄏㄢˊ,虷
ㄏㄨㄥˊ,虹
1.ㄏㄨㄟˇ2.ㄏㄨㄟ,虺
ㄏㄤˊ,蚢
ㄅㄤˋ,蚌
ㄩㄢˊ,蚖
ㄑㄧˊ,蚑
ㄆㄧˊ,蚍
ㄏㄨㄟˊ,蚘
ㄏㄠˊ,蚝
ㄈㄣˊ,蚡
ㄍㄨㄥ,蚣
1.ㄘㄢˊ2.ㄊㄧㄢˇ,蚕
1.ㄕㄜˊ2.ㄧˊ,蛇
ㄐㄩˋ,蚷
1.ㄎㄜ2.ㄜˊ,蚵
1.ㄑㄩ2.ㄐㄩ,蛆
ㄧㄡˊ,蚰
ㄖㄢˊ,蚺
ㄓㄢ,蛅
ㄓㄚˋ,蚱
ㄑㄩˊ,蚼
ㄧㄡˇ,蚴
ㄌㄧˋ,蚸
ㄧㄤˊ,蛘
ㄐㄧㄝˊ,蛣
ㄓˋ,蛭
ㄑㄩ,蛐
ㄎㄨㄛˋ,蛞
1.ㄍㄜˊ2.ㄏㄚˊ,蛤
ㄍㄨㄥˇ,蛬
ㄑㄩㄥˊ,蛩
ㄌㄤˊ,蜋
ㄊㄨㄟˋ,蛻
ㄕㄣˋ,蜄
ㄒㄧㄠ,蛸
ㄒㄧㄢˇ,蜆
ㄊㄧㄥˊ,蜓
ㄜˊ＊ㄧˇ,蛾
ㄔㄨˊ,蜍
ㄐㄧˊ,蝍
ㄨㄢ,蜿
ㄉㄨㄣ,蜳
ㄓㄨㄛˊ＊ㄉㄧˋ,蝃
ㄉㄧㄝˊ,蜨
ㄑㄧㄥ,蜻
ㄉㄨㄥ,蝀
ㄩˋ,蜮
1.ㄓㄚˋ2.ㄌㄚˋ,蜡
ㄊㄧㄠˊ,蜩
ㄨㄟˇ,蜲
ㄊㄠˊ,蜪
ㄨㄟˋ,蜼
ㄋㄧˊ,蜺
ㄆㄧˊ,蜱
ㄌㄨㄣˊ,蜦
ㄈㄟˊ,蜰
ㄈㄟˇ＊ㄈㄟ,蜚
ㄉㄨˊ＊ㄉㄞˋ,蝳
ㄅㄧㄢ,蝙
1.ㄑㄧㄡˊ2.ㄐㄧㄡ,蝤
ㄖㄡˊ,蝚
ㄒㄩ,蝑
ㄋㄢˊ,蝻
1.ㄒㄧㄚ2.ㄏㄚˊ,蝦
1.ㄊㄧˊ2.ㄔˊ,蝭
1.ㄒㄧㄝ2.ㄏㄜˊ,蝎
ㄍㄨㄚ,蝸
ㄏㄨㄤˊ,蝗
ㄐㄩˇ,蝺
ㄇㄠˊ,蝥
ㄌㄤˊ,螂
ㄍㄨㄟˇ,蟡
ㄆㄤˊ,螃
1.ㄇㄚˇ2.ㄇㄚˋ,螞
ㄩㄣ,蝹
ㄏㄨㄟˋ,螝
ㄒㄧ,螇
1.ㄧˊ2.ㄙ,螔
1.ㄊㄥˊ2.ㄊㄜˋ,螣
ㄓㄜˋ,蟅
ㄕㄨㄞˋ,蟀
ㄐㄧㄢˋ,螹
ㄆㄧㄠ,螵
ㄉㄧˋ,螮
ㄌㄧㄡˊ,蟉
ㄇㄚˊ,蟆
ㄆㄧˊ,螷
ㄓˊ,蟄
ㄓㄜ,螫
ㄇㄤˇ,蟒
ㄌㄠˊ,蟧
ㄓㄨㄢ,蟤
ㄊㄢˊ,蟫
ㄈㄟˊ,蟦
ㄔㄢˊ,蟬
ㄆㄢˊ,蟠
ㄐㄧㄠˇ,蟜
ㄐㄧˇ,蟣
ㄕㄢˋ,蟺
ㄗ,蠀
ㄗㄜˊ,蠌
ㄓㄨˊ,蠋
ㄔㄢˊ,蟾
ㄔㄞˋ,蠆
ㄒㄧㄝˋ,蟹
ㄒㄧㄤˋ,蠁
ㄌㄨㄛˇ＊ㄌㄨㄛˊ,蠃
ㄆㄧㄣˊ,蠙
ㄖㄨˊ,蠕
ㄇㄥˊ,蠓
ㄏㄨㄛˋ,蠖
1.ㄌㄧˇ2.ㄌㄧˊ,蠡
1.ㄕㄤˋ2.ㄖㄤˇ,蠰
ㄐㄩㄢ,蠲
ㄒㄧ,蠵
ㄐㄩㄝˊ,蠼
ㄓㄨˊ,蠾
ㄒㄧㄝˇ,血
ㄆㄟ,衃
1.ㄒㄧㄥˊ2.ㄒㄧㄥˋ3.ㄏㄤˊ4.ㄏㄤˋ,行
ㄧㄢˇ,衍
ㄕㄨˋ＊ㄙㄨㄟˋ,術
ㄌㄨㄥˋ,衖
ㄊㄨㄥˊ,衕
1.ㄧㄚˊ2.ㄩˊ,衙
1.ㄔㄨㄥ2.ㄔㄨㄥˋ,衝
1.ㄧ2.ㄧˋ,衣
ㄧˊ,衪
ㄔㄚˋ,衩
ㄑㄧㄣ,衾
1.ㄕㄨㄞ2.ㄘㄨㄟ,衰
ㄓㄨㄥ,衷
ㄋㄧˋ,衵
ㄑㄧˊ,衹
ㄐㄧㄣ,衿
ㄇㄠˋ,袤
ㄅㄠˋ＊ㄆㄠˊ,袌
ㄆㄢˋ,袢
1.ㄇㄛˋ2.ㄨㄚˋ,
ㄧˊ,袘
ㄍㄡ,袧
ㄅㄟˋ＊ㄆㄧ,被
ㄆㄚˋ,袙
ㄓㄣˇ,袗
ㄍㄨㄟ＊ㄍㄨㄚˋ,
ㄐㄧㄝˊ,袺
ㄓㄨ,袾
ㄌㄨㄛˋ,袼
ㄐㄧㄚˊ,袷
ㄧˋ,裛
ㄆㄡˊ,裒
ㄍㄜˊ,
ㄌㄧˇ,裡
ㄔㄥˊ,裎
1.ㄔㄤˊ2.˙ㄕㄤ,裳
ㄆㄟˊ,裴
ㄩㄢ,裷
ㄐㄩ,裾
ㄧㄢˇ,裺
1.ㄒㄧˊ2.ㄊㄧˋ,裼
1.ㄔㄡˊ2.ㄉㄠ,裯
1.ㄅㄧˋ2.ㄆㄧˊ,裨
ㄔㄨˇ,褚
1.ㄧㄡˋ2.ㄒㄧㄡˋ,褎
ㄏㄨㄟ,褘
ㄅㄧㄢˇ,褊
1.ㄩˊ2.ㄊㄡˊ,褕
ㄊㄨㄣˋ,褪
ㄋㄞˋ,褦
ㄔˇ,褫
1.ㄉㄧㄝˊ2.ㄓㄜˊ3.ㄓㄜˇ4.ㄒㄩㄝˊ,褶
ㄌㄩˇ,褸
ㄕㄢ,襂
ㄖㄠˊ,襓
ㄆㄨˊ,襆
ㄓㄢˋ＊ㄊㄢˇ,襢
ㄗㄜˊ,襗
1.ㄕㄨˊ2.ㄉㄨˊ,襡
ㄔㄢ,襜
ㄌㄧㄢˋ,襝
ㄍㄨㄟˋ,襘
ㄅㄞˇ,襬
ㄒㄧㄢ,襳
ㄉㄞˋ,襶
ㄕ,襹
ㄧㄚˋ,襾
ㄒㄧ,西
1.ㄧㄠˋ2.ㄧㄠ,要
ㄈㄥˇ,覂
1.ㄊㄢˊ2.ㄑㄧㄣˊ,覃
ㄐㄧㄢˋ＊ㄒㄧㄢˋ,見
ㄍㄨㄟ,規
ㄇㄧㄝˋ,覕
ㄕˋ,視
ㄓㄢ,覘
ㄊㄧㄠˋ,覜
ㄇㄛˋ,覛
1.ㄑㄧㄣ2.ㄑㄧㄥˋ,親
ㄩˊ,覦
ㄇㄧㄥˊ,覭
ㄐㄧㄣˋ,覲
1.ㄐㄩㄝˊ2.ㄐㄧㄠˋ,覺
ㄉㄧˊ,覿
1.ㄍㄨㄢ2.ㄍㄨㄢˋ,觀
1.ㄐㄧㄠˇ2.ㄐㄩㄝˊ3.ㄌㄨˋ,角
ㄐㄩㄝˊ,觖
ㄘㄨ,觕
ㄏㄨㄚˋ,觟
1.ㄐㄧㄝˇ2.ㄐㄧㄝˋ3.ㄒㄧㄝˋ,解
ㄗ,觜
ㄐㄧ,觭
ㄓㄚ,觰
1.ㄏㄨˊ2.ㄑㄩㄝˋ,觳
ㄓˋ,觶
ㄧˊ,觺
ㄌㄨˋ,觻
ㄒㄧ,觿
ㄧㄢˊ,言
ㄉㄧㄥˋ,訂
ㄏㄨㄥ,訇
ㄑㄧㄡˊ,訄
ㄐㄧㄝˊ,訐
ㄧˊ＊ㄊㄨㄛ,訑
ㄕㄢˋ,訕
ㄈㄤˇ,訪
ㄋㄜˋ,訥
1.ㄔㄠ2.ㄇㄧㄠˇ,訬
ㄒㄩˇ,許
ㄓㄨㄣˋ,訰
ㄒㄧㄣ,訢
ㄙㄨㄥˋ,訟
ㄓㄥˋ,証
ㄍㄨˇ,詁
ㄓㄠˋ,詔
ㄗㄨˇ,詛
ㄓㄢ＊ㄔㄜˋ,詀
ㄒㄩㄥˋ,詗
ㄑㄩ＊ㄔㄨˋ,詘
ㄧˊ＊ㄉㄞˋ,詒
ㄧˋ,詄
ㄓㄚˋ,詐
ㄌㄧㄥˊ,詅
ㄓㄣˇ,診
ㄔㄡˊ,詶
ㄒㄧㄤˊ,詳
ㄍㄨㄚˋ,詿
ㄉㄨㄥˋ,詷
1.ㄉㄧㄠˋ2.ㄊㄧㄠˇ,誂
ㄔˇ,誃
ㄕㄣ,詵
ㄜˋ,詻
ㄍㄡˋ,詬
ㄗˇ,訾
ㄓㄢ,詹
1.ㄩˇ2.ㄩˋ,語
ㄨ,誣
ㄒㄧ,誒
ㄏㄨㄟˋ,誨
ㄧㄡˋ,誘
ㄎㄨㄤˊ,誑
1.ㄕㄨㄛ2.ㄕㄨㄟˋ＊ㄩㄝˋ,說
ㄧˋ,誼
ㄓㄨㄣ,諄
ㄌㄧㄤˋ,諒
ㄙㄨㄟˋ,誶
ㄒㄧㄢˊ,誸
1.ㄑㄧㄥˇ2.ㄐㄧㄥˋ,請
ㄗㄡ,諏
ㄐㄧㄢˋ,諓
1.ㄊㄧㄠˊ2.ㄉㄧㄠˋ,調
ㄈㄟˇ,誹
ㄨㄟˇ,諉
ㄕㄟˊ,誰
ㄓㄥ,諍
1.ㄌㄨㄣˋ2.ㄌㄨㄣˊ,論
ㄓㄨ,諸
ㄩˊ,諛
ㄒㄩㄢ,諠
ㄉㄧˋ,諦
ㄢ,諳
ㄏㄨㄣˋ,諢
ㄧㄢˋ,諺
ㄒㄩˇ,諝
ㄒㄧˇ,諰
ㄆㄧㄢˊ,諞
ㄈㄥˋ,諷
ㄒㄩㄢ,諼
ㄏㄜˋ,謞
ㄇㄧˊ,謎
ㄐㄧㄤˇ,講
ㄗㄡ,謅
ㄒㄧㄠˇ,謏
ㄒㄧˋ,謑
ㄑㄧㄢ＊ㄑㄧㄝˋ,謙
ㄊㄧˊ,謕
ㄧㄥˊ,謍
ㄆㄛˋ,謈
1.ㄩˊ2.ㄒㄩ,謣
ㄇㄧㄡˋ,謬
ㄌㄡˊ,謱
1.ㄇㄢˊ2.ㄇㄢˋ,謾
ㄗㄨˇ,謯
ㄏㄨ,謼
ㄇㄛˊ,謨
ㄠˊ,謷
ㄑㄧㄥˋ,謦
1.ㄕˋ2.ㄓˋ,識
ㄓㄨㄢˋ,譔
ㄋㄠˊ,譊
ㄇㄛˊ,譕
ㄑㄧㄠˊ＊ㄑㄧㄠˋ,譙
ㄆㄨˇ,譜
ㄧˋ,議
ㄗㄠˋ,譟
ㄑㄧㄢˇ,譴
ㄞˋ,譺
ㄩˋ,譽
1.ㄉㄨˊ2.ㄉㄡˋ,讀
ㄒㄩㄢˋ,讂
ㄓㄜˊ,讘
ㄧㄢˋ,讞
1.ㄍㄨˇ2.ㄩˋ,谷
ㄐㄩㄝˊ,谻
ㄏㄨㄥ,谾
1.ㄏㄨㄛˋ2.ㄏㄨㄚˊ,豁
ㄒㄧ,谿
ㄉㄡˋ,豆
ㄑㄧˇ＊ㄎㄞˇ,豈
ㄔˇ,豉
ㄐㄧㄢ,豜
ㄊㄨㄣˊ,豚
ㄐㄩˋ,豦
ㄒㄧ,豨
ㄓㄨ,豬
ㄩˋ,豫
ㄏㄨㄢˊ,豲
ㄅㄧㄣ,豳
ㄓˋ,豸
1.ㄢˋ2.ㄏㄢˋ,豻
ㄏㄜˊ＊ㄇㄛˋ,貉
ㄌㄧˊ,貍
ㄇㄠ,貓
ㄔㄨ,貙
ㄐㄩˋ,貗
ㄓㄣ,貞
ㄧˊ,貤
ㄗㄜˊ＊ㄓㄞˋ,責
ㄍㄨㄢˋ,貫
ㄊㄢ,貪
ㄎㄨㄤˋ,貺
ㄈㄟˋ,費
1.ㄅㄧˋ2.ㄅㄣ,賁
ㄕˋ,貰
ㄇㄠˋ,貿
ㄉㄞˋ,貸
ㄗㄟˊ,賊
ㄏㄨㄟˋ,賄
ㄗ,資
1.ㄐㄧㄚˇ2.ㄍㄨˇ＊ㄐㄧㄚˋ,賈
ㄌㄧㄣˋ   ,賃
ㄓㄣˋ,賑
ㄅㄧㄣ,賓
ㄙˋ,賜
ㄒㄧㄢˊ,賢
ㄌㄞˋ,賚
1.ㄓˊ2.ㄓˋ,質
ㄓㄨㄢˋ,賺
ㄕㄥˋ,賸
ㄍㄢˋ,贛
ㄊㄨㄥˊ,赨
ㄒㄧˋ,赩
ㄏㄜˋ,赫
ㄗㄡˇ,走
ㄐㄧㄡ,赳
1.ㄑㄧㄢˊ2.ㄍㄢˇ,赶
ㄩㄝˋ,越
ㄐㄩ,趄
ㄔㄣˋ,趁
ㄗ,趑
ㄑㄩ,趍
ㄓㄠˋ,趙
ㄑㄩˋ＊ㄘㄨˋ,趣
ㄊㄤˋ,趟
ㄓㄨㄛˊ,趠
ㄘㄨㄟˇ,趡
ㄑㄩ＊ㄘㄨˋ,趨
ㄑㄧㄠ,趬
ㄑㄧㄠˊ,趫
ㄐㄧㄠˋ,趭
ㄊㄧˋ,趯
ㄗㄢˇ,趲
1.ㄗㄨˊ2.ㄐㄩˋ,足
ㄅㄠˋ,趵
ㄐㄧㄢˇ,趼
ㄐㄩㄝˊ,趹
ㄑㄧˊ＊ㄑㄧˋ,跂
1.ㄙㄚˋ2.ㄊㄚ,趿
ㄔˋ,跇
ㄓˊ,跖
ㄅㄚˊ,跋
ㄊㄧㄝ,跕
ㄆㄠˇ＊ㄆㄠˊ,跑
1.ㄅㄛˇ2.ㄅㄧˋ,跛
ㄕㄢ,跚
ㄈㄨ,跗
ㄐㄧㄠ,跤
ㄆㄧㄢˊ,跰
ㄎㄨㄟˇ,跬
ㄓㄨㄞˇ,跩
ㄘˇ,跐
ㄊㄧㄠˋ,跳
ㄓㄨ,跦
ㄉㄨㄛˋ,跺
ㄍㄨㄟˋ,跪
ㄒㄧㄢˇ,跣
ㄌㄨˋ,路
ㄑㄩㄢˊ,跧
ㄐㄧㄚˊ,跲
ㄑㄩㄥˊ,跫
1.ㄌㄧㄤˊ2.ㄌㄧㄤˋ,踉
ㄐㄩˊ,跼
1.ㄘㄨㄣ2.ㄑㄩㄣ,踆
ㄒㄩㄝˊ,踅
ㄨㄢˇ,踠
ㄅㄛˊ,踣
ㄗㄨˊ,踤
ㄐㄩˋ,踞
ㄑㄧˊ,踑
ㄐㄧˊ,踖
ㄐㄧㄢˋ,踐
1.ㄐㄧˇ2.ㄧˇ＊ㄑㄧˊ,踦
ㄏㄨㄞˊ,踝
ㄊㄧ,踢
1.ㄘㄨˋ2.ㄉㄧˊ,踧
ㄓㄨㄛˊ,踔
ㄘㄞˇ,踩
ㄆㄧㄢˊ,蹁
ㄊㄧˊ,蹄
ㄖㄡˊ,蹂
ㄔㄨㄣˇ,踳
ㄉㄧㄝˊ,蹀
ㄉㄧˋ,踶
ㄉㄤˋ,踼
ㄔㄨㄞˋ,踹
ㄩˊ,踰
ㄐㄧㄢˇ,蹇
ㄓㄢˇ,蹍
ㄒㄧ,蹊
1.ㄑㄧㄤ2.ㄑㄧㄤˋ,蹌
ㄓˊ,蹢
ㄇㄢˊ,蹣
ㄉㄞˋ,蹛
ㄑㄧㄤ,蹡
ㄓㄢˋ,蹔
ㄘㄨˋ,蹙
ㄘㄨˋ,蹴
ㄉㄨㄣ,蹲
ㄉㄥˋ,蹬
ㄐㄩㄝˊ,蹶
ㄆㄨˊ,蹼
1.ㄑㄧㄠ2.ㄐㄧㄠˇ3.ㄐㄩㄝˊ,蹻
ㄔㄨˊ,躇
ㄓㄨˊ,躅
ㄐㄧ,躋
ㄩㄝˋ,躍
1.ㄌㄧˋ2.ㄌㄨㄛˋ,躒
ㄖㄤˇ,躟
ㄙㄚˋ,躠
ㄐㄧˊ,躤
ㄗㄨㄢ,躦
1.ㄕㄣ2.ㄐㄩㄢ,身
1.ㄐㄩ2.ㄔㄜ,車
1.ㄧㄚˋ2.ㄍㄚˊ,軋
ㄒㄩㄢ,軒
ㄩㄝˋ,軏
ㄉㄞˋ,軑
ㄎㄜ＊ㄎㄜˇ,軻
ㄧㄠˊ,軺
ㄅㄚˊ,軷
ㄓㄡˊ,軸
ㄧˋ,軼
ㄑㄩˊ,軥
ㄈㄨˇ,軵
ㄈㄢˋ,軬
ㄐㄧㄠˋ,較
ㄎㄞˇ,輆
1.ㄆㄧㄥˊ2.ㄆㄥ,軿
1.ㄗㄞˋ2.ㄗㄞˇ,載
ㄍㄨㄥˇ,輁
ㄌㄨˋ,輅
ㄑㄩㄢˊ,輇
ㄨㄢˋ,輐
ㄑㄩㄣ,輑
ㄑㄧㄥ,輕
ㄨㄢˇ,輓
ㄔㄨㄛˋ,輟
ㄌㄧㄤˋ,輛
ㄌㄧㄥˊ,輘
ㄍㄨㄛˇ,輠
ㄌㄨㄣˊ,輪
ㄗ,輜
ㄋㄧㄢˇ,輦
ㄧㄡˊ,輶
ㄍㄜˊ,輵
ㄔㄨㄢˊ,輲
ㄕㄨ,輸
ㄒㄧㄚˊ,轄
ㄓㄢˇ＊ㄋㄧㄢˇ,輾
ㄨㄣ,轀
1.ㄍㄨˇ2.ㄍㄨ,轂
1.ㄓㄨㄢˇ2.ㄓㄨㄢˋ,轉
1.ㄔㄜˋ2.ㄓㄜˊ,轍
ㄐㄧㄡ,轇
ㄌㄧㄣˊ,轔
ㄌㄠˇ,轑
ㄅㄨˊ,轐
ㄐㄧㄠˋ,轎
ㄧˇ,轙
ㄎㄢˇ,轗
ㄏㄨㄢˊ,轘
ㄉㄨㄟˋ,轛
ㄩˊ,轝
ㄆㄟˋ,轡
1.ㄅㄧˋ2.ㄆㄧˋ＊ㄆㄧˋ,辟
ㄅㄧㄢˋ,辨
ㄅㄧㄢˋ,辯
ㄖㄨˋ,辱
ㄓㄣˇ,辴
ㄩ,迂
ㄧˊ,迆
ㄑㄧˋ,迄
ㄒㄩㄣˊ,巡
ㄨㄤˋ,迋
ㄨˇ,迕
ㄧㄥˊ,迎
ㄐㄧㄣˋ,近
ㄓˋ,迣
ㄐㄧㄚ,迦
ㄐㄩㄥˇ,迥
ㄧˊ,迤
ㄗㄜˊ,迮
ㄆㄛˋ,迫
ㄅㄥˋ,迸
1.ㄆㄤˊ2.ㄈㄥˊ,逄
ㄊㄨㄟˋ,退
ㄉㄨㄥˋ,迵
ㄍㄨㄚ,适
1.ㄓㄨㄟ2.ㄉㄨㄟ,追
ㄏㄡˋ,逅
ㄓㄜˋ,這
ㄊㄨㄥ,通
ㄌㄧㄢˊ,連
ㄔㄥˇ,逞
ㄑㄩㄣ,逡
ㄗㄠˋ,造
ㄊㄡˋ,透
1.ㄈㄥˊ2.ㄆㄥˊ,逢
ㄍㄨㄤˋ,逛
1.ㄉㄞˋ2.ㄉㄞˇ,逮
ㄅㄧㄢˋ,遍
ㄑㄧㄡˊ,遒
ㄉㄠˋ,道
ㄙㄨㄟˋ,遂
ㄉㄚˊ,達
ㄅㄧ,逼
1.ㄍㄨㄛˋ2.ㄍㄨㄛ,過
ㄉㄨㄣˋ,遁
1.ㄩㄢˇ2.ㄩㄢˋ,遠
ㄒㄩㄣˋ,遜
ㄑㄧㄢˇ,遣
ㄌㄧㄡˋ,遛
ㄉㄧˋ,遞
1.ㄕˋ2.ㄉㄧˊ＊ㄓㄜˊ,適
ㄓㄜ,遮
ㄉㄧˋ,遰
ㄌㄧㄣˊ,遴
ㄒㄩㄢˇ,選
1.ㄔˊ2.ㄓˋ,遲
ㄖㄠˋ,遶
ㄨˋ,遻
1.ㄧˊ2.ㄨㄟˋ,遺
ㄊㄥˊ,邆
ㄓㄢ,邅
ㄅㄧˋ,避
1.ㄏㄨㄢˊ2.ㄏㄞˊ＊ㄒㄩㄢˊ,還
1.ㄌㄚ2.ㄌㄧㄝˋ,邋
ㄩㄥ,邕
ㄇㄤˊ,邙
ㄏㄢˊ,邗
ㄎㄤˋ,邟
ㄈㄤ,邡
1.ㄋㄚˋ2.ㄋㄚˇ3.ㄋㄚ＊˙ㄋㄚ＊ㄋㄨㄛˊ,那
ㄒㄧㄥˊ,邢
1.ㄒㄧㄝˊ2.ㄧㄝˊ,邪
ㄅㄧㄥˇ,邴
ㄅㄟˋ,邶
ㄊㄞˊ,邰
ㄒㄩㄣˊ,郇
ㄏㄜˊ,郃
ㄈㄨˇ,郙
ㄏㄠˇ,郝
ㄔ,郗
ㄍㄠˋ,郜
ㄈㄨˊ,郛
ㄅㄨˋ,部
ㄑㄧ,郪
ㄆㄧˊ,郫
1.ㄉㄨ2.ㄉㄡ,都
ㄩㄣˋ,鄆
ㄧㄢˇ,郾
ㄇㄟˊ,郿
ㄖㄨㄛˋ,鄀
ㄩˇ,鄅
ㄏㄡˊ,鄇
ㄕㄨ,鄃
ㄒㄧㄤ＊ㄒㄧㄤˋ＊ㄒㄧㄤˇ,鄉
ㄩㄥ,郺
1.ㄏㄠˋ2.ㄑㄧㄠ,鄗
ㄔㄨˋ,鄐
ㄐㄧㄣˋ,鄑
ㄓㄤ,鄣
ㄩㄥ,鄘
ㄈㄨ,鄜
ㄓㄨㄢ,鄟
ㄧㄢ,鄢
ㄧㄣˊ,鄞
ㄅㄧˇ,鄙
ㄇㄢˋ,鄤
ㄅㄧˋ,鄨
ㄆㄛˊ,鄱
ㄎㄨㄞˋ,鄶
ㄗㄡ,鄹
ㄎㄨㄤˋ,鄺
ㄌㄧˋ,酈
ㄗㄢˋ,酇
1.ㄉㄧㄥˇ2.ㄉㄧㄥ,酊
ㄍㄢ,酐
ㄧˊ,酏
ㄉㄢ＊ㄓㄣˋ,酖
ㄊㄡˊ,酘
ㄏㄢ,酣
1.ㄗㄨㄛˋ2.ㄘㄨˋ,酢
ㄇㄧㄥˊ,酩
ㄌㄨㄛˋ,酪
ㄒㄧㄠˋ,酵
ㄔㄨㄛˋ,醊
ㄘㄨˋ,醋
ㄧㄢ,醃
ㄊㄧˊ,醍
ㄒㄧㄥˇ,醒
ㄑㄩㄢˊ,醛
ㄩˋ,醧
ㄧ,醫
ㄆㄛˋ,醱
ㄆㄨˊ,醭
ㄧˋ,醷
ㄧˋ,醳
ㄙ＊ㄌㄧˊ,釃
ㄘㄞˇ,采
ㄕˋ,釋
1.ㄓㄨㄥˋ2.ㄔㄨㄥˊ,重
1.ㄌㄧㄤˋ2.ㄌㄧㄤˊ,量
1.ㄌㄧˊ2.ㄒㄧ,釐
1.ㄉㄧㄥ2.ㄉㄧㄥˋ,釘
ㄌㄧㄠˇ,釕
ㄏㄢˋ,釬
ㄍㄤ,釭
ㄉㄧˋ,釱
ㄎㄡˋ,釦
ㄈㄢˊ,釩
ㄔㄨㄢˋ,釧
ㄕㄢ,釤
1.ㄒㄧㄥˊ2.ㄐㄧㄢ,鈃
1.ㄆㄚˊ2.ㄅㄚ,鈀
ㄆㄧˊ,鈚
ㄔㄠ,鈔
ㄙㄜˋ,鈒
ㄧㄣˊ,釿
ㄧㄢˊ,鈆
ㄊㄚ＊ㄊㄨㄛˊ,鉈
ㄋㄧˊ,鈮
1.ㄍㄨˇ2.ㄍㄨ,鈷
ㄩㄝˋ,鉞
ㄕㄨˋ,鉥
ㄅㄚˊ,鈸
ㄔㄨˊ,鉏
ㄐㄧㄚˇ,鉀
ㄧㄡˋ,鈾
ㄉㄧㄢˋ,鈿
ㄑㄧㄢˊ,鉆
ㄅㄠˋ,鉋
ㄍㄡ,鉤
1.ㄑㄧㄢ2.ㄧㄢˊ,鉛
1.ㄆㄧ2.ㄆㄧˊ,鈹
ㄐㄧㄠˇ,鉸
ㄦˇ,鉺
1.ㄧㄠˊ2.ㄉㄧㄠˋ3.ㄊㄧㄠˊ,銚
ㄧˊ,鉹
ㄓㄨ,銖
ㄒㄧㄢˇ,銑
ㄒㄧㄢ,銛
ㄍㄜˋ,鉻
ㄏㄜˊ,鉿
ㄏㄡˊ,銗
ㄑㄩㄥ,銎
1.ㄊㄧˋ2.ㄊㄧ,銻
ㄖㄨㄟˋ,銳
ㄑㄧㄣˇ,鋟
1.ㄐㄩ2.ㄐㄩˊ,鋦
1.ㄆㄨ2.ㄆㄨˋ,鋪
ㄨˊ,鋙
ㄒㄩㄢ,鋗
ㄨˊ,鋘
ㄌㄩˇ,鋁
ㄊㄧㄥˇ,鋌
ㄨˋ,鋈
ㄆㄡˊ,
1.ㄔㄨㄣˊ2.ㄉㄨㄟˋ,錞
ㄐㄩㄢˋ,錈
1.ㄊㄢˊ2.ㄒㄧㄢ,錟
ㄐㄩˋ＊ㄐㄩ,鋸
ㄧㄚˋ,錏
ㄘㄨㄛˋ,錯
1.ㄑㄧㄢˊ2.ㄐㄧㄢˇ,錢
ㄑㄧˊ,錡
1.ㄍㄤ2.ㄍㄤˋ,鋼
ㄎㄜˋ,錁
ㄒㄧˊ,錫
ㄊㄠˊ,錭
ㄌㄨˋ,錄
ㄧㄢˊ,鋋
ㄔㄨㄟˊ,錘
ㄔㄣˇ,鍖
ㄓㄣ,鍼
ㄉㄧ,鍉
ㄑㄧㄝˋ,鍥
ㄅㄤˋ,鎊
1.ㄏㄠˋ2.ㄍㄠˇ,鎬
ㄍㄜˊ,鎘
ㄋㄡˋ,鎒
ㄎㄞˇ,鎧
ㄔㄨㄟˊ,鎚
ㄨ,鎢
1.ㄆㄧˋ2.ㄅㄧˋ,鎞
ㄓㄣˋ,鎮
1.ㄑㄧㄤ2.ㄔㄥ,鎗
ㄩㄥ,鏞
ㄒㄩㄢˋ,鏇
ㄗㄨˊ,鏃
ㄏㄨㄟˋ,鏏
1.ㄑㄧㄤˇ2.ㄑㄧㄤ,鏹
ㄌㄧㄢˋ,鏈
ㄡ,鏂
ㄌㄧㄡˊ,鏐
ㄊㄤ,鏜
ㄌㄡˋ,鏤
ㄘㄨㄟ,鏙
ㄕㄚ,鎩
ㄠˊ,鏊
ㄗㄢˋ,鏨
ㄊㄤ,鐋
ㄉㄨㄣ＊ㄉㄨㄟˋ,鐓
ㄉㄥˋ＊ㄉㄥ,鐙
ㄊㄢˊ,鐔
ㄒㄧㄢˋ,鏾
ㄌㄧㄠˊ,鐐
ㄐㄧㄢˋ,
ㄐㄧㄠ,鐎
ㄐㄧ,鐖
1.ㄉㄤ2.ㄔㄥ,鐺
ㄐㄩˋ,鐻
ㄍㄚˊ,
ㄓㄨㄛˊ,鐲
ㄐㄩㄢ,鐫
1.ㄒㄩ2.ㄖㄨˊ,鑐
ㄑㄧㄥ,鑋
ㄒㄧㄤ,鑲
ㄌㄢˊ,鑭
ㄧㄠˋ,鑰
ㄘㄨㄢˋ,
ㄒㄧ,鑴
1.ㄗㄨㄢ2.ㄗㄨㄢˋ,鑽
ㄗㄠˊ,鑿
1.ㄔㄤˊ2.ㄓㄤˇ,長
ㄕㄢˇ,閃
ㄈㄤ,閍
1.ㄐㄧㄢ2.ㄐㄧㄢˋ,間
ㄒㄧㄢˊ＊ㄐㄧㄢ＊ㄐㄧㄢˋ,閒
ㄒㄧㄚˇ,閜
ㄓㄚˊ,閘
ㄏㄜˊ,閡
ㄇㄧㄣˇ,閩
ㄍㄜˊ＊ㄍㄜ,閣
1.ㄍㄜˊ2.ㄏㄜˊ,閤
ㄌㄤˇ,閬
ㄎㄨㄣˇ,閫
1.ㄜˋ2.ㄧㄢ,閼
ㄩˋ,閾
ㄧㄢ,閹
ㄔㄤ,閶
ㄧㄢˊ,閻
1.ㄢˋ2.ㄢ,闇
ㄑㄩㄝˋ,闋
ㄧㄣ,闉
ㄕㄜˊ,闍
ㄨㄣˊ,闅
ㄅㄢˇ,闆
1.ㄑㄩㄝˋ2.ㄑㄩㄝ,闕
ㄔㄨㄤˇ,闖
ㄎㄞˇ,闓
ㄊㄤˊ,闛
ㄍㄨㄢ,關
ㄎㄢˋ,闞
ㄔㄢˇ,闡
ㄏㄨㄟˋ,闠
1.ㄒㄧˋ2.ㄊㄚˋ,闟
1.ㄓˋ2.ㄧˇ＊ㄊㄨㄛˊ,阤
ㄑㄧㄢ,阡
ㄎㄥ,阬
ㄖㄨㄢˇ,阮
ㄐㄧㄥˇ,阱
ㄜˋ,阨
ㄊㄨㄛˊ,陀
1.ㄜ2.ㄚ,阿
ㄉㄧㄢˋ,阽
1.ㄆㄧˊ2.ㄆㄛ,陂
ㄈㄨˋ,附
ㄉㄨㄛˋ,陏
ㄉㄨㄛˋ,陊
1.ㄐㄧㄤˋ2.ㄒㄧㄤˊ,降
ㄩㄢˋ,院
ㄒㄧㄥˊ,陘
ㄓˋ,陟
ㄔㄨˊ,除
ㄔㄣˊ＊ㄓㄣˋ,陳
1.ㄌㄨˋ2.ㄌㄧㄡˋ,陸
ㄑㄧˊ,陭
1.ㄊㄠˊ2.ㄧㄠˊ,陶
ㄒㄧㄢˋ,陷
ㄧㄣ＊ㄧㄣˋ＊ㄢ,陰
ㄉㄨㄟˋ＊ㄓㄨㄟˋ,隊
ㄙㄨㄟˊ,隋
ㄖㄥˊ,陾
ㄊㄧˊ,隄
ㄨㄟ,隈
ㄩˊ,隃
ㄞˋ,隘
ㄍㄜˊ,隔
ㄩㄣˇ,隕
ㄑㄧˊ,隑
ㄨㄟˇ,隗
ㄓㄤˋ,障
ㄙㄨㄟˋ,隧
ㄩˋ＊ㄠˋ,隩
ㄒㄧㄢˇ,險
ㄧㄣˇ,隱
ㄌㄧˋ,隸
ㄓㄨㄟ,隹
ㄓㄨㄣˇ,隼
ㄑㄩㄝˋ,雀
ㄍㄨˋ,雇
1.ㄧㄚˇ2.ㄧㄚ,雅
ㄑㄧㄣˊ,雂
ㄩㄥ,雍
ㄐㄩ,雎
ㄓˋ,雉
ㄍㄡˋ,雊
ㄐㄩㄢˋ＊ㄐㄩㄣˋ,雋
ㄘ,雌
ㄙㄨㄟ,雖
ㄍㄨㄢˋ,雚
ㄔㄨˊ,雛
ㄩㄥ,雝
ㄕㄨㄤ,雙
ㄏㄨㄛˋ,雘
ㄒㄧ,巂
ㄌㄧˊ,離
1.ㄋㄢˊ2.ㄋㄢˋ3.ㄋㄨㄛˊ,難
1.ㄩˇ2.ㄩˋ,雨
ㄒㄩㄝˇ,雪
ㄩˊ,雩
ㄆㄤˊ,雱
ㄌㄟˊ,雷
ㄅㄠˊ,雹
ㄌㄧㄥˊ,零
ㄒㄩ,需
ㄓㄚˊ,霅
ㄓㄣˋ,震
ㄇㄛˋ,霢
ㄆㄧ,霹
1.ㄅㄚˋ2.ㄆㄛˋ,霸
1.ㄌㄨˋ2.ㄌㄡˋ,露
ㄇㄥˊ,霿
ㄞˇ,靄
ㄏㄨㄛˋ,靃
ㄞˋ,靉
ㄑㄧㄥ＊ㄐㄧㄥ,青
ㄈㄟ,非
ㄇㄧˇ＊ㄇㄧˊ,靡
1.ㄇㄧㄢˇ2.ㄊㄧㄢˇ,靦
ㄧㄝˋ,靨
ㄍㄜˊ＊ㄐㄧˊ,革
ㄉㄧㄥ,靪
ㄧㄣˇ,靷
1.ㄅㄚˇ2.ㄅㄚˋ,靶
ㄙㄚˇ,靸
ㄑㄧㄣˊ,靲
ㄧˋ,靾
ㄧㄤ,鞅
ㄅㄠ,鞄
1.ㄐㄧㄚˊ2.ㄊㄚˋ,鞈
ㄑㄧㄠˋ,鞘
ㄐㄩㄢ,鞙
ㄇㄢˊ,鞔
ㄐㄩˊ,鞠
1.ㄅㄧㄥˇ2.ㄅㄟ＊ㄆㄧˊ,鞞
ㄖㄡˊ,鞣
ㄐㄧㄢ,鞬
ㄉㄧ,鞮
ㄏㄜˊ,鞨
1.ㄇㄨˋ2.ㄇㄡˊ,鞪
ㄉㄚˊ,韃
ㄐㄧㄤ,韁
ㄏㄨㄛˋ,韄
ㄇㄟˋ,韎
ㄍㄜˊ,韐
ㄩㄣˋ,韗
ㄍㄡ,韝
ㄩㄣˋ,韞
ㄊㄠ,韜
ㄉㄨˊ,韣
ㄒㄧㄢ,韱
ㄧㄣ,音
ㄐㄧㄥˋ,竟
ㄏㄨㄤˊ,韹
ㄢ,韽
ㄧㄝˋ,頁
ㄎㄨㄟˊ,頄
ㄑㄧㄥˇ＊ㄑㄧㄥ,頃
ㄏㄤˊ,頏
ㄒㄩˋ,頊
ㄎㄨㄟˇ,頍
1.ㄉㄨㄣˋ2.ㄉㄨˊ,頓
ㄑㄧˊ,頎
ㄅㄢ,頒
ㄙㄨㄥˋ＊ㄖㄨㄥˊ,頌
ㄆㄛˇ,頗
ㄜˋ,頞
1.ㄏㄞˊ2.ㄎㄜ,頦
1.ㄒㄧㄝˊ2.ㄐㄧㄝˊ,頡
ㄩˇ,頨
ㄍㄜˊ,頜
ㄈㄨˇ,頫
ㄐㄩㄣ,頵
ㄊㄡˊ,頭
1.ㄐㄧㄥˇ2.ㄍㄥˇ,頸
ㄏㄢˋ,頷
ㄎㄨㄟˊ,頯
ㄏㄢˋ,顄
ㄎㄜ,顆
ㄑㄧㄣ,顉
ㄏㄨㄣˊ,顐
ㄜˊ,額
ㄊㄧˊ,題
ㄐㄧㄤˇ,顜
ㄎㄨ,顝
ㄉㄧㄢ,顛
ㄆㄧㄠˇ,顠
ㄇㄢˊ,顢
ㄓㄢˋ,顫
ㄑㄧㄢ,顩
1.ㄈㄥ2.ㄈㄥˋ,風
ㄆㄠˊ＊ㄅㄧㄠ,颮
ㄙㄚˋ,颯
ㄧㄤˊ,颺
ㄙ,颸
ㄙㄠ,颾
ㄧㄠˊ,颻
ㄈㄢˊ,颿
ㄌㄧㄠˊ,飂
1.ㄕˊ2.ㄙˋ3.ㄧˋ,食
ㄖㄣˋ,飪
1.ㄧㄣˇ2.ㄧㄣˋ,飲
ㄉㄨㄣˋ,飩
ㄈㄢˋ,飯
ㄅㄧˋ,飶
ㄧˊ,飴
ㄐㄧㄠˇ,餃
ㄦˇ,餌
ㄊㄧㄢˇ,餂
ㄒㄧㄤˇ,餉
1.ㄧㄤˇ2.ㄧㄤˋ,養
ㄅㄨ,餔
ㄍㄨㄢˇ,館
ㄉㄢˋ,餤
ㄓㄨㄟˋ,餟
ㄧㄠˊ,餚
ㄨㄟˋ＊ㄋㄟˇ,餧
ㄩㄣˋ,餫
ㄒㄧㄥˊ,餳
ㄞˋ,餲
ㄌㄧㄡˋ,餾
ㄐㄧㄣˇ,饉
ㄓㄨㄢˋ,饌
ㄧˋ,饐
ㄖㄠˊ,饒
ㄒㄧ,饎
ㄎㄨㄟˋ,饋
ㄕㄡˇ,首
ㄎㄨㄟˊ,馗
1.ㄍㄨㄛˊ2.ㄒㄩˋ,馘
ㄅㄧˋ,馝
ㄧㄢˇ,馣
ㄈㄨˋ,馥
ㄒㄧㄣ,馨
1.ㄈㄥˊ2.ㄆㄧㄥˊ,馮
1.ㄏㄢˋ2.ㄑㄧㄢ,馯
1.ㄊㄨㄛˊ2.ㄉㄨㄛˋ,馱
ㄓㄜˊ,馲
ㄒㄩㄣˊ＊ㄒㄩㄣˋ,馴
ㄐㄩㄝˊ,駃
ㄖˋ,馹
1.ㄗㄤˇ2.ㄗㄨˋ,駔
1.ㄊㄞˊ2.ㄉㄞˋ,駘
ㄏㄞˋ,駭
ㄊㄠˊ,駣
ㄑㄩㄢˊ,駩
ㄌㄤˊ,駺
1.ㄒㄧㄝˋ2.ㄏㄞˋ,駴
ㄞˊ,騃
ㄑㄧˊ,騎
ㄎㄨㄟˊ,騤
ㄐㄧㄢ,騝
ㄙㄠ,騷
ㄔㄥˊ,騬
ㄗㄡ,騶
ㄍㄨㄟ,騩
ㄑㄧㄢ＊ㄐㄧㄢˇ,騫
ㄊㄥˊ,騰
ㄑㄩ,驅
ㄑㄧˊ,騹
ㄒㄧˊ,騽
ㄠˊ,
ㄉㄧㄢˋ,驔
1.ㄊㄨㄛˊ2.ㄊㄢ,驒
ㄐㄧㄠ,驕
ㄓㄢˋ,驏
ㄕㄨㄤ,驦
1.ㄍㄨˇ2.ㄍㄨˊ3.ㄍㄨ,骨
1.ㄤ2.ㄎㄤˇ,骯
ㄊㄡˊ,骰
ㄎㄜ,髁
ㄅㄧˋ,髀
ㄆㄤˇ,
ㄗˋ,髊
ㄗㄤ,髒
1.ㄅㄧㄠ2.ㄕㄢ,髟
ㄇㄠˊ,髦
1.ㄇㄠˊ2.ㄇㄥˊ,髳
ㄐㄧˋ,髻
ㄎㄨㄛˋ,髺
ㄑㄩㄢˊ,鬈
ㄊㄧˋ,鬄
ㄐㄧㄢ,鬋
ㄕㄨㄣˋ,鬊
ㄉㄨㄛˇ,鬌
ㄓㄣˇ,鬒
ㄎㄨㄛˋ,鬠
ㄖㄤˊ,鬤
ㄗㄨㄢˇ,
ㄏㄢˇ,鬫
1.ㄍㄜˊ2.ㄌㄧˋ,鬲
ㄒㄧㄣˊ,鬵
ㄩˋ,鬻
ㄎㄨㄟˊ,魁
ㄑㄧˊ,鬾
1.ㄆㄛˋ2.ㄊㄨㄛˋ,魄
ㄊㄨㄟˊ,魋
ㄨㄟˋ＊ㄨㄟˊ,魏
ㄒㄩ,
ㄉㄧˊ,魡
ㄏㄤˊ,魧
ㄩㄢˊ,
ㄑㄩ,魼
ㄓㄚˇ,鮓
1.ㄒㄧㄢ2.ㄒㄧㄢˇ,鮮
ㄧˊ,
1.ㄍㄨㄟ2.ㄒㄧㄝˊ,鮭
ㄑㄧˊ,鮨
ㄆㄨ,鯆
ㄇㄧㄢˇ,鮸
ㄔㄡˊ,鯈
ㄐㄧˋ,鯽
ㄐㄧㄥ,鯨
ㄑㄧㄥ,鯖
ㄗㄡ,鯫
ㄐㄧㄡˋ,鯦
ㄒㄧㄚ,
ㄉㄧㄝˊ,鰈
ㄊㄧˊ,鯷
ㄩˊ,鰅
1.ㄙㄞ2.ㄒㄧˇ,鰓
ㄈㄨˋ,鰒
ㄑㄧㄡ,鰍
ㄐㄧㄢ,鰜
ㄊㄚˋ,鰨
ㄍㄨㄢ,鰥
ㄐㄧˊ,鰿
ㄓㄨㄢ,鱄
ㄇㄢˊ,鰻
ㄕㄢˋ,鱔
ㄗㄨㄣ,鱒
ㄩˋ,鱊
ㄅㄛ,鱍
ㄍㄨㄟˋ,鱖
1.ㄓㄢ3.ㄕㄢˋ＊ㄕㄢˋ,鱣
ㄕㄥˊ,鱦
ㄏㄡˋ,鱟
ㄌㄨㄛˋ,鱳
ㄌㄧˊ,鱺
1.ㄋㄧㄠˇ2.ㄉㄧㄠˇ,鳥
ㄉㄧㄠ,鳭
ㄍㄢ,鳱
ㄐㄩㄝˊ,鴃
ㄈㄨ,鳺
ㄧㄚ,鴉
1.ㄈㄣ2.ㄅㄢ,鳻
ㄩˋ,鴥
ㄉㄢˋ,鴠
ㄧˋ,鴩
1.ㄑㄩˊ2.ㄍㄡ,鴝
ㄧㄠˇ,鴢
ㄧㄢˋ,鴳
ㄐㄧˊ,鴶
ㄨ,鴮
ㄞˋ,鴱
1.ㄌㄨㄛˋ2.ㄍㄜˊ,鵅
ㄊㄨˊ,鵌
ㄅㄨˋ,鵏
1.ㄏㄨˊ2.ㄍㄨˇ,鵠
ㄐㄧㄝˊ,鵖
ㄔㄨㄣˊ,鶉
ㄉㄨㄛˋ,鵽
ㄑㄩㄝˋ,鵲
ㄧˋ,鶂
ㄅㄟ,鵯
ㄨˋ,鶩
ㄊㄧˊ,鶙
ㄩㄣˋ,鶤
ㄆㄧㄢ,鶣
ㄈㄨˊ,鶝
ㄐㄩˊ,鶪
ㄊㄧˊ,鶗
ㄏㄜˊ,鶡
ㄏㄜˋ,鶴
1.ㄍㄨˇ2.ㄏㄨˊ,鶻
ㄘㄤ,鶬
ㄧㄠˋ,鷂
ㄍㄠ,鷎
ㄧ,鷖
ㄧㄠˇ,鷕
ㄊㄨㄢˊ,鷒
ㄕㄨㄤˇ,鷞
ㄌㄧㄡˋ,鷚
ㄅㄧˋ,鷩
ㄊㄨㄢˊ,鷻
ㄧㄣˊ,鷣
ㄌㄧㄠˊ,鷯
1.ㄊㄢˊ2.ㄊㄧˊ,鷤
ㄐㄧㄠ,鷮
ㄆㄧˋ,鷿
ㄓㄨˊ,鸀
ㄩˋ,鸒
ㄋㄧㄥˊ,鸋
ㄕ,鸍
ㄉㄧˊ,鸐
ㄍㄨㄢˋ,鸛
ㄒㄧㄢˊ,鹹
1.ㄧㄢˊ2.ㄧㄢˋ,鹽
1.ㄅㄧㄠ2.ㄆㄠˊ,麃
ㄓㄨˋ,麆
ㄐㄩㄣ,麇
1.ㄌㄧˋ2.ㄌㄧˊ,麗
ㄋㄧˊ,麑
ㄐㄧ,麡
ㄇㄞˋ,麥
ㄑㄩˋ,麮
1.ㄇㄛˊ2.．ㄇㄜ3.ㄇㄚˊ,麼
ㄋㄧㄢˊ,黏
ㄔ,黐
ㄏㄟ,黑
ㄑㄧㄢˊ,黔
ㄧㄝˋ,黦
ㄧㄢˇ,黤
ㄉㄤˇ,黨
ㄊㄢˇ,黮
ㄧㄢˇ,黭
1.ㄇㄧㄣˇ2.ㄇㄥˇ,黽
ㄔㄠˊ＊ㄓㄠ,
ㄋㄞˋ,鼐
ㄉㄨㄥ,鼕
ㄨㄣˊ,鼤
ㄈㄣˊ,鼢
ㄑㄧㄢˇ,鼸
ㄙ,鼶
ㄏㄢ,鼾
ㄏㄜˊ,齃
1.ㄑㄧˊ2.ㄐㄧˋ3.ㄗ＊ㄓㄞ,齊
ㄓㄞ,齋
ㄐㄧˋ,齌
ㄏㄜˊ,齕
ㄧㄚˊ,齖
ㄧㄣˊ,齗
ㄒㄧㄝˋ,齛
ㄧㄢˇ,齞
ㄔ,齝
ㄧㄣˊ,齦
ㄎㄨㄣˇ,齫
ㄗㄡ,齱
ㄗㄜˊ,齰
ㄧˇ,齮
ㄩˊ,齵
ㄗㄡ,齺
ㄌㄨㄥˊ,龍
ㄍㄨㄥ,龔
1.ㄍㄨㄟ2.ㄐㄩㄣ3.ㄑㄧㄡ,龜
ㄅㄚ,叭
ㄅㄚ,巴
ㄅㄚ,芭
ㄅㄚ,疤
ㄅㄚ,粑
ㄅㄚ,蚆
ㄅㄚ,豝
ㄅㄚ,峇
ㄅㄚˊ,魃
ㄅㄚˊ,鼥
ㄅㄚˋ,弝
ㄅㄚˋ,爸
ㄅㄚˋ,猈
ㄅㄚˋ,矲
ㄅㄚˋ,灞
ㄅㄚˋ,壩
ㄅㄛ,玻
ㄅㄛ,缽
ㄅㄛ,嚗
ㄅㄛ,嶓
ㄅㄛ,砵
ㄅㄛ,蹳
ㄅㄛ,餑
ㄅㄛˊ,勃
ㄅㄛˊ,博
ㄅㄛˊ,帛
ㄅㄛˊ,僰
ㄅㄛˊ,渤
ㄅㄛˊ,懪
ㄅㄛˊ,舶
ㄅㄛˊ,鉑
ㄅㄛˊ,駁
ㄅㄛˊ,脖
ㄅㄛˊ,蔔
ㄅㄛˊ,挬
ㄅㄛˊ,浡
ㄅㄛˊ,犮
ㄅㄛˊ,瓝
ㄅㄛˊ,礡
ㄅㄛˊ,簙
ㄅㄛˊ,駮
ㄅㄛˊ,糪
ㄅㄛˊ,髆
ㄅㄛˊ,襮
ㄅㄛˊ,鎛
ㄅㄛˊ,鑮
ㄅㄛˊ,襏
ㄅㄛˊ,郣
ㄅㄛˊ,鵓
ㄅㄛˋ,亳
ㄅㄛˋ,挀
ㄅㄛˋ,檗
ㄅㄞ,掰
ㄅㄞˇ,擺
ㄅㄞˋ,拜
ㄅㄞˋ,敗
ㄅㄞˋ,唄
ㄅㄞˋ,稗
ㄅㄞˋ,粺
ㄅㄟ,卑
ㄅㄟ,悲
ㄅㄟ,杯
ㄅㄟ,盃
ㄅㄟ,碑
ㄅㄟ,揹
ㄅㄟ,桮
ㄅㄟˋ,倍
ㄅㄟˋ,鄁
ㄅㄟˋ,備
ㄅㄟˋ,鋇
ㄅㄟˋ,狽
ㄅㄟˋ,糒
ㄅㄟˋ,貝
ㄅㄟˋ,偝
ㄅㄟˋ,牬
ㄅㄟˋ,碚
ㄅㄟˋ,輩
ㄅㄟˋ,褙
ㄅㄟˋ,郥
ㄅㄟˋ,焙
ㄅㄟˋ,蓓
ㄅㄠ,苞
ㄅㄠ,褒
ㄅㄠ,孢
ㄅㄠ,煲
ㄅㄠˇ,保
ㄅㄠˇ,寶
ㄅㄠˇ,褓
ㄅㄠˇ,飽
ㄅㄠˇ,媬
ㄅㄠˇ,駂
ㄅㄠˇ,鳵
ㄅㄠˇ,鴇
ㄅㄠˋ,豹
ㄅㄠˋ,鮑
ㄅㄠˋ,儤
ㄅㄠˋ,忁
ㄅㄠˋ,虣
ㄅㄢ,搬
ㄅㄢ,斑
ㄅㄢ,班
ㄅㄢ,斒
ㄅㄢ,瘢
ㄅㄢ,褩
ㄅㄢˇ,板
ㄅㄢˇ,版
ㄅㄢˇ,舨
ㄅㄢˇ,阪
ㄅㄢˇ,昄
ㄅㄢˇ,粄
ㄅㄢˇ,蝂
ㄅㄢˇ,鈑
ㄅㄢˋ,瓣
ㄅㄢˋ,絆
ㄅㄢˋ,辦
ㄅㄢˋ,湴
ㄅㄢˋ,靽
ㄅㄣ,渀
ㄅㄣ,錛
ㄅㄣˇ,本
ㄅㄣˇ,畚
ㄅㄣˇ,苯
ㄅㄣˋ,笨
ㄅㄣˋ,坌
ㄅㄤ,幫
ㄅㄤ,梆
ㄅㄤ,邦
ㄅㄤ,鞤
ㄅㄤˇ,綁
ㄅㄤˇ,牓
ㄅㄤˋ,棒
ㄅㄤˋ,謗
ㄅㄤˋ,玤
ㄅㄤˋ,艕
ㄅㄤˋ,蒡
ㄅㄥ,崩
ㄅㄥ,伻
ㄅㄥ,傰
ㄅㄥ,祊
ㄅㄥˊ,甭
ㄅㄥˇ,琫
ㄅㄥˋ,蹦
ㄅㄥˋ,泵
ㄅㄧ,屄
ㄅㄧˊ,鼻
ㄅㄧˇ,匕
ㄅㄧˇ,彼
ㄅㄧˇ,筆
ㄅㄧˇ,朼
ㄅㄧˇ,柀
ㄅㄧˇ,沘
ㄅㄧˇ,秕
ㄅㄧˋ,幣
ㄅㄧˋ,庇
ㄅㄧˋ,弼
ㄅㄧˋ,必
ㄅㄧˋ,愎
ㄅㄧˋ,敝
ㄅㄧˋ,斃
ㄅㄧˋ,璧
ㄅㄧˋ,佖
ㄅㄧˋ,畢
ㄅㄧˋ,嗶
ㄅㄧˋ,碧
ㄅㄧˋ,閉
ㄅㄧˋ,陛
ㄅㄧˋ,睥
ㄅㄧˋ,蔽
ㄅㄧˋ,嬖
ㄅㄧˋ,彃
ㄅㄧˋ,怭
ㄅㄧˋ,愊
ㄅㄧˋ,揊
ㄅㄧˋ,毖
ㄅㄧˋ,繴
ㄅㄧˋ,罼
ㄅㄧˋ,滭
ㄅㄧˋ,腷
ㄅㄧˋ,獘
ㄅㄧˋ,畀
ㄅㄧˋ,蓽
ㄅㄧˋ,皕
ㄅㄧˋ,蜌
ㄅㄧˋ,箅
ㄅㄧˋ,襞
ㄅㄧˋ,粊
ㄅㄧˋ,襣
ㄅㄧˋ,湢
ㄅㄧˋ,觱
ㄅㄧˋ,珌
ㄅㄧˋ,詖
ㄅㄧˋ,稫
ㄅㄧˋ,綼
ㄅㄧˋ,熚
ㄅㄧˋ,痹
ㄅㄧˋ,篳
ㄅㄧˋ,贔
ㄅㄧˋ,蹕
ㄅㄧˋ,躄
ㄅㄧˋ,邲
ㄅㄧˋ,鄪
ㄅㄧˋ,鼊
ㄅㄧˋ,鉍
ㄅㄧˋ,駜
ㄅㄧˋ,驆
ㄅㄧˋ,髲
ㄅㄧˋ,鮅
ㄅㄧˋ,閟
ㄅㄧㄝ,鱉
ㄅㄧㄝ,虌
ㄅㄧㄝˊ,別
ㄅㄧㄝˊ,蛂
ㄅㄧㄝˊ,蟞
ㄅㄧㄝˊ,襒
ㄅㄧㄝˊ,蹩
ㄅㄧㄠ,爂
ㄅㄧㄠ,彪
ㄅㄧㄠ,猋
ㄅㄧㄠ,鑣
ㄅㄧㄠ,滮
ㄅㄧㄠ,熛
ㄅㄧㄠ,鏢
ㄅㄧㄠ,儦
ㄅㄧㄠ,瘭
ㄅㄧㄠ,穮
ㄅㄧㄠ,臕
ㄅㄧㄠ,蔈
ㄅㄧㄠ,贆
ㄅㄧㄠ,飆
ㄅㄧㄠ,驫
ㄅㄧㄠˇ,婊
ㄅㄧㄠˇ,表
ㄅㄧㄠˇ,錶
ㄅㄧㄠˇ,俵
ㄅㄧㄠˇ,裱
ㄅㄧㄠˇ,褾
ㄅㄧㄠˋ,鰾
ㄅㄧㄢ,邊
ㄅㄧㄢ,鞭
ㄅㄧㄢ,甂
ㄅㄧㄢ,籩
ㄅㄧㄢˇ,匾
ㄅㄧㄢˇ,貶
ㄅㄧㄢˇ,惼
ㄅㄧㄢˇ,窆
ㄅㄧㄢˇ,豍
ㄅㄧㄢˋ,卞
ㄅㄧㄢˋ,辮
ㄅㄧㄢˋ,變
ㄅㄧㄢˋ,忭
ㄅㄧㄢˋ,抃
ㄅㄧㄢˋ,汴
ㄅㄧㄢˋ,汳
ㄅㄧㄢˋ,釆
ㄅㄧㄢˋ,閞
ㄅㄧㄢˋ,鴘
ㄅㄧㄣ,彬
ㄅㄧㄣ,濱
ㄅㄧㄣ,繽
ㄅㄧㄣ,斌
ㄅㄧㄣ,邠
ㄅㄧㄣ,鑌
ㄅㄧㄣ,驞
ㄅㄧㄣˋ,殯
ㄅㄧㄣˋ,臏
ㄅㄧㄣˋ,鬢
ㄅㄧㄣˋ,擯
ㄅㄧㄣˋ,髕
ㄅㄧㄥ,兵
ㄅㄧㄥ,掤
ㄅㄧㄥˇ,鉼
ㄅㄧㄥˇ,丙
ㄅㄧㄥˇ,秉
ㄅㄧㄥˇ,餅
ㄅㄧㄥˇ,昺
ㄅㄧㄥˇ,窉
ㄅㄧㄥˇ,炳
ㄅㄧㄥˋ,併
ㄅㄧㄥˋ,摒
ㄅㄧㄥˋ,病
ㄅㄧㄥˋ,庰
ㄅㄨ,峬
ㄅㄨ,晡
ㄅㄨ,逋
ㄅㄨˇ,卜
ㄅㄨˇ,補
ㄅㄨˇ,鳪
ㄅㄨˋ,布
ㄅㄨˋ,步
ㄅㄨˋ,鈽
ㄅㄨˋ,佈
ㄅㄨˋ,抪
ㄆㄚ,啪
ㄆㄚ,葩
ㄆㄚ,趴
ㄆㄚˊ,爬
ㄆㄚˊ,琶
ㄆㄚˋ,帊
ㄆㄛ,坡
ㄆㄛ,潑
ㄆㄛˊ,婆
ㄆㄛˊ,皤
ㄆㄛˇ,叵
ㄆㄛˋ,珀
ㄆㄛˋ,破
ㄆㄛˋ,粕
ㄆㄛˋ,胉
ㄆㄛˋ,蒪
ㄆㄛˋ,釙
ㄆㄞˊ,俳
ㄆㄞˊ,牌
ㄆㄞˋ,派
ㄆㄞˋ,湃
ㄆㄞˋ,鎃
ㄆㄟ,呸
ㄆㄟ,胚
ㄆㄟ,岯
ㄆㄟ,柸
ㄆㄟ,醅
ㄆㄟˊ,賠
ㄆㄟˊ,陪
ㄆㄟˊ,毰
ㄆㄟˊ,邳
ㄆㄟˋ,佩
ㄆㄟˋ,珮
ㄆㄟˋ,配
ㄆㄟˋ,旆
ㄆㄟˋ,浿
ㄆㄟˋ,霈
ㄆㄠ,脬
ㄆㄠˊ,匏
ㄆㄠˊ,咆
ㄆㄠˊ,庖
ㄆㄠˊ,袍
ㄆㄠˊ,炰
ㄆㄠˋ,皰
ㄆㄠˋ,奅
ㄆㄠˋ,砲
ㄆㄡˊ,抔
ㄆㄢ,攀
ㄆㄢ,眅
ㄆㄢˊ,盤
ㄆㄢˊ,磐
ㄆㄢˊ,槃
ㄆㄢˊ,縏
ㄆㄢˊ,鞶
ㄆㄢˋ,判
ㄆㄢˋ,叛
ㄆㄢˋ,畔
ㄆㄢˋ,盼
ㄆㄢˋ,沜
ㄆㄢˋ,泮
ㄆㄢˋ,牉
ㄆㄢˋ,頖
ㄆㄣˊ,盆
ㄆㄤ,乓
ㄆㄤ,滂
ㄆㄤ,汸
ㄆㄤˊ,舽
ㄆㄤˇ,耪
ㄆㄥ,烹
ㄆㄥ,怦
ㄆㄥ,恲
ㄆㄥ,漰
ㄆㄥ,磞
ㄆㄥ,軯
ㄆㄥ,駍
ㄆㄥˊ,朋
ㄆㄥˊ,棚
ㄆㄥˊ,篷
ㄆㄥˊ,蓬
ㄆㄥˊ,鵬
ㄆㄥˊ,憉
ㄆㄥˊ,芃
ㄆㄥˊ,蟛
ㄆㄥˊ,輣
ㄆㄥˊ,髼
ㄆㄥˊ,鬅
ㄆㄥˇ,剻
ㄆㄥˇ,皏
ㄆㄥˋ,碰
ㄆㄥˋ,踫
ㄆㄥˋ,掽
ㄆㄥˋ,椪
ㄆㄧ,丕
ㄆㄧ,伾
ㄆㄧ,憵
ㄆㄧ,狉
ㄆㄧ,砒
ㄆㄧ,礔
ㄆㄧ,翍
ㄆㄧ,釽
ㄆㄧ,銔
ㄆㄧ,駓
ㄆㄧ,髬
ㄆㄧˊ,啤
ㄆㄧˊ,毗
ㄆㄧˊ,琵
ㄆㄧˊ,疲
ㄆㄧˊ,皮
ㄆㄧˊ,脾
ㄆㄧˊ,陴
ㄆㄧˊ,鼙
ㄆㄧˊ,蠯
ㄆㄧˊ,毘
ㄆㄧˊ,毞
ㄆㄧˊ,犤
ㄆㄧˊ,羆
ㄆㄧˊ,膍
ㄆㄧˊ,貔
ㄆㄧˊ,錍
ㄆㄧˊ,阰
ㄆㄧˊ,魾
ㄆㄧˇ,仳
ㄆㄧˇ,癖
ㄆㄧˇ,嚭
ㄆㄧˇ,圮
ㄆㄧˇ,庀
ㄆㄧˇ,諀
ㄆㄧˋ,媲
ㄆㄧˋ,屁
ㄆㄧˋ,譬
ㄆㄧˋ,闢
ㄆㄧˋ,擗
ㄆㄧˋ,澼
ㄆㄧˋ,甓
ㄆㄧㄝ,瞥
ㄆㄧㄝ,
ㄆㄧㄝˋ,嫳
ㄆㄧㄠ,飄
ㄆㄧㄠ,嘌
ㄆㄧㄠ,旚
ㄆㄧㄠˊ,瓢
ㄆㄧㄠˇ,犥
ㄆㄧㄠˇ,皫
ㄆㄧㄠˇ,篻
ㄆㄧㄠˇ,醥
ㄆㄧㄠˋ,驃
ㄆㄧㄢ,偏
ㄆㄧㄢ,篇
ㄆㄧㄢ,翩
ㄆㄧㄢ,媥
ㄆㄧㄢˊ,駢
ㄆㄧㄢˊ,胼
ㄆㄧㄢˊ,骿
ㄆㄧㄢˋ,騙
ㄆㄧㄣˊ,嬪
ㄆㄧㄣˊ,貧
ㄆㄧㄣˊ,頻
ㄆㄧㄣˊ,顰
ㄆㄧㄣˊ,嚬
ㄆㄧㄣˇ,品
ㄆㄧㄣˋ,牝
ㄆㄧㄥ,乒
ㄆㄧㄥ,甹
ㄆㄧㄥ,砯
ㄆㄧㄥ,頩
ㄆㄧㄥˊ,坪
ㄆㄧㄥˊ,憑
ㄆㄧㄥˊ,瓶
ㄆㄧㄥˊ,萍
ㄆㄧㄥˊ,評
ㄆㄧㄥˊ,帡
ㄆㄧㄥˊ,洴
ㄆㄧㄥˊ,缾
ㄆㄧㄥˊ,蓱
ㄆㄧㄥˊ,蛢
ㄆㄧㄥˊ,郱
ㄆㄧㄥˊ,鵧
ㄆㄨ,噗
ㄆㄨ,扑
ㄆㄨˊ,僕
ㄆㄨˊ,匍
ㄆㄨˊ,葡
ㄆㄨˊ,墣
ㄆㄨˊ,濮
ㄆㄨˊ,獛
ㄆㄨˊ,璞
ㄆㄨˊ,纀
ㄆㄨˊ,蒱
ㄆㄨˊ,酺
ㄆㄨˊ,鏷
ㄆㄨˇ,圃
ㄆㄨˇ,普
ㄆㄨˇ,浦
ㄆㄨˇ,鐠
ㄇㄚ,嬤
ㄇㄚˊ,痲
ㄇㄚˊ,麻
ㄇㄚˊ,犘
ㄇㄚˇ,瑪
ㄇㄚˇ,碼
ㄇㄚˇ,馬
ㄇㄚˇ,鎷
ㄇㄚˋ,罵
ㄇㄚˋ,嘜
ㄇㄚˋ,禡
ㄇㄛˊ,糢
ㄇㄛˊ,蘑
ㄇㄛˊ,魔
ㄇㄛˊ,劘
ㄇㄛˊ,嫫
ㄇㄛˊ,饃
ㄇㄛˊ,髍
ㄇㄛˋ,寞
ㄇㄛˋ,末
ㄇㄛˋ,歿
ㄇㄛˋ,沫
ㄇㄛˋ,漠
ㄇㄛˋ,秣
ㄇㄛˋ,茉
ㄇㄛˋ,貊
ㄇㄛˋ,陌
ㄇㄛˋ,驀
ㄇㄛˋ,墨
ㄇㄛˋ,默
ㄇㄛˋ,嗼
ㄇㄛˋ,袹
ㄇㄛˋ,貘
ㄇㄛˋ,枺
ㄇㄛˋ,纆
ㄇㄛˋ,蟔
ㄇㄛˋ,妺
ㄇㄛˋ,瘼
ㄇㄛˋ,鄚
ㄇㄛˋ,鏌
ㄇㄛˋ,靺
ㄇㄛˋ,鬕
ㄇㄞˊ,霾
ㄇㄞˇ,買
ㄇㄞˇ,鷶
ㄇㄞˋ,賣
ㄇㄞˋ,邁
ㄇㄞˋ,勱
ㄇㄟˊ,枚
ㄇㄟˊ,梅
ㄇㄟˊ,煤
ㄇㄟˊ,玫
ㄇㄟˊ,眉
ㄇㄟˊ,莓
ㄇㄟˊ,霉
ㄇㄟˊ,黴
ㄇㄟˊ,嵋
ㄇㄟˊ,徾
ㄇㄟˊ,攗
ㄇㄟˊ,楣
ㄇㄟˊ,湄
ㄇㄟˊ,禖
ㄇㄟˊ,腜
ㄇㄟˊ,鋂
ㄇㄟˇ,美
ㄇㄟˇ,鎂
ㄇㄟˇ,媺
ㄇㄟˇ,挴
ㄇㄟˇ,浼
ㄇㄟˇ,渼
ㄇㄟˋ,妹
ㄇㄟˋ,媚
ㄇㄟˋ,蝐
ㄇㄟˋ,寐
ㄇㄟˋ,魅
ㄇㄟˋ,煝
ㄇㄟˋ,眛
ㄇㄟˋ,蝞
ㄇㄟˋ,袂
ㄇㄠˊ,矛
ㄇㄠˊ,茅
ㄇㄠˊ,錨
ㄇㄠˊ,枆
ㄇㄠˊ,蟊
ㄇㄠˊ,軞
ㄇㄠˊ,鶜
ㄇㄠˇ,卯
ㄇㄠˇ,昴
ㄇㄠˇ,泖
ㄇㄠˇ,鉚
ㄇㄠˋ,帽
ㄇㄠˋ,貌
ㄇㄠˋ,媢
ㄇㄠˋ,耄
ㄇㄠˋ,萺
ㄇㄠˋ,蓩
ㄇㄠˋ,鄮
ㄇㄡˊ,眸
ㄇㄡˊ,謀
ㄇㄡˊ,侔
ㄇㄡˊ,鍪
ㄇㄡˊ,鴾
ㄇㄡˊ,麰
ㄇㄡˇ,冇
ㄇㄡˇ,踇
ㄇㄢ,屘
ㄇㄢˊ,蠻
ㄇㄢˊ,饅
ㄇㄢˊ,慲
ㄇㄢˊ,鬗
ㄇㄢˊ,鬘
ㄇㄢˋ,曼
ㄇㄢˋ,幔
ㄇㄢˋ,慢
ㄇㄢˋ,鏝
ㄇㄢˋ,僈
ㄇㄢˋ,墁
ㄇㄣˊ,捫
ㄇㄣˊ,門
ㄇㄣˊ,璊
ㄇㄣˊ,穈
ㄇㄣˊ,鍆
ㄇㄤˊ,忙
ㄇㄤˊ,茫
ㄇㄤˊ,哤
ㄇㄤˊ,杗
ㄇㄤˊ,鋩
ㄇㄤˊ,汒
ㄇㄤˊ,駹
ㄇㄤˊ,痝
ㄇㄤˊ,硭
ㄇㄤˊ,蛖
ㄇㄤˊ,牻
ㄇㄤˊ,盳
ㄇㄤˇ,壾
ㄇㄤˇ,漭
ㄇㄤˇ,硥
ㄇㄤˇ,茻
ㄇㄥˊ,朦
ㄇㄥˊ,莔
ㄇㄥˊ,蕄
ㄇㄥˊ,儚
ㄇㄥˊ,虻
ㄇㄥˊ,甍
ㄇㄥˊ,艨
ㄇㄥˊ,檬
ㄇㄥˊ,曚
ㄇㄥˊ,罞
ㄇㄥˊ,鄸
ㄇㄥˊ,雺
ㄇㄥˊ,饛
ㄇㄥˇ,猛
ㄇㄥˇ,蜢
ㄇㄥˇ,錳
ㄇㄥˇ,瓾
ㄇㄥˇ,艋
ㄇㄥˇ,鼆
ㄇㄧ,咪
ㄇㄧˊ,迷
ㄇㄧˊ,麋
ㄇㄧˊ,冞
ㄇㄧˊ,爢
ㄇㄧˊ,
ㄇㄧˊ,縻
ㄇㄧˊ,蘪
ㄇㄧˊ,醚
ㄇㄧˊ,醾
ㄇㄧˊ,麊
ㄇㄧˊ,麛
ㄇㄧˇ,弭
ㄇㄧˇ,米
ㄇㄧˇ,敉
ㄇㄧˇ,渳
ㄇㄧˇ,灖
ㄇㄧˇ,葞
ㄇㄧˇ,蔝
ㄇㄧˇ,
ㄇㄧˇ,銤
ㄇㄧˋ,密
ㄇㄧˋ,汨
ㄇㄧˋ,蜜
ㄇㄧˋ,滵
ㄇㄧˋ,覓
ㄇㄧˋ,羃
ㄇㄧˋ,嘧
ㄇㄧˋ,峚
ㄇㄧˋ,幦
ㄇㄧˋ,冪
ㄇㄧˋ,塓
ㄇㄧˋ,蔤
ㄇㄧˋ,蠠
ㄇㄧˋ,謐
ㄇㄧˋ,鼏
ㄇㄧㄝ,咩
ㄇㄧㄝˋ,滅
ㄇㄧㄝˋ,薎
ㄇㄧㄝˋ,篾
ㄇㄧㄝˋ,蠛
ㄇㄧㄝˋ,幭
ㄇㄧㄝˋ,搣
ㄇㄧㄝˋ,礣
ㄇㄧㄝˋ,蔑
ㄇㄧㄝˋ,懱
ㄇㄧㄝˋ,衊
ㄇㄧㄝˋ,鱴
ㄇㄧㄠ,喵
ㄇㄧㄠˊ,描
ㄇㄧㄠˊ,瞄
ㄇㄧㄠˊ,苗
ㄇㄧㄠˇ,渺
ㄇㄧㄠˇ,秒
ㄇㄧㄠˇ,杪
ㄇㄧㄠˇ,淼
ㄇㄧㄠˇ,緲
ㄇㄧㄠˇ,邈
ㄇㄧㄠˋ,妙
ㄇㄧㄠˋ,廟
ㄇㄧㄢˊ,棉
ㄇㄧㄢˊ,綿
ㄇㄧㄢˊ,櫋
ㄇㄧㄢˊ,矏
ㄇㄧㄢˊ,蝒
ㄇㄧㄢˇ,冕
ㄇㄧㄢˇ,勉
ㄇㄧㄢˇ,緬
ㄇㄧㄢˇ,丏
ㄇㄧㄢˇ,偭
ㄇㄧㄢˇ,沔
ㄇㄧㄢˇ,湎
ㄇㄧㄢˋ,面
ㄇㄧㄢˋ,麵
ㄇㄧㄣˊ,岷
ㄇㄧㄣˊ,民
ㄇㄧㄣˊ,崏
ㄇㄧㄣˊ,忞
ㄇㄧㄣˊ,怋
ㄇㄧㄣˊ,旼
ㄇㄧㄣˊ,旻
ㄇㄧㄣˊ,痻
ㄇㄧㄣˊ,罠
ㄇㄧㄣˇ,憫
ㄇㄧㄣˇ,敏
ㄇㄧㄣˇ,閔
ㄇㄧㄣˇ,僶
ㄇㄧㄣˇ,愍
ㄇㄧㄣˇ,敯
ㄇㄧㄣˇ,簢
ㄇㄧㄥˊ,冥
ㄇㄧㄥˊ,名
ㄇㄧㄥˊ,明
ㄇㄧㄥˊ,螟
ㄇㄧㄥˊ,銘
ㄇㄧㄥˊ,鳴
ㄇㄧㄥˊ,洺
ㄇㄧㄥˊ,鄍
ㄇㄨˊ,氁
ㄇㄨˇ,母
ㄇㄨˇ,鉧
ㄇㄨˋ,墓
ㄇㄨˋ,慕
ㄇㄨˋ,暮
ㄇㄨˋ,木
ㄇㄨˋ,沐
ㄇㄨˋ,楘
ㄇㄨˋ,牧
ㄇㄨˋ,蚞
ㄇㄨˋ,睦
ㄇㄨˋ,苜
ㄇㄨˋ,幙
ㄇㄨˋ,目
ㄇㄨˋ,穆
ㄇㄨˋ,鉬
ㄇㄨˋ,霂
ㄈㄚ,瞂
ㄈㄚˊ,乏
ㄈㄚˊ,筏
ㄈㄚˊ,罰
ㄈㄚˊ,閥
ㄈㄚˊ,藅
ㄈㄚˇ,髮
ㄈㄚˋ,琺
ㄈㄛˊ,坲
ㄈㄟ,啡
ㄈㄟ,扉
ㄈㄟ,霏
ㄈㄟ,飛
ㄈㄟ,婓
ㄈㄟ,緋
ㄈㄟ,裶
ㄈㄟ,餥
ㄈㄟ,騑
ㄈㄟ,騛
ㄈㄟˊ,肥
ㄈㄟˊ,淝
ㄈㄟˇ,翡
ㄈㄟˇ,悱
ㄈㄟˇ,棐
ㄈㄟˇ,榧
ㄈㄟˇ,篚
ㄈㄟˋ,吠
ㄈㄟˋ,廢
ㄈㄟˋ,俷
ㄈㄟˋ,剕
ㄈㄟˋ,厞
ㄈㄟˋ,鐨
ㄈㄟˋ,屝
ㄈㄟˋ,陫
ㄈㄟˋ,曊
ㄈㄟˋ,狒
ㄈㄟˋ,癈
ㄈㄟˋ,昲
ㄈㄟˋ,櫠
ㄈㄟˋ,鼣
ㄈㄡˇ,缶
ㄈㄡˇ,缹
ㄈㄡˇ,鴀
ㄈㄢ,翻
ㄈㄢ,幡
ㄈㄢ,轓
ㄈㄢ,鱕
ㄈㄢˊ,凡
ㄈㄢˊ,煩
ㄈㄢˊ,礬
ㄈㄢˊ,墦
ㄈㄢˊ,瀿
ㄈㄢˊ,燔
ㄈㄢˊ,璠
ㄈㄢˊ,羳
ㄈㄢˊ,膰
ㄈㄢˊ,薠
ㄈㄢˊ,蘩
ㄈㄢˊ,蠜
ㄈㄢˊ,蹯
ㄈㄢˊ,鐇
ㄈㄢˇ,返
ㄈㄢˋ,犯
ㄈㄢˋ,範
ㄈㄢˋ,范
ㄈㄢˋ,販
ㄈㄢˋ,笵
ㄈㄢˋ,軓
ㄈㄣ,吩
ㄈㄣ,芬
ㄈㄣ,棻
ㄈㄣ,翂
ㄈㄣ,衯
ㄈㄣ,酚
ㄈㄣ,雰
ㄈㄣ,饙
ㄈㄣˊ,汾
ㄈㄣˊ,妢
ㄈㄣˊ,幩
ㄈㄣˊ,枌
ㄈㄣˊ,羒
ㄈㄣˊ,羵
ㄈㄣˊ,蒶
ㄈㄣˊ,蕡
ㄈㄣˊ,豶
ㄈㄣˊ,轒
ㄈㄣˊ,黂
ㄈㄣˊ,鼖
ㄈㄣˇ,粉
ㄈㄣˇ,黺
ㄈㄣˋ,奮
ㄈㄣˋ,忿
ㄈㄣˋ,憤
ㄈㄣˋ,糞
ㄈㄣˋ,魵
ㄈㄤ,芳
ㄈㄤ,鈁
ㄈㄤˊ,防
ㄈㄤˊ,魴
ㄈㄤˇ,鶭
ㄈㄤˇ,仿
ㄈㄤˇ,紡
ㄈㄤˇ,昉
ㄈㄤˇ,瓬
ㄈㄤˇ,髣
ㄈㄤˇ,倣
ㄈㄥ,封
ㄈㄥ,峰
ㄈㄥ,楓
ㄈㄥ,烽
ㄈㄥ,瘋
ㄈㄥ,蜂
ㄈㄥ,豐
ㄈㄥ,酆
ㄈㄥ,鋒
ㄈㄥ,飌
ㄈㄥ,妦
ㄈㄥ,犎
ㄈㄥ,猦
ㄈㄥ,丰
ㄈㄥ,灃
ㄈㄥ,麷
ㄈㄥˊ,夆
ㄈㄥˊ,摓
ㄈㄥˊ,艂
ㄈㄥˋ,俸
ㄈㄥˋ,鳳
ㄈㄥˋ,甮
ㄈㄥˋ,賵
ㄈㄨ,伕
ㄈㄨ,孵
ㄈㄨ,敷
ㄈㄨ,膚
ㄈㄨ,麩
ㄈㄨ,尃
ㄈㄨ,砆
ㄈㄨ,荴
ㄈㄨ,衭
ㄈㄨ,趺
ㄈㄨ,邞
ㄈㄨ,鈇
ㄈㄨˊ,符
ㄈㄨˊ,伏
ㄈㄨˊ,紼
ㄈㄨˊ,匐
ㄈㄨˊ,氟
ㄈㄨˊ,福
ㄈㄨˊ,俘
ㄈㄨˊ,彿
ㄈㄨˊ,芙
ㄈㄨˊ,蝠
ㄈㄨˊ,袱
ㄈㄨˊ,輻
ㄈㄨˊ,刜
ㄈㄨˊ,咈
ㄈㄨˊ,翇
ㄈㄨˊ,垘
ㄈㄨˊ,茯
ㄈㄨˊ,岪
ㄈㄨˊ,葍
ㄈㄨˊ,枎
ㄈㄨˊ,虙
ㄈㄨˊ,榑
ㄈㄨˊ,蚨
ㄈㄨˊ,澓
ㄈㄨˊ,蜉
ㄈㄨˊ,笰
ㄈㄨˊ,紱
ㄈㄨˊ,韍
ㄈㄨˊ,巿
ㄈㄨˊ,鳧
ㄈㄨˊ,涪
ㄈㄨˊ,箙
ㄈㄨˊ,垺
ㄈㄨˊ,柫
ㄈㄨˊ,烰
ㄈㄨˊ,鴔
ㄈㄨˊ,鵩
ㄈㄨˊ,黻
ㄈㄨˇ,俯
ㄈㄨˇ,府
ㄈㄨˇ,斧
ㄈㄨˇ,滏
ㄈㄨˇ,腑
ㄈㄨˇ,蚥
ㄈㄨˇ,輔
ㄈㄨˇ,弣
ㄈㄨˇ,拊
ㄈㄨˇ,腐
ㄈㄨˇ,釜
ㄈㄨˇ,黼
ㄈㄨˋ,付
ㄈㄨˋ,咐
ㄈㄨˋ,婦
ㄈㄨˋ,富
ㄈㄨˋ,腹
ㄈㄨˋ,阜
ㄈㄨˋ,複
ㄈㄨˋ,駙
ㄈㄨˋ,訃
ㄈㄨˋ,賦
ㄈㄨˋ,赴
ㄈㄨˋ,覆
ㄈㄨˋ,負
ㄈㄨˋ,偩
ㄈㄨˋ,嬔
ㄈㄨˋ,峊
ㄈㄨˋ,祔
ㄈㄨˋ,蕧
ㄈㄨˋ,蚹
ㄈㄨˋ,鮒
ㄈㄨˋ,蛗
ㄈㄨˋ,蝜
ㄈㄨˋ,褔
ㄈㄨˋ,賻
ㄈㄨˋ,輹
ㄈㄨˋ,蝮
ㄉㄚ,耷
ㄉㄚ,褡
ㄉㄚˊ,瘩
ㄉㄚˊ,靼
ㄉㄚˊ,呾
ㄉㄚˊ,噠
ㄉㄚˊ,炟
ㄉㄚˊ,畣
ㄉㄚˊ,羍
ㄉㄚ,咑
ㄉㄜˊ,德
ㄉㄞˇ,傣
ㄉㄞˋ,代
ㄉㄞˋ,岱
ㄉㄞˋ,帶
ㄉㄞˋ,戴
ㄉㄞˋ,殆
ㄉㄞˋ,玳
ㄉㄞˋ,袋
ㄉㄞˋ,黛
ㄉㄞˋ,埭
ㄉㄞˋ,廗
ㄉㄞˋ,紿
ㄉㄞˋ,迨
ㄉㄞˋ,靆
ㄉㄠ,刀
ㄉㄠ,忉
ㄉㄠ,氘
ㄉㄠ,舠
ㄉㄠˊ,捯
ㄉㄠˇ,島
ㄉㄠˇ,搗
ㄉㄠˇ,擣
ㄉㄠˇ,禂
ㄉㄠˋ,到
ㄉㄠˋ,悼
ㄉㄠˋ,盜
ㄉㄠˋ,稻
ㄉㄠˋ,蹈
ㄉㄠˋ,菿
ㄉㄡ,兜
ㄉㄡ,唗
ㄉㄡˇ,抖
ㄉㄡˇ,蚪
ㄉㄡˇ,陡
ㄉㄡˋ,痘
ㄉㄡˋ,竇
ㄉㄡˋ,鋀
ㄉㄡˋ,逗
ㄉㄡˋ,餖
ㄉㄡˋ,浢
ㄉㄡˋ,荳
ㄉㄡˋ,郖
ㄉㄡˋ,鬥
ㄉㄡˋ,脰
ㄉㄢ,丹
ㄉㄢ,簞
ㄉㄢ,儋
ㄉㄢ,匰
ㄉㄢ,殫
ㄉㄢ,襌
ㄉㄢ,鄲
ㄉㄢˇ,膽
ㄉㄢˇ,亶
ㄉㄢˇ,紞
ㄉㄢˇ,黕
ㄉㄢˇ,黵
ㄉㄢˋ,啖
ㄉㄢˋ,旦
ㄉㄢˋ,氮
ㄉㄢˋ,蛋
ㄉㄢˋ,誕
ㄉㄢˋ,啗
ㄉㄢˋ,噉
ㄉㄢˋ,嚪
ㄉㄢˋ,髧
ㄉㄢˋ,憺
ㄉㄢˋ,萏
ㄉㄢˋ,蜑
ㄉㄢˋ,鉭
ㄉㄢˋ,霮
ㄉㄢˋ,窞
ㄉㄤ,襠
ㄉㄤ,璫
ㄉㄤ,蟷
ㄉㄤˇ,党
ㄉㄤˇ,讜
ㄉㄤˋ,婸
ㄉㄤˋ,宕
ㄉㄤˋ,嵣
ㄉㄤˋ,璗
ㄉㄤˋ,逿
ㄉㄥ,燈
ㄉㄥ,簦
ㄉㄥ,豋
ㄉㄥˇ,等
ㄉㄥˇ,戥
ㄉㄥˋ,凳
ㄉㄥˋ,嶝
ㄉㄥˋ,鄧
ㄉㄥˋ,墱
ㄉㄧ,低
ㄉㄧ,滴
ㄉㄧ,羝
ㄉㄧ,菂
ㄉㄧ,袛
ㄉㄧˊ,嘀
ㄉㄧˊ,嫡
ㄉㄧˊ,敵
ㄉㄧˊ,滌
ㄉㄧˊ,狄
ㄉㄧˊ,笛
ㄉㄧˊ,荻
ㄉㄧˊ,迪
ㄉㄧˊ,鏑
ㄉㄧˊ,甋
ㄉㄧˊ,篴
ㄉㄧˊ,糴
ㄉㄧˊ,苖
ㄉㄧˊ,藡
ㄉㄧˊ,靮
ㄉㄧˇ,牴
ㄉㄧˇ,詆
ㄉㄧˇ,邸
ㄉㄧˇ,弤
ㄉㄧˇ,菧
ㄉㄧˇ,觝
ㄉㄧˇ,軧
ㄉㄧˇ,阺
ㄉㄧˋ,娣
ㄉㄧˋ,帝
ㄉㄧˋ,第
ㄉㄧˋ,禘
ㄉㄧˋ,蒂
ㄉㄧˋ,馰
ㄉㄧˋ,旳
ㄉㄧˋ,玓
ㄉㄧˋ,碲
ㄉㄧˋ,墬
ㄉㄧˋ,焍
ㄉㄧㄝ,嗲
ㄉㄧㄝˊ,牒
ㄉㄧㄝˊ,蝶
ㄉㄧㄝˊ,諜
ㄉㄧㄝˊ,跌
ㄉㄧㄝˊ,迭
ㄉㄧㄝˊ,絰
ㄉㄧㄝˊ,垤
ㄉㄧㄝˊ,耋
ㄉㄧㄝˊ,峌
ㄉㄧㄝˊ,瓞
ㄉㄧㄝˊ,眣
ㄉㄧㄝˊ,堞
ㄉㄧㄝˊ,惵
ㄉㄧㄝˊ,聑
ㄉㄧㄝˊ,胅
ㄉㄧㄝˊ,艓
ㄉㄧㄝˊ,苵
ㄉㄧㄝˊ,褋
ㄉㄧㄝˊ,镻
ㄉㄧㄠ,雕
ㄉㄧㄠ,凋
ㄉㄧㄠ,殦
ㄉㄧㄠ,叼
ㄉㄧㄠ,碉
ㄉㄧㄠ,貂
ㄉㄧㄠ,刁
ㄉㄧㄠ,彫
ㄉㄧㄠ,琱
ㄉㄧㄠ,虭
ㄉㄧㄠ,蛁
ㄉㄧㄠ,鯛
ㄉㄧㄠ,鵰
ㄉㄧㄠˇ,屌
ㄉㄧㄠˋ,吊
ㄉㄧㄠˋ,釣
ㄉㄧㄠˋ,窵
ㄉㄧㄠˋ,雿
ㄉㄧㄡ,丟
ㄉㄧㄢ,巔
ㄉㄧㄢ,癲
ㄉㄧㄢ,傎
ㄉㄧㄢ,掂
ㄉㄧㄢ,敁
ㄉㄧㄢ,蹎
ㄉㄧㄢ,齻
ㄉㄧㄢˇ,典
ㄉㄧㄢˇ,碘
ㄉㄧㄢˇ,點
ㄉㄧㄢˇ,蒧
ㄉㄧㄢˇ,蕇
ㄉㄧㄢˋ,店
ㄉㄧㄢˋ,惦
ㄉㄧㄢˋ,殿
ㄉㄧㄢˋ,澱
ㄉㄧㄢˋ,電
ㄉㄧㄢˋ,靛
ㄉㄧㄢˋ,扂
ㄉㄧㄢˋ,淀
ㄉㄧㄢˋ,癜
ㄉㄧㄢˋ,簟
ㄉㄧㄢˋ,踮
ㄉㄧㄥ,仃
ㄉㄧㄥ,叮
ㄉㄧㄥ,疔
ㄉㄧㄥˇ,頂
ㄉㄧㄥˇ,鼎
ㄉㄧㄥˇ,濎
ㄉㄧㄥˇ,薡
ㄉㄧㄥˋ,定
ㄉㄧㄥˋ,錠
ㄉㄧㄥˋ,啶
ㄉㄧㄥˋ,碇
ㄉㄧㄥˋ,萣
ㄉㄧㄥˋ,顁
ㄉㄧㄥˋ,飣
ㄉㄨ,嘟
ㄉㄨ,督
ㄉㄨˊ,櫝
ㄉㄨˊ,牘
ㄉㄨˊ,犢
ㄉㄨˊ,獨
ㄉㄨˊ,黷
ㄉㄨˊ,殰
ㄉㄨˊ,皾
ㄉㄨˊ,讟
ㄉㄨˊ,贕
ㄉㄨˊ,韇
ㄉㄨˊ,韥
ㄉㄨˊ,髑
ㄉㄨˇ,睹
ㄉㄨˇ,篤
ㄉㄨˇ,賭
ㄉㄨˇ,帾
ㄉㄨˇ,裻
ㄉㄨˋ,妒
ㄉㄨˋ,杜
ㄉㄨˋ,渡
ㄉㄨˋ,蠹
ㄉㄨˋ,鍍
ㄉㄨˋ,秺
ㄉㄨˋ,簬
ㄉㄨㄛ,茤
ㄉㄨㄛˊ,奪
ㄉㄨㄛˊ,鐸
ㄉㄨㄛˊ,鮵
ㄉㄨㄛˊ,剟
ㄉㄨㄛˊ,喥
ㄉㄨㄛˊ,敓
ㄉㄨㄛˊ,敪
ㄉㄨㄛˊ,毲
ㄉㄨㄛˊ,剫
ㄉㄨㄛˇ,朵
ㄉㄨㄛˇ,綞
ㄉㄨㄛˇ,躲
ㄉㄨㄛˇ,嚲
ㄉㄨㄛˇ,埵
ㄉㄨㄛˇ,趓
ㄉㄨㄛˋ,剁
ㄉㄨㄛˋ,跢
ㄉㄨㄛˋ,惰
ㄉㄨㄛˋ,踱
ㄉㄨㄛˋ,墯
ㄉㄨㄛˋ,嶞
ㄉㄨㄛˋ,柮
ㄉㄨㄛˋ,舵
ㄉㄨㄟˋ,對
ㄉㄨㄟˋ,憝
ㄉㄨㄟˋ,懟
ㄉㄨㄟˋ,濧
ㄉㄨㄟˋ,濻
ㄉㄨㄟˋ,瀩
ㄉㄨㄟˋ,薱
ㄉㄨㄟˋ,譈
ㄉㄨㄢ,端
ㄉㄨㄢˇ,短
ㄉㄨㄢˋ,段
ㄉㄨㄢˋ,緞
ㄉㄨㄢˋ,鍛
ㄉㄨㄢˋ,椴
ㄉㄨㄢˋ,毈
ㄉㄨㄢˋ,碫
ㄉㄨㄢˋ,腶
ㄉㄨㄢˋ,躖
ㄉㄨㄣ,墩
ㄉㄨㄣˇ,躉
ㄉㄨㄣˋ,噸
ㄉㄨㄣˋ,鈍
ㄉㄨㄣˋ,遯
ㄉㄨㄥ,冬
ㄉㄨㄥ,咚
ㄉㄨㄥ,東
ㄉㄨㄥ,崠
ㄉㄨㄥˇ,懂
ㄉㄨㄥˇ,董
ㄉㄨㄥˋ,凍
ㄉㄨㄥˋ,動
ㄉㄨㄥˋ,棟
ㄉㄨㄥˋ,胴
ㄊㄚ,塌
ㄊㄚ,祂
ㄊㄚˇ,塔
ㄊㄚˋ,撻
ㄊㄚˋ,榻
ㄊㄚˋ,踏
ㄊㄚˋ,蹋
ㄊㄚˋ,躂
ㄊㄚˋ,傝
ㄊㄚˋ,嗒
ㄊㄚˋ,嚃
ㄊㄚˋ,搨
ㄊㄚˋ,毾
ㄊㄚˋ,涾
ㄊㄚˋ,濌
ㄊㄚˋ,鞜
ㄊㄚˋ,鞳
ㄊㄚˋ,遢
ㄊㄚˋ,鎉
ㄊㄚˋ,闒
ㄊㄚˋ,闥
ㄊㄚˋ,誻
ㄊㄚˋ,遝
ㄊㄜˋ,特
ㄊㄜˋ,忑
ㄊㄜˋ,蟘
ㄊㄜˋ,貣
ㄊㄜˋ,鋱
ㄊㄞ,胎
ㄊㄞˊ,抬
ㄊㄞˊ,薹
ㄊㄞˊ,臺
ㄊㄞˊ,鮐
ㄊㄞˊ,颱
ㄊㄞˊ,炱
ㄊㄞˊ,籉
ㄊㄞˊ,跆
ㄊㄞˊ,檯
ㄊㄞˋ,態
ㄊㄞˋ,汰
ㄊㄞˋ,泰
ㄊㄞˋ,鈦
ㄊㄞ,呔
ㄊㄠ,弢
ㄊㄠ,慆
ㄊㄠ,搯
ㄊㄠ,絛
ㄊㄠ,縚
ㄊㄠ,饕
ㄊㄠˊ,啕
ㄊㄠˊ,桃
ㄊㄠˊ,淘
ㄊㄠˊ,萄
ㄊㄠˊ,逃
ㄊㄠˊ,檮
ㄊㄠˊ,綯
ㄊㄠˊ,鞀
ㄊㄠˊ,騊
ㄊㄠˇ,討
ㄊㄠˋ,套
ㄊㄡ,偷
ㄊㄡˇ,妵
ㄊㄡˇ,蘣
ㄊㄡˇ,黈
ㄊㄢ,坍
ㄊㄢ,攤
ㄊㄢ,灘
ㄊㄢ,癱
ㄊㄢ,怹
ㄊㄢˊ,檀
ㄊㄢˊ,痰
ㄊㄢˊ,罈
ㄊㄢˊ,醰
ㄊㄢˊ,談
ㄊㄢˊ,嘾
ㄊㄢˊ,曇
ㄊㄢˊ,藫
ㄊㄢˊ,郯
ㄊㄢˊ,譚
ㄊㄢˇ,坦
ㄊㄢˇ,毯
ㄊㄢˇ,袒
ㄊㄢˇ,嗿
ㄊㄢˇ,忐
ㄊㄢˇ,禫
ㄊㄢˇ,菼
ㄊㄢˇ,醓
ㄊㄢˋ,嘆
ㄊㄢˋ,炭
ㄊㄢˋ,碳
ㄊㄢˋ,僋
ㄊㄢˋ,歎
ㄊㄢˋ,湠
ㄊㄢˋ,羰
ㄊㄢˋ,舕
ㄊㄤ,薚
ㄊㄤ,蝪
ㄊㄤ,蹚
ㄊㄤˊ,唐
ㄊㄤˊ,堂
ㄊㄤˊ,榶
ㄊㄤˊ,塘
ㄊㄤˊ,溏
ㄊㄤˊ,棠
ㄊㄤˊ,螳
ㄊㄤˊ,醣
ㄊㄤˊ,搪
ㄊㄤˊ,糖
ㄊㄤˊ,蓎
ㄊㄤˊ,螗
ㄊㄤˊ,鶶
ㄊㄤˇ,躺
ㄊㄤˇ,儻
ㄊㄤˇ,戃
ㄊㄤˇ,曭
ㄊㄤˇ,爣
ㄊㄤˇ,矘
ㄊㄤˇ,钂
ㄊㄤˋ,燙
ㄊㄥˊ,籐
ㄊㄥˊ,藤
ㄊㄥˊ,謄
ㄊㄥˊ,滕
ㄊㄥˊ,縢
ㄊㄧ,梯
ㄊㄧˊ,啼
ㄊㄧˊ,偍
ㄊㄧˊ,厗
ㄊㄧˊ,鵜
ㄊㄧˊ,稊
ㄊㄧˊ,鷈
ㄊㄧˊ,蕛
ㄊㄧˊ,趧
ㄊㄧˊ,騠
ㄊㄧˊ,綈
ㄊㄧˇ,體
ㄊㄧˋ,剃
ㄊㄧˋ,嚏
ㄊㄧˋ,屜
ㄊㄧˋ,惕
ㄊㄧˋ,替
ㄊㄧˋ,逖
ㄊㄧˋ,悐
ㄊㄧˋ,瓋
ㄊㄧˋ,薙
ㄊㄧˋ,褅
ㄊㄧˋ,迖
ㄊㄧㄝ,貼
ㄊㄧㄝˇ,鐵
ㄊㄧㄝˇ,驖
ㄊㄧㄝˋ,蛈
ㄊㄧㄝˋ,餮
ㄊㄧㄠ,庣
ㄊㄧㄠ,祧
ㄊㄧㄠˊ,佻
ㄊㄧㄠˊ,鰷
ㄊㄧㄠˊ,迢
ㄊㄧㄠˊ,齠
ㄊㄧㄠˊ,笤
ㄊㄧㄠˊ,鞗
ㄊㄧㄠˊ,髫
ㄊㄧㄠˊ,岧
ㄊㄧㄠˊ,苕
ㄊㄧㄠˇ,宨
ㄊㄧㄠˇ,窱
ㄊㄧㄠˋ,眺
ㄊㄧㄠˋ,糶
ㄊㄧㄢ,天
ㄊㄧㄢ,添
ㄊㄧㄢ,酟
ㄊㄧㄢˊ,恬
ㄊㄧㄢˊ,甜
ㄊㄧㄢˊ,闐
ㄊㄧㄢˊ,搷
ㄊㄧㄢˊ,沺
ㄊㄧㄢˊ,湉
ㄊㄧㄢˊ,鷏
ㄊㄧㄢˇ,腆
ㄊㄧㄢˇ,舔
ㄊㄧㄢˇ,殄
ㄊㄧㄢˇ,淟
ㄊㄧㄢˇ,賟
ㄊㄧㄢˋ,掭
ㄊㄧㄥ,廳
ㄊㄧㄥ,綎
ㄊㄧㄥˊ,亭
ㄊㄧㄥˊ,停
ㄊㄧㄥˊ,婷
ㄊㄧㄥˊ,霆
ㄊㄧㄥˊ,楟
ㄊㄧㄥˊ,渟
ㄊㄧㄥˊ,筳
ㄊㄧㄥˊ,莛
ㄊㄧㄥˊ,鼮
ㄊㄧㄥˇ,梃
ㄊㄧㄥˇ,艇
ㄊㄧㄥˇ,珽
ㄊㄧㄥˇ,脡
ㄊㄧㄥˇ,頲
ㄊㄨ,禿
ㄊㄨ,嶀
ㄊㄨ,廜
ㄊㄨˊ,圖
ㄊㄨˊ,塗
ㄊㄨˊ,徒
ㄊㄨˊ,途
ㄊㄨˊ,嵞
ㄊㄨˊ,潳
ㄊㄨˊ,瘏
ㄊㄨˊ,稌
ㄊㄨˊ,筡
ㄊㄨˊ,鶟
ㄊㄨˊ,腯
ㄊㄨˊ,鷋
ㄊㄨˊ,蒤
ㄊㄨˊ,酴
ㄊㄨˊ,駼
ㄊㄨˊ,葖
ㄊㄨˊ,跿
ㄊㄨˊ,鷵
ㄊㄨˊ,鼵
ㄊㄨˇ,芏
ㄊㄨˋ,兔
ㄊㄨˋ,鵵
ㄊㄨㄛ,托
ㄊㄨㄛ,託
ㄊㄨㄛ,魠
ㄊㄨㄛˊ,跎
ㄊㄨㄛˊ,駝
ㄊㄨㄛˊ,鴕
ㄊㄨㄛˊ,岮
ㄊㄨㄛˊ,橐
ㄊㄨㄛˊ,砣
ㄊㄨㄛˊ,紽
ㄊㄨㄛˊ,袉
ㄊㄨㄛˊ,酡
ㄊㄨㄛˊ,鮀
ㄊㄨㄛˊ,鼉
ㄊㄨㄛˇ,妥
ㄊㄨㄛˇ,橢
ㄊㄨㄛˇ,嫷
ㄊㄨㄛˋ,柝
ㄊㄨㄛˋ,毤
ㄊㄨㄛˋ,籜
ㄊㄨㄛˋ,蘀
ㄊㄨㄛˋ,跅
ㄊㄨㄟˊ,頹
ㄊㄨㄟˊ,弚
ㄊㄨㄟˊ,穨
ㄊㄨㄟˊ,蹪
ㄊㄨㄟˊ,隤
ㄊㄨㄟˇ,腿
ㄊㄨㄟˋ,駾
ㄊㄨㄢ,湍
ㄊㄨㄢ,貒
ㄊㄨㄢˊ,團
ㄊㄨㄢˊ,慱
ㄊㄨㄢˊ,漙
ㄊㄨㄢˊ,糰
ㄊㄨㄢˇ,畽
ㄊㄨㄢˋ,彖
ㄊㄨㄢˋ,褖
ㄊㄨㄣ,吞
ㄊㄨㄣ,暾
ㄊㄨㄣˊ,臀
ㄊㄨㄣˊ,軘
ㄊㄨㄥ,痌
ㄊㄨㄥ,蓪
ㄊㄨㄥˊ,銅
ㄊㄨㄥˊ,仝
ㄊㄨㄥˊ,彤
ㄊㄨㄥˊ,瞳
ㄊㄨㄥˊ,童
ㄊㄨㄥˊ,同
ㄊㄨㄥˊ,潼
ㄊㄨㄥˊ,佟
ㄊㄨㄥˊ,哃
ㄊㄨㄥˊ,朣
ㄊㄨㄥˊ,犝
ㄊㄨㄥˊ,獞
ㄊㄨㄥˊ,茼
ㄊㄨㄥˊ,酮
ㄊㄨㄥˊ,鮦
ㄊㄨㄥˇ,捅
ㄊㄨㄥˋ,痛
ㄋㄚˊ,拿
ㄋㄚˊ,拏
ㄋㄚˋ,納
ㄋㄚˋ,鈉
ㄋㄚˋ,妠
ㄋㄚˋ,捺
ㄋㄚˋ,笝
ㄋㄚˋ,衲
ㄋㄚˋ,豽
ㄋㄚˋ,貀
ㄋㄚˋ,魶
ㄋㄞˇ,乃
ㄋㄞˇ,奶
ㄋㄞˇ,氖
ㄋㄞˇ,迺
ㄋㄞˇ,釢
ㄋㄞˋ,奈
ㄋㄞˋ,倷
ㄋㄞˋ,柰
ㄋㄞˋ,渿
ㄋㄞˋ,螚
ㄋㄞˋ,錼
ㄋㄟˇ,餒
ㄋㄟˇ,腇
ㄋㄠ,孬
ㄋㄠˊ,呶
ㄋㄠˊ,鐃
ㄋㄠˊ,夒
ㄋㄠˊ,峱
ㄋㄠˊ,嶩
ㄋㄠˊ,怓
ㄋㄠˇ,惱
ㄋㄠˇ,瑙
ㄋㄠˇ,腦
ㄋㄠˋ,鬧
ㄋㄡˊ,羺
ㄋㄡˊ,譨
ㄋㄡˋ,檽
ㄋㄡˋ,耨
ㄋㄢˊ,喃
ㄋㄢˊ,楠
ㄋㄢˊ,男
ㄋㄢˊ,囡
ㄋㄢˊ,柟
ㄋㄢˊ,諵
ㄋㄢˇ,赧
ㄋㄢˇ,湳
ㄋㄢˇ,腩
ㄋㄣˋ,嫩
ㄋㄤˊ,囊
ㄋㄤˇ,攮
ㄋㄤˇ,曩
ㄋㄤˋ,齉
ㄋㄤ,囔
ㄋㄥˊ,儜
ㄋㄧˊ,倪
ㄋㄧˊ,妮
ㄋㄧˊ,霓
ㄋㄧˊ,坭
ㄋㄧˊ,屔
ㄋㄧˊ,怩
ㄋㄧˊ,猊
ㄋㄧˊ,臡
ㄋㄧˊ,觬
ㄋㄧˊ,跜
ㄋㄧˊ,輗
ㄋㄧˊ,郳
ㄋㄧˊ,鯢
ㄋㄧˊ,齯
ㄋㄧˇ,你
ㄋㄧˇ,擬
ㄋㄧˇ,苨
ㄋㄧˋ,睨
ㄋㄧˋ,膩
ㄋㄧˋ,逆
ㄋㄧˋ,惄
ㄋㄧˋ,暱
ㄋㄧˋ,縌
ㄋㄧㄝ,
ㄋㄧㄝˊ,苶
ㄋㄧㄝˋ,孽
ㄋㄧㄝˋ,臬
ㄋㄧㄝˋ,躡
ㄋㄧㄝˋ,鎳
ㄋㄧㄝˋ,囓
ㄋㄧㄝˋ,嵲
ㄋㄧㄝˋ,嶭
ㄋㄧㄝˋ,摰
ㄋㄧㄝˋ,敜
ㄋㄧㄝˋ,涅
ㄋㄧㄝˋ,鑷
ㄋㄧㄝˋ,篞
ㄋㄧㄝˋ,钀
ㄋㄧㄝˋ,臲
ㄋㄧㄝˋ,踂
ㄋㄧㄝˋ,踙
ㄋㄧㄝˋ,糱
ㄋㄧㄝˋ,蠥
ㄋㄧㄝˋ,闑
ㄋㄧㄝˋ,隉
ㄋㄧㄝˋ,顳
ㄋㄧㄝˋ,齧
ㄋㄧㄠˇ,嬝
ㄋㄧㄠˇ,裊
ㄋㄧㄠˇ,嫋
ㄋㄧㄠˇ,嬲
ㄋㄧㄠˇ,褭
ㄋㄧㄡˊ,牛
ㄋㄧㄡˇ,紐
ㄋㄧㄡˇ,鈕
ㄋㄧㄡˇ,狃
ㄋㄧㄡˇ,莥
ㄋㄧㄢˊ,哖
ㄋㄧㄢˊ,鯰
ㄋㄧㄢˇ,撚
ㄋㄧㄢˇ,攆
ㄋㄧㄢˇ,涊
ㄋㄧㄢˋ,廿
ㄋㄧㄢˋ,念
ㄋㄧㄣˊ,您
ㄋㄧㄤˋ,釀
ㄋㄧㄥˊ,凝
ㄋㄧㄥˊ,嚀
ㄋㄧㄥˊ,檸
ㄋㄧㄥˊ,獰
ㄋㄧㄥˊ,寍
ㄋㄧㄥˊ,薴
ㄋㄧㄥˋ,佞
ㄋㄨˊ,奴
ㄋㄨˊ,駑
ㄋㄨˊ,孥
ㄋㄨˊ,笯
ㄋㄨˇ,努
ㄋㄨˇ,弩
ㄋㄨㄛˊ,挪
ㄋㄨㄛˊ,儺
ㄋㄨㄛˋ,糯
ㄋㄨㄛˋ,諾
ㄋㄨㄛˋ,懧
ㄋㄨㄢˇ,渜
ㄋㄨㄢˇ,餪
ㄋㄨㄥˊ,儂
ㄋㄨㄥˊ,濃
ㄋㄨㄥˊ,農
ㄋㄨㄥˊ,穠
ㄋㄨㄥˊ,襛
ㄋㄨㄥˊ,醲
ㄋㄨㄥˊ,鬞
ㄋㄨㄥˇ,繷
ㄋㄩˇ,釹
ㄋㄩˋ,恧
ㄋㄩˋ,朒
ㄋㄩˋ,衄
ㄋㄩㄝˋ,虐
ㄋㄩㄝˋ,謔
ㄌㄚ,翋
ㄌㄚ,菈
ㄌㄚ,鞡
ㄌㄚˊ,旯
ㄌㄚˋ,臘
ㄌㄚˋ,蠟
ㄌㄚˋ,辣
ㄌㄚˋ,鬎
ㄌㄜˋ,垃
ㄌㄜˋ,埒
ㄌㄜˋ,阞
ㄌㄜˋ,鰳
ㄌㄞˊ,萊
ㄌㄞˊ,崍
ㄌㄞˊ,庲
ㄌㄞˊ,棶
ㄌㄞˊ,淶
ㄌㄞˊ,郲
ㄌㄞˊ,錸
ㄌㄞˊ,騋
ㄌㄞˊ,鯠
ㄌㄞˊ,鶆
ㄌㄞˋ,瀨
ㄌㄞˋ,睞
ㄌㄞˋ,籟
ㄌㄞˋ,賴
ㄌㄞˋ,藾
ㄌㄟˊ,嫘
ㄌㄟˊ,縲
ㄌㄟˊ,羸
ㄌㄟˊ,鐳
ㄌㄟˊ,罍
ㄌㄟˊ,蔂
ㄌㄟˊ,轠
ㄌㄟˇ,儡
ㄌㄟˇ,磊
ㄌㄟˇ,蕾
ㄌㄟˇ,櫐
ㄌㄟˇ,磥
ㄌㄟˇ,礨
ㄌㄟˇ,絫
ㄌㄟˇ,藟
ㄌㄟˇ,蠝
ㄌㄟˇ,誄
ㄌㄟˇ,讄
ㄌㄟˇ,鸓
ㄌㄟˋ,類
ㄌㄟˋ,禷
ㄌㄟˋ,纇
ㄌㄟˋ,酹
ㄌㄠˊ,嘮
ㄌㄠˊ,僗
ㄌㄠˊ,嶗
ㄌㄠˊ,浶
ㄌㄠˊ,醪
ㄌㄠˊ,顟
ㄌㄠˇ,老
ㄌㄠˇ,恅
ㄌㄠˇ,栳
ㄌㄠˇ,狫
ㄌㄠˇ,荖
ㄌㄠˇ,銠
ㄌㄠˋ,嫪
ㄌㄡˊ,樓
ㄌㄡˊ,螻
ㄌㄡˊ,髏
ㄌㄡˊ,艛
ㄌㄡˊ,鞻
ㄌㄡˊ,鷜
ㄌㄡˇ,塿
ㄌㄡˋ,陋
ㄌㄡˋ,瘺
ㄌㄢˊ,婪
ㄌㄢˊ,斕
ㄌㄢˊ,嵐
ㄌㄢˊ,籣
ㄌㄢˊ,籃
ㄌㄢˊ,襤
ㄌㄢˊ,闌
ㄌㄢˊ,攔
ㄌㄢˊ,蘭
ㄌㄢˊ,襴
ㄌㄢˊ,譋
ㄌㄢˊ,讕
ㄌㄢˇ,攬
ㄌㄢˇ,欖
ㄌㄢˇ,覽
ㄌㄢˇ,壈
ㄌㄢˇ,嬾
ㄌㄢˋ,爛
ㄌㄤ,啷
ㄌㄤˊ,廊
ㄌㄤˊ,榔
ㄌㄤˊ,郎
ㄌㄤˊ,桹
ㄌㄤˊ,稂
ㄌㄤˊ,鋃
ㄌㄤˇ,朗
ㄌㄤˇ,烺
ㄌㄤˋ,埌
ㄌㄤˋ,蒗
ㄌㄥˋ,倰
ㄌㄥˋ,睖
ㄌㄧˊ,梨
ㄌㄧˊ,漓
ㄌㄧˊ,狸
ㄌㄧˊ,璃
ㄌㄧˊ,籬
ㄌㄧˊ,罹
ㄌㄧˊ,驪
ㄌㄧˊ,黎
ㄌㄧˊ,剺
ㄌㄧˊ,嫠
ㄌㄧˊ,醨
ㄌㄧˊ,孷
ㄌㄧˊ,鯬
ㄌㄧˊ,漦
ㄌㄧˊ,鵹
ㄌㄧˊ,縭
ㄌㄧˊ,鸝
ㄌㄧˊ,蔾
ㄌㄧˊ,黧
ㄌㄧˊ,蘺
ㄌㄧˊ,蠫
ㄌㄧˊ,褵
ㄌㄧˊ,謧
ㄌㄧˊ,樆
ㄌㄧˊ,灕
ㄌㄧˊ,菞
ㄌㄧˊ,藜
ㄌㄧˊ,蜊
ㄌㄧˇ,俚
ㄌㄧˇ,喱
ㄌㄧˇ,娌
ㄌㄧˇ,李
ㄌㄧˇ,澧
ㄌㄧˇ,理
ㄌㄧˇ,禮
ㄌㄧˇ,邐
ㄌㄧˇ,里
ㄌㄧˇ,鯉
ㄌㄧˇ,峛
ㄌㄧˇ,醴
ㄌㄧˇ,鋰
ㄌㄧˇ,鱧
ㄌㄧˇ,浬
ㄌㄧˋ,例
ㄌㄧˋ,俐
ㄌㄧˋ,儷
ㄌㄧˋ,利
ㄌㄧˋ,力
ㄌㄧˋ,勵
ㄌㄧˋ,吏
ㄌㄧˋ,唳
ㄌㄧˋ,壢
ㄌㄧˋ,慄
ㄌㄧˋ,笠
ㄌㄧˋ,曆
ㄌㄧˋ,粒
ㄌㄧˋ,瀝
ㄌㄧˋ,痢
ㄌㄧˋ,礪
ㄌㄧˋ,歷
ㄌㄧˋ,琍
ㄌㄧˋ,荔
ㄌㄧˋ,蒞
ㄌㄧˋ,蠣
ㄌㄧˋ,靂
ㄌㄧˋ,厤
ㄌㄧˋ,叻
ㄌㄧˋ,砅
ㄌㄧˋ,嚦
ㄌㄧˋ,砬
ㄌㄧˋ,悷
ㄌㄧˋ,磿
ㄌㄧˋ,篥
ㄌㄧˋ,櫪
ㄌㄧˋ,藶
ㄌㄧˋ,溧
ㄌㄧˋ,蜧
ㄌㄧˋ,瓅
ㄌㄧˋ,蝷
ㄌㄧˋ,盭
ㄌㄧˋ,詈
ㄌㄧˋ,攦
ㄌㄧˋ,轢
ㄌㄧˋ,沴
ㄌㄧˋ,癘
ㄌㄧˋ,瓥
ㄌㄧˋ,屴
ㄌㄧˋ,朸
ㄌㄧˋ,濿
ㄌㄧˋ,鬁
ㄌㄧˋ,鴗
ㄌㄧˋ,鷅
ㄌㄧˋ,麜
ㄌㄧㄝˋ,冽
ㄌㄧㄝˋ,列
ㄌㄧㄝˋ,鬣
ㄌㄧㄝˋ,劣
ㄌㄧㄝˋ,鮤
ㄌㄧㄝˋ,烈
ㄌㄧㄝˋ,鴷
ㄌㄧㄝˋ,裂
ㄌㄧㄝˋ,躐
ㄌㄧㄝˋ,茢
ㄌㄧㄝˋ,蛚
ㄌㄧㄝˋ,蛶
ㄌㄧㄝˋ,犣
ㄌㄧㄝˋ,迾
ㄌㄧㄝˋ,颲
ㄌㄧㄝˋ,洌
ㄌㄧㄝˋ,獵
ㄌㄧㄝˋ,儠
ㄌㄧㄠˊ,嘹
ㄌㄧㄠˊ,嵺
ㄌㄧㄠˊ,寮
ㄌㄧㄠˊ,聊
ㄌㄧㄠˊ,遼
ㄌㄧㄠˊ,寥
ㄌㄧㄠˊ,嶚
ㄌㄧㄠˊ,敹
ㄌㄧㄠˊ,膋
ㄌㄧㄠˊ,膫
ㄌㄧㄠˊ,蟟
ㄌㄧㄠˊ,飉
ㄌㄧㄠˇ,鄝
ㄌㄧㄠˇ,镽
ㄌㄧㄠˋ,撂
ㄌㄧㄡˊ,劉
ㄌㄧㄡˊ,榴
ㄌㄧㄡˊ,流
ㄌㄧㄡˊ,瀏
ㄌㄧㄡˊ,琉
ㄌㄧㄡˊ,留
ㄌㄧㄡˊ,瘤
ㄌㄧㄡˊ,硫
ㄌㄧㄡˊ,巰
ㄌㄧㄡˊ,旒
ㄌㄧㄡˊ,藰
ㄌㄧㄡˊ,裗
ㄌㄧㄡˊ,鎏
ㄌㄧㄡˊ,鎦
ㄌㄧㄡˊ,騮
ㄌㄧㄡˊ,鶹
ㄌㄧㄡˇ,柳
ㄌㄧㄡˇ,綹
ㄌㄧㄡˇ,罶
ㄌㄧㄡˋ,塯
ㄌㄧㄡˋ,廇
ㄌㄧㄡˋ,蹓
ㄌㄧㄡˋ,霤
ㄌㄧㄢˊ,奩
ㄌㄧㄢˊ,帘
ㄌㄧㄢˊ,廉
ㄌㄧㄢˊ,濂
ㄌㄧㄢˊ,鎌
ㄌㄧㄢˊ,簾
ㄌㄧㄢˊ,翴
ㄌㄧㄢˊ,薕
ㄌㄧㄢˊ,鐮
ㄌㄧㄢˊ,槤
ㄌㄧㄢˊ,磏
ㄌㄧㄢˊ,蓮
ㄌㄧㄢˊ,鰱
ㄌㄧㄢˊ,褳
ㄌㄧㄢˊ,覝
ㄌㄧㄢˊ,謰
ㄌㄧㄢˊ,蹥
ㄌㄧㄢˊ,聯
ㄌㄧㄢˇ,羷
ㄌㄧㄢˇ,鄻
ㄌㄧㄢˋ,戀
ㄌㄧㄢˋ,殮
ㄌㄧㄢˋ,煉
ㄌㄧㄢˋ,練
ㄌㄧㄢˋ,鍊
ㄌㄧㄢˋ,僆
ㄌㄧㄢˋ,楝
ㄌㄧㄢˋ,湅
ㄌㄧㄢˋ,萰
ㄌㄧㄣˊ,林
ㄌㄧㄣˊ,琳
ㄌㄧㄣˊ,箖
ㄌㄧㄣˊ,鄰
ㄌㄧㄣˊ,粼
ㄌㄧㄣˊ,鱗
ㄌㄧㄣˊ,碄
ㄌㄧㄣˊ,霖
ㄌㄧㄣˊ,麟
ㄌㄧㄣˊ,鏻
ㄌㄧㄣˊ,驎
ㄌㄧㄣˇ,凜
ㄌㄧㄣˇ,廩
ㄌㄧㄣˇ,檁
ㄌㄧㄣˋ,吝
ㄌㄧㄣˋ,藺
ㄌㄧㄣˋ,躪
ㄌㄧㄣˋ,甐
ㄌㄧㄣˋ,蹸
ㄌㄧㄣˋ,閵
ㄌㄧㄤˊ,梁
ㄌㄧㄤˊ,粱
ㄌㄧㄤˊ,糧
ㄌㄧㄤˊ,輬
ㄌㄧㄤˇ,啢
ㄌㄧㄤˇ,裲
ㄌㄧㄤˇ,魎
ㄌㄧㄤˋ,喨
ㄌㄧㄤˋ,晾
ㄌㄧㄥ,拎
ㄌㄧㄥˊ,伶
ㄌㄧㄥˊ,凌
ㄌㄧㄥˊ,玲
ㄌㄧㄥˊ,綾
ㄌㄧㄥˊ,羚
ㄌㄧㄥˊ,翎
ㄌㄧㄥˊ,聆
ㄌㄧㄥˊ,菱
ㄌㄧㄥˊ,鈴
ㄌㄧㄥˊ,陵
ㄌㄧㄥˊ,靈
ㄌㄧㄥˊ,鴒
ㄌㄧㄥˊ,齡
ㄌㄧㄥˊ,淩
ㄌㄧㄥˊ,囹
ㄌㄧㄥˊ,瓴
ㄌㄧㄥˊ,岭
ㄌㄧㄥˊ,櫺
ㄌㄧㄥˊ,泠
ㄌㄧㄥˊ,夌
ㄌㄧㄥˊ,彾
ㄌㄧㄥˊ,皊
ㄌㄧㄥˊ,舲
ㄌㄧㄥˊ,蔆
ㄌㄧㄥˊ,蘦
ㄌㄧㄥˊ,蛉
ㄌㄧㄥˊ,軨
ㄌㄧㄥˊ,酃
ㄌㄧㄥˊ,醽
ㄌㄧㄥˊ,駖
ㄌㄧㄥˊ,鯪
ㄌㄧㄥˇ,嶺
ㄌㄧㄥˇ,領
ㄌㄧㄥˋ,另
ㄌㄧㄥˋ,狑
ㄌㄨ,嚕
ㄌㄨˊ,爐
ㄌㄨˊ,盧
ㄌㄨˊ,蘆
ㄌㄨˊ,顱
ㄌㄨˊ,鱸
ㄌㄨˊ,罏
ㄌㄨˊ,艫
ㄌㄨˊ,壚
ㄌㄨˊ,蠦
ㄌㄨˊ,瀘
ㄌㄨˊ,纑
ㄌㄨˊ,嚧
ㄌㄨˊ,櫨
ㄌㄨˊ,玈
ㄌㄨˊ,轤
ㄌㄨˊ,鑪
ㄌㄨˊ,鸕
ㄌㄨˇ,櫓
ㄌㄨˇ,魯
ㄌㄨˇ,滷
ㄌㄨˇ,蓾
ㄌㄨˇ,鹵
ㄌㄨˋ,祿
ㄌㄨˋ,賂
ㄌㄨˋ,鷺
ㄌㄨˋ,鹿
ㄌㄨˋ,麓
ㄌㄨˋ,坴
ㄌㄨˋ,廘
ㄌㄨˋ,彔
ㄌㄨˋ,淥
ㄌㄨˋ,漉
ㄌㄨˋ,潞
ㄌㄨˋ,琭
ㄌㄨˋ,穋
ㄌㄨˋ,璐
ㄌㄨˋ,簏
ㄌㄨˋ,盝
ㄌㄨˋ,硉
ㄌㄨˋ,稑
ㄌㄨˋ,甪
ㄌㄨˋ,睩
ㄌㄨˋ,籙
ㄌㄨˋ,蕗
ㄌㄨˋ,螰
ㄌㄨˋ,踛
ㄌㄨˋ,蹗
ㄌㄨˋ,轆
ㄌㄨˋ,逯
ㄌㄨˋ,醁
ㄌㄨˋ,騄
ㄌㄨˋ,鵱
ㄌㄨㄛˊ,玀
ㄌㄨㄛˊ,籮
ㄌㄨㄛˊ,羅
ㄌㄨㄛˊ,蘿
ㄌㄨㄛˊ,螺
ㄌㄨㄛˊ,邏
ㄌㄨㄛˊ,鏍
ㄌㄨㄛˊ,鑼
ㄌㄨㄛˊ,騾
ㄌㄨㄛˊ,儸
ㄌㄨㄛˊ,剆
ㄌㄨㄛˊ,覶
ㄌㄨㄛˊ,鸁
ㄌㄨㄛˇ,裸
ㄌㄨㄛˇ,臝
ㄌㄨㄛˇ,蓏
ㄌㄨㄛˇ,鎯
ㄌㄨㄛˋ,洛
ㄌㄨㄛˋ,犖
ㄌㄨㄛˋ,駱
ㄌㄨㄛˋ,珞
ㄌㄨㄛˋ,雒
ㄌㄨㄛˋ,鮥
ㄌㄨㄢˊ,羉
ㄌㄨㄢˊ,巒
ㄌㄨㄢˊ,鑾
ㄌㄨㄢˊ,鸞
ㄌㄨㄢˊ,圞
ㄌㄨㄢˊ,欒
ㄌㄨㄢˊ,灤
ㄌㄨㄣˊ,侖
ㄌㄨㄣˊ,倫
ㄌㄨㄣˊ,崙
ㄌㄨㄣˊ,淪
ㄌㄨㄣˊ,圇
ㄌㄨㄣˊ,菕
ㄌㄨㄥˊ,嚨
ㄌㄨㄥˊ,曨
ㄌㄨㄥˊ,朧
ㄌㄨㄥˊ,櫳
ㄌㄨㄥˊ,矓
ㄌㄨㄥˊ,隆
ㄌㄨㄥˊ,巃
ㄌㄨㄥˊ,瓏
ㄌㄨㄥˊ,聾
ㄌㄨㄥˊ,癃
ㄌㄨㄥˊ,窿
ㄌㄨㄥˊ,蠬
ㄌㄨㄥˊ,蠪
ㄌㄨㄥˊ,鸗
ㄌㄨㄥˊ,龒
ㄌㄨㄥˇ,壟
ㄌㄨㄥˇ,隴
ㄌㄨㄥˇ,儱
ㄌㄨㄥˋ,徿
ㄌㄨㄥˋ,梇
ㄌㄩˊ,櫚
ㄌㄩˊ,閭
ㄌㄩˊ,驢
ㄌㄩˊ,氀
ㄌㄩˇ,侶
ㄌㄩˇ,呂
ㄌㄩˇ,旅
ㄌㄩˇ,縷
ㄌㄩˇ,祣
ㄌㄩˇ,穭
ㄌㄩˇ,膂
ㄌㄩˇ,郘
ㄌㄩˋ,律
ㄌㄩˋ,慮
ㄌㄩˋ,濾
ㄌㄩˋ,儢
ㄌㄩˋ,勴
ㄌㄩˋ,嵂
ㄌㄩˋ,繂
ㄌㄩˋ,膟
ㄌㄩˋ,葎
ㄌㄩˋ,藘
ㄌㄩˋ,鑢
ㄌㄩㄝˋ,略
ㄌㄩㄝˋ,鋝
ㄌㄩㄢˊ,癵
ㄍㄚ,旮
ㄍㄜ,割
ㄍㄜ,哥
ㄍㄜ,戈
ㄍㄜ,擱
ㄍㄜ,歌
ㄍㄜ,鴿
ㄍㄜ,滒
ㄍㄜ,牁
ㄍㄜˊ,膈
ㄍㄜˊ,骼
ㄍㄜˊ,鞷
ㄍㄜˊ,嗝
ㄍㄜˊ,滆
ㄍㄜˊ,茖
ㄍㄜˊ,觡
ㄍㄜˊ,轕
ㄍㄜˊ,愅
ㄍㄜˇ,舸
ㄍㄜˋ,箇
ㄍㄞ,該
ㄍㄞ,賅
ㄍㄞ,侅
ㄍㄞ,垓
ㄍㄞ,峐
ㄍㄞ,祴
ㄍㄞ,賌
ㄍㄞ,陔
ㄍㄞˇ,改
ㄍㄞˋ,概
ㄍㄞˋ,鈣
ㄍㄠ,篙
ㄍㄠ,糕
ㄍㄠ,羔
ㄍㄠ,高
ㄍㄠ,槔
ㄍㄠ,櫜
ㄍㄠ,滜
ㄍㄠ,韟
ㄍㄠ,鼛
ㄍㄠˇ,槁
ㄍㄠˇ,稿
ㄍㄠˇ,暠
ㄍㄠˋ,誥
ㄍㄠˋ,鋯
ㄍㄡ,构
ㄍㄡˇ,狗
ㄍㄡˇ,苟
ㄍㄡˇ,笱
ㄍㄡˇ,耇
ㄍㄡˇ,茩
ㄍㄡˋ,垢
ㄍㄡˋ,冓
ㄍㄡˋ,夠
ㄍㄡˋ,姤
ㄍㄡˋ,構
ㄍㄡˋ,遘
ㄍㄡˋ,媾
ㄍㄡˋ,購
ㄍㄡˋ,搆
ㄍㄡˋ,覯
ㄍㄢ,坩
ㄍㄢ,干
ㄍㄢ,甘
ㄍㄢ,疳
ㄍㄢ,肝
ㄍㄢ,玕
ㄍㄢˇ,敢
ㄍㄢˇ,橄
ㄍㄢˇ,稈
ㄍㄢˇ,趕
ㄍㄢˇ,簳
ㄍㄢˋ,灨
ㄍㄢˋ,紺
ㄍㄢˋ,骭
ㄍㄣ,根
ㄍㄣ,跟
ㄍㄤ,剛
ㄍㄤ,綱
ㄍㄤ,缸
ㄍㄤ,堈
ㄍㄤ,棡
ㄍㄤ,犅
ㄍㄤ,罡
ㄍㄤˋ,槓
ㄍㄥ,庚
ㄍㄥ,浭
ㄍㄥ,賡
ㄍㄥ,鶊
ㄍㄥˇ,埂
ㄍㄥˇ,梗
ㄍㄥˇ,耿
ㄍㄥˇ,哽
ㄍㄥˇ,郠
ㄍㄥˇ,骾
ㄍㄥˇ,鯁
ㄍㄥˋ,堩
ㄍㄨ,姑
ㄍㄨ,孤
ㄍㄨ,菰
ㄍㄨ,蛄
ㄍㄨ,辜
ㄍㄨ,鴣
ㄍㄨ,夃
ㄍㄨ,嫴
ㄍㄨ,觚
ㄍㄨ,柧
ㄍㄨ,軱
ㄍㄨ,箍
ㄍㄨ,罛
ㄍㄨ,菇
ㄍㄨ,泒
ㄍㄨ,箛
ㄍㄨ,酤
ㄍㄨˇ,古
ㄍㄨˇ,牯
ㄍㄨˇ,瞽
ㄍㄨˇ,罟
ㄍㄨˇ,榾
ㄍㄨˇ,股
ㄍㄨˇ,瀔
ㄍㄨˇ,鼓
ㄍㄨˇ,尳
ㄍㄨˇ,愲
ㄍㄨˇ,蠱
ㄍㄨˇ,啒
ㄍㄨˇ,狜
ㄍㄨˇ,盬
ㄍㄨˇ,縎
ㄍㄨˇ,羖
ㄍㄨˇ,臌
ㄍㄨˇ,蓇
ㄍㄨˇ,薣
ㄍㄨˇ,蛌
ㄍㄨˋ,僱
ㄍㄨˋ,固
ㄍㄨˋ,故
ㄍㄨˋ,顧
ㄍㄨˋ,凅
ㄍㄨˋ,牿
ㄍㄨˋ,痼
ㄍㄨˋ,稒
ㄍㄨˋ,錮
ㄍㄨㄚ,瓜
ㄍㄨㄚ,颳
ㄍㄨㄚ,劀
ㄍㄨㄚ,聒
ㄍㄨㄚ,葀
ㄍㄨㄚ,騧
ㄍㄨㄚ,鴰
ㄍㄨㄚˇ,寡
ㄍㄨㄚˇ,剮
ㄍㄨㄚˋ,卦
ㄍㄨㄚˋ,掛
ㄍㄨㄚˋ,褂
ㄍㄨㄛ,蟈
ㄍㄨㄛ,郭
ㄍㄨㄛ,鍋
ㄍㄨㄛ,嘓
ㄍㄨㄛ,堝
ㄍㄨㄛ,崞
ㄍㄨㄛˊ,國
ㄍㄨㄛˊ,幗
ㄍㄨㄛˊ,摑
ㄍㄨㄛˊ,聝
ㄍㄨㄛˊ,膕
ㄍㄨㄛˊ,蔮
ㄍㄨㄛˊ,虢
ㄍㄨㄛˇ,槨
ㄍㄨㄛˇ,猓
ㄍㄨㄛˇ,裹
ㄍㄨㄛˇ,惈
ㄍㄨㄛˇ,粿
ㄍㄨㄛˇ,蜾
ㄍㄨㄞ,乖
ㄍㄨㄞˇ,拐
ㄍㄨㄞˇ,枴
ㄍㄨㄞˋ,怪
ㄍㄨㄞˋ,夬
ㄍㄨㄟ,圭
ㄍㄨㄟ,瑰
ㄍㄨㄟ,皈
ㄍㄨㄟ,閨
ㄍㄨㄟ,媯
ㄍㄨㄟ,嫢
ㄍㄨㄟ,珪
ㄍㄨㄟ,瞡
ㄍㄨㄟ,邽
ㄍㄨㄟ,雟
ㄍㄨㄟˇ,癸
ㄍㄨㄟˇ,詭
ㄍㄨㄟˇ,軌
ㄍㄨㄟˇ,鬼
ㄍㄨㄟˇ,匭
ㄍㄨㄟˇ,厬
ㄍㄨㄟˇ,宄
ㄍㄨㄟˇ,庪
ㄍㄨㄟˇ,晷
ㄍㄨㄟˇ,簋
ㄍㄨㄟˇ,蛫
ㄍㄨㄟˇ,觤
ㄍㄨㄟˋ,桂
ㄍㄨㄟˋ,櫃
ㄍㄨㄟˋ,貴
ㄍㄨㄟˋ,劌
ㄍㄨㄟˋ,撌
ㄍㄨㄢ,瘝
ㄍㄨㄢ,倌
ㄍㄨㄢ,官
ㄍㄨㄢ,鱞
ㄍㄨㄢˇ,管
ㄍㄨㄢˇ,筦
ㄍㄨㄢˇ,錧
ㄍㄨㄢˋ,慣
ㄍㄨㄢˋ,灌
ㄍㄨㄢˋ,罐
ㄍㄨㄢˋ,悺
ㄍㄨㄢˋ,摜
ㄍㄨㄢˋ,爟
ㄍㄨㄢˋ,瓘
ㄍㄨㄢˋ,祼
ㄍㄨㄢˋ,鱹
ㄍㄨㄣˇ,滾
ㄍㄨㄣˇ,袞
ㄍㄨㄣˇ,緄
ㄍㄨㄣˇ,蔉
ㄍㄨㄣˇ,輥
ㄍㄨㄣˇ,鯀
ㄍㄨㄣˋ,睔
ㄍㄨㄤ,光
ㄍㄨㄤ,胱
ㄍㄨㄤ,珖
ㄍㄨㄤ,茪
ㄍㄨㄤˇ,臩
ㄍㄨㄤˋ,臦
ㄍㄨㄥ,公
ㄍㄨㄥ,功
ㄍㄨㄥ,宮
ㄍㄨㄥ,工
ㄍㄨㄥ,弓
ㄍㄨㄥ,恭
ㄍㄨㄥ,攻
ㄍㄨㄥ,肱
ㄍㄨㄥ,躬
ㄍㄨㄥ,塨
ㄍㄨㄥ,觥
ㄍㄨㄥˇ,拱
ㄍㄨㄥˇ,鞏
ㄍㄨㄥˇ,廾
ㄍㄨㄥˇ,栱
ㄍㄨㄥˇ,珙
ㄍㄨㄥˇ,穬
ㄍㄨㄥˋ,貢
ㄍㄨㄥˋ,羾
ㄎㄚˇ,佧
ㄎㄚˋ,髂
ㄎㄜ,瞌
ㄎㄜ,科
ㄎㄜ,窠
ㄎㄜ,蝌
ㄎㄜ,鈳
ㄎㄜ,搕
ㄎㄜ,珂
ㄎㄜ,薖
ㄎㄜ,嵙
ㄎㄜ,犐
ㄎㄜˇ,岢
ㄎㄜˇ,嵑
ㄎㄜˇ,嶱
ㄎㄜˋ,克
ㄎㄜˋ,剋
ㄎㄜˋ,客
ㄎㄜˋ,課
ㄎㄜˋ,厒
ㄎㄜˋ,榼
ㄎㄜˋ,氪
ㄎㄜˋ,緙
ㄎㄜˋ,騍
ㄎㄞ,開
ㄎㄞˇ,凱
ㄎㄞˇ,塏
ㄎㄞˇ,愷
ㄎㄞˇ,鍇
ㄎㄞˇ,颽
ㄎㄞˋ,鎎
ㄎㄠ,尻
ㄎㄠˇ,拷
ㄎㄠˇ,烤
ㄎㄠˇ,考
ㄎㄠˇ,攷
ㄎㄠˋ,犒
ㄎㄠˋ,銬
ㄎㄠˋ,靠
ㄎㄡ,彄
ㄎㄡ,摳
ㄎㄡˇ,口
ㄎㄡˋ,佝
ㄎㄡˋ,叩
ㄎㄡˋ,寇
ㄎㄡˋ,滱
ㄎㄡˋ,瞉
ㄎㄡˋ,蔻
ㄎㄡˋ,鷇
ㄎㄢ,刊
ㄎㄢ,堪
ㄎㄢ,嵁
ㄎㄢ,龕
ㄎㄢˇ,侃
ㄎㄢˇ,坎
ㄎㄢˇ,崁
ㄎㄢˇ,砍
ㄎㄢˇ,埳
ㄎㄢˇ,顑
ㄎㄢˋ,瞰
ㄎㄢˋ,矙
ㄎㄢˋ,衎
ㄎㄣˇ,墾
ㄎㄣˇ,懇
ㄎㄣˋ,掯
ㄎㄤ,糠
ㄎㄤ,漮
ㄎㄤˋ,伉
ㄎㄤˋ,抗
ㄎㄤˋ,閌
ㄎㄥ,坑
ㄎㄥ,鏗
ㄎㄥ,牼
ㄎㄥ,
ㄎㄨ,哭
ㄎㄨ,跍
ㄎㄨ,窟
ㄎㄨ,刳
ㄎㄨ,堀
ㄎㄨ,枯
ㄎㄨ,骷
ㄎㄨˋ,褲
ㄎㄨˋ,酷
ㄎㄨˋ,嚳
ㄎㄨㄚ,夸
ㄎㄨㄚ,誇
ㄎㄨㄚ,姱
ㄎㄨㄚˇ,垮
ㄎㄨㄚˇ,侉
ㄎㄨㄚˋ,跨
ㄎㄨㄛˋ,廓
ㄎㄨㄛˋ,擴
ㄎㄨㄛˋ,闊
ㄎㄨㄛˋ,霩
ㄎㄨㄛˋ,鞹
ㄎㄨㄛˋ,韕
ㄎㄨㄞˋ,儈
ㄎㄨㄞˋ,塊
ㄎㄨㄞˋ,快
ㄎㄨㄞˋ,筷
ㄎㄨㄞˋ,膾
ㄎㄨㄞˋ,噲
ㄎㄨㄞˋ,廥
ㄎㄨㄞˋ,鱠
ㄎㄨㄟ,盔
ㄎㄨㄟ,虧
ㄎㄨㄟ,刲
ㄎㄨㄟ,噅
ㄎㄨㄟ,巋
ㄎㄨㄟ,闚
ㄎㄨㄟˊ,夔
ㄎㄨㄟˊ,葵
ㄎㄨㄟˊ,逵
ㄎㄨㄟˊ,暌
ㄎㄨㄟˊ,櫆
ㄎㄨㄟˊ,犪
ㄎㄨㄟˊ,躨
ㄎㄨㄟˊ,鄈
ㄎㄨㄟˇ,蹞
ㄎㄨㄟˋ,愧
ㄎㄨㄟˋ,簣
ㄎㄨㄟˋ,餽
ㄎㄨㄟˋ,樻
ㄎㄨㄟˋ,欳
ㄎㄨㄟˋ,聵
ㄎㄨㄟˋ,鐀
ㄎㄨㄢ,寬
ㄎㄨㄢ,髖
ㄎㄨㄢˇ,款
ㄎㄨㄢˇ,窾
ㄎㄨㄣ,坤
ㄎㄨㄣ,崑
ㄎㄨㄣ,晜
ㄎㄨㄣ,猑
ㄎㄨㄣ,琨
ㄎㄨㄣ,菎
ㄎㄨㄣ,褌
ㄎㄨㄣ,錕
ㄎㄨㄣ,騉
ㄎㄨㄣ,髡
ㄎㄨㄣ,鯤
ㄎㄨㄣˇ,捆
ㄎㄨㄣˇ,綑
ㄎㄨㄣˇ,壼
ㄎㄨㄣˇ,悃
ㄎㄨㄣˇ,硱
ㄎㄨㄣˇ,裍
ㄎㄨㄣˋ,困
ㄎㄨㄣˋ,睏
ㄎㄨㄤ,筐
ㄎㄨㄤ,恇
ㄎㄨㄤ,洭
ㄎㄨㄤ,誆
ㄎㄨㄤ,框
ㄎㄨㄤˊ,狂
ㄎㄨㄤˊ,鵟
ㄎㄨㄤˋ,壙
ㄎㄨㄤˋ,曠
ㄎㄨㄤˋ,況
ㄎㄨㄤˋ,絖
ㄎㄨㄤˋ,纊
ㄎㄨㄤˋ,軦
ㄎㄨㄥ,崆
ㄎㄨㄥ,箜
ㄎㄨㄥˇ,孔
ㄎㄨㄥˋ,鞚
ㄏㄜ,訶
ㄏㄜˊ,劾
ㄏㄜˊ,河
ㄏㄜˊ,盍
ㄏㄜˊ,盒
ㄏㄜˊ,渮
ㄏㄜˊ,篕
ㄏㄜˊ,褐
ㄏㄜˊ,螛
ㄏㄜˊ,廅
ㄏㄜˊ,毼
ㄏㄜˊ,禾
ㄏㄜˊ,闔
ㄏㄜˊ,敆
ㄏㄜˊ,覈
ㄏㄜˊ,麧
ㄏㄜˊ,龢
ㄏㄜˋ,賀
ㄏㄞ,嗨
ㄏㄞ,咍
ㄏㄞˊ,孩
ㄏㄞˊ,骸
ㄏㄞˊ,豥
ㄏㄞˇ,海
ㄏㄞˇ,醢
ㄏㄞˋ,亥
ㄏㄞˋ,氦
ㄏㄞˋ,嗐
ㄏㄞˋ,餀
ㄏㄟ,潶
ㄏㄠ,蒿
ㄏㄠ,嚆
ㄏㄠ,薅
ㄏㄠˊ,豪
ㄏㄠˊ,嗥
ㄏㄠˊ,譹
ㄏㄠˊ,壕
ㄏㄠˊ,濠
ㄏㄠˊ,蠔
ㄏㄠˊ,嚎
ㄏㄠˊ,毫
ㄏㄠˋ,皓
ㄏㄠˋ,昊
ㄏㄠˋ,昦
ㄏㄠˋ,澔
ㄏㄠˋ,灝
ㄏㄠˋ,皜
ㄏㄠˋ,皞
ㄏㄠˋ,薃
ㄏㄠˋ,顥
ㄏㄠˋ,鰝
ㄏㄡ,齁
ㄏㄡˊ,侯
ㄏㄡˊ,喉
ㄏㄡˊ,猴
ㄏㄡˊ,瘊
ㄏㄡˊ,篌
ㄏㄡˊ,鍭
ㄏㄡˊ,餱
ㄏㄡˊ,鯸
ㄏㄡˇ,吼
ㄏㄡˋ,候
ㄏㄡˋ,厚
ㄏㄡˋ,后
ㄏㄡˋ,後
ㄏㄡˋ,堠
ㄏㄡˋ,郈
ㄏㄢ,蚶
ㄏㄢ,谽
ㄏㄢ,頇
ㄏㄢˊ,寒
ㄏㄢˊ,涵
ㄏㄢˊ,韓
ㄏㄢˊ,梒
ㄏㄢˊ,甝
ㄏㄢˊ,蜬
ㄏㄢˊ,邯
ㄏㄢˇ,喊
ㄏㄢˇ,蔊
ㄏㄢˇ,豃
ㄏㄢˋ,悍
ㄏㄢˋ,撼
ㄏㄢˋ,旱
ㄏㄢˋ,漢
ㄏㄢˋ,瀚
ㄏㄢˋ,焊
ㄏㄢˋ,涆
ㄏㄢˋ,銲
ㄏㄢˋ,淊
ㄏㄢˋ,閈
ㄏㄢˋ,菡
ㄏㄢˋ,螒
ㄏㄢˋ,睅
ㄏㄢˋ,蜭
ㄏㄢˋ,雗
ㄏㄢˋ,鞎
ㄏㄢˋ,駻
ㄏㄢˋ,鶾
ㄏㄣˊ,痕
ㄏㄣˊ,拫
ㄏㄣˇ,很
ㄏㄣˋ,恨
ㄏㄤ,夯
ㄏㄤˊ,航
ㄏㄤˊ,斻
ㄏㄤˊ,肮
ㄏㄤˊ,苀
ㄏㄤˊ,迒
ㄏㄥˊ,衡
ㄏㄥˊ,姮
ㄏㄥˊ,珩
ㄏㄥˊ,蘅
ㄏㄨ,忽
ㄏㄨ,惚
ㄏㄨ,雽
ㄏㄨ,匢
ㄏㄨ,幠
ㄏㄨ,曶
ㄏㄨ,淴
ㄏㄨ,滹
ㄏㄨ,垀
ㄏㄨˊ,壺
ㄏㄨˊ,湖
ㄏㄨˊ,狐
ㄏㄨˊ,瑚
ㄏㄨˊ,胡
ㄏㄨˊ,葫
ㄏㄨˊ,蝴
ㄏㄨˊ,魱
ㄏㄨˊ,鬍
ㄏㄨˊ,鶘
ㄏㄨˊ,囫
ㄏㄨˊ,螜
ㄏㄨˊ,槲
ㄏㄨˊ,猢
ㄏㄨˊ,箎
ㄏㄨˊ,縠
ㄏㄨˊ,瀫
ㄏㄨˊ,衚
ㄏㄨˊ,醐
ㄏㄨˊ,餬
ㄏㄨˊ,嘝
ㄏㄨˊ,斛
ㄏㄨˇ,琥
ㄏㄨˇ,虎
ㄏㄨˇ,滸
ㄏㄨˋ,互
ㄏㄨˋ,戶
ㄏㄨˋ,扈
ㄏㄨˋ,滬
ㄏㄨˋ,護
ㄏㄨˋ,冱
ㄏㄨˋ,婟
ㄏㄨˋ,嫮
ㄏㄨˋ,嫭
ㄏㄨˋ,岵
ㄏㄨˋ,豰
ㄏㄨˋ,怙
ㄏㄨˋ,鄠
ㄏㄨˋ,沍
ㄏㄨˋ,綔
ㄏㄨˋ,蔰
ㄏㄨˋ,昈
ㄏㄨˋ,祜
ㄏㄨㄚ,花
ㄏㄨㄚ,澅
ㄏㄨㄚˊ,划
ㄏㄨㄚˊ,猾
ㄏㄨㄚˊ,譁
ㄏㄨㄚˊ,螖
ㄏㄨㄚˊ,鏵
ㄏㄨㄚˊ,驊
ㄏㄨㄚˋ,畫
ㄏㄨㄚˋ,話
ㄏㄨㄚˋ,嫿
ㄏㄨㄚˋ,摦
ㄏㄨㄚˋ,槬
ㄏㄨㄚˋ,繣
ㄏㄨㄛˊ,佸
ㄏㄨㄛˊ,活
ㄏㄨㄛˊ,秮
ㄏㄨㄛˇ,伙
ㄏㄨㄛˇ,夥
ㄏㄨㄛˇ,火
ㄏㄨㄛˇ,鈥
ㄏㄨㄛˋ,騞
ㄏㄨㄛˋ,壑
ㄏㄨㄛˋ,瀖
ㄏㄨㄛˋ,瓁
ㄏㄨㄛˋ,貨
ㄏㄨㄛˋ,嗀
ㄏㄨㄛˋ,湱
ㄏㄨㄛˋ,禍
ㄏㄨㄛˋ,霍
ㄏㄨㄛˋ,眓
ㄏㄨㄛˋ,謋
ㄏㄨㄛˋ,鑊
ㄏㄨㄛˋ,惑
ㄏㄨㄞˊ,懷
ㄏㄨㄞˊ,淮
ㄏㄨㄞˊ,佪
ㄏㄨㄞˊ,蘹
ㄏㄨㄞˊ,褱
ㄏㄨㄞˊ,褢
ㄏㄨㄞˋ,蘾
ㄏㄨㄟ,徽
ㄏㄨㄟ,暉
ㄏㄨㄟ,灰
ㄏㄨㄟ,詼
ㄏㄨㄟ,輝
ㄏㄨㄟ,麾
ㄏㄨㄟ,翬
ㄏㄨㄟ,豗
ㄏㄨㄟ,隓
ㄏㄨㄟ,隳
ㄏㄨㄟ,鰴
ㄏㄨㄟˊ,回
ㄏㄨㄟˊ,茴
ㄏㄨㄟˊ,蛔
ㄏㄨㄟˊ,迴
ㄏㄨㄟˊ,恛
ㄏㄨㄟˊ,洄
ㄏㄨㄟˊ,藱
ㄏㄨㄟˇ,毀
ㄏㄨㄟˇ,燬
ㄏㄨㄟˇ,檓
ㄏㄨㄟˋ,匯
ㄏㄨㄟˋ,卉
ㄏㄨㄟˋ,惠
ㄏㄨㄟˋ,慧
ㄏㄨㄟˋ,晦
ㄏㄨㄟˋ,燴
ㄏㄨㄟˋ,繪
ㄏㄨㄟˋ,蕙
ㄏㄨㄟˋ,諱
ㄏㄨㄟˋ,喙
ㄏㄨㄟˋ,嘒
ㄏㄨㄟˋ,憓
ㄏㄨㄟˋ,獩
ㄏㄨㄟˋ,篲
ㄏㄨㄟˋ,譓
ㄏㄨㄟˋ,繢
ㄏㄨㄟˋ,顪
ㄏㄨㄟˋ,芔
ㄏㄨㄟˋ,薉
ㄏㄨㄟˋ,蟪
ㄏㄨㄟˋ,翽
ㄏㄨㄟˋ,蔧
ㄏㄨㄟˋ,餯
ㄏㄨㄢ,歡
ㄏㄨㄢ,嚾
ㄏㄨㄢ,獾
ㄏㄨㄢ,讙
ㄏㄨㄢ,酄
ㄏㄨㄢ,驩
ㄏㄨㄢ,鴅
ㄏㄨㄢˊ,桓
ㄏㄨㄢˊ,環
ㄏㄨㄢˊ,鍰
ㄏㄨㄢˊ,峘
ㄏㄨㄢˊ,狟
ㄏㄨㄢˊ,瓛
ㄏㄨㄢˊ,羦
ㄏㄨㄢˊ,荁
ㄏㄨㄢˊ,貆
ㄏㄨㄢˊ,鐶
ㄏㄨㄢˊ,闤
ㄏㄨㄢˊ,鬟
ㄏㄨㄢˇ,緩
ㄏㄨㄢˇ,睆
ㄏㄨㄢˋ,喚
ㄏㄨㄢˋ,奐
ㄏㄨㄢˋ,宦
ㄏㄨㄢˋ,幻
ㄏㄨㄢˋ,患
ㄏㄨㄢˋ,換
ㄏㄨㄢˋ,煥
ㄏㄨㄢˋ,瘓
ㄏㄨㄢˋ,豢
ㄏㄨㄢˋ,漶
ㄏㄨㄢˋ,肒
ㄏㄨㄢˋ,逭
ㄏㄨㄢˋ,鯇
ㄏㄨㄣ,婚
ㄏㄨㄣ,涽
ㄏㄨㄣ,睧
ㄏㄨㄣ,睯
ㄏㄨㄣ,蔒
ㄏㄨㄣ,閽
ㄏㄨㄣˊ,琿
ㄏㄨㄣˊ,餛
ㄏㄨㄣˊ,魂
ㄏㄨㄣˊ,繉
ㄏㄨㄣˊ,鼲
ㄏㄨㄣˋ,慁
ㄏㄨㄣˋ,溷
ㄏㄨㄤ,肓
ㄏㄨㄤ,荒
ㄏㄨㄤ,巟
ㄏㄨㄤ,衁
ㄏㄨㄤˊ,凰
ㄏㄨㄤˊ,徨
ㄏㄨㄤˊ,璜
ㄏㄨㄤˊ,磺
ㄏㄨㄤˊ,篁
ㄏㄨㄤˊ,簧
ㄏㄨㄤˊ,遑
ㄏㄨㄤˊ,隍
ㄏㄨㄤˊ,黃
ㄏㄨㄤˊ,偟
ㄏㄨㄤˊ,餭
ㄏㄨㄤˊ,湟
ㄏㄨㄤˊ,騜
ㄏㄨㄤˊ,葟
ㄏㄨㄤˊ,趪
ㄏㄨㄤˊ,鍠
ㄏㄨㄤˊ,艎
ㄏㄨㄤˊ,蟥
ㄏㄨㄤˇ,幌
ㄏㄨㄤˇ,恍
ㄏㄨㄤˇ,謊
ㄏㄨㄤˇ,怳
ㄏㄨㄤˇ,滉
ㄏㄨㄤˇ,炾
ㄏㄨㄤˇ,熀
ㄏㄨㄤˇ,皝
ㄏㄨㄥ,轟
ㄏㄨㄥ,薨
ㄏㄨㄥ,輷
ㄏㄨㄥˊ,宏
ㄏㄨㄥˊ,弘
ㄏㄨㄥˊ,洪
ㄏㄨㄥˊ,訌
ㄏㄨㄥˊ,鴻
ㄏㄨㄥˊ,仜
ㄏㄨㄥˊ,吰
ㄏㄨㄥˊ,彋
ㄏㄨㄥˊ,耾
ㄏㄨㄥˊ,葒
ㄏㄨㄥˊ,浤
ㄏㄨㄥˊ,谹
ㄏㄨㄥˊ,竑
ㄏㄨㄥˊ,翃
ㄏㄨㄥˊ,汯
ㄏㄨㄥˊ,瓨
ㄏㄨㄥˊ,紘
ㄏㄨㄥˊ,谼
ㄏㄨㄥˊ,鋐
ㄏㄨㄥˊ,閎
ㄏㄨㄥˊ,霐
ㄏㄨㄥˊ,鞃
ㄏㄨㄥˊ,黌
ㄏㄨㄥˇ,嗊
ㄏㄨㄥˋ,鬨
ㄏㄨㄥˋ,澒
ㄏㄨㄥˋ,蕻
ㄏㄨㄥˋ,闀
ㄐㄧ,乩
ㄐㄧ,几
ㄐㄧ,嘰
ㄐㄧ,基
ㄐㄧ,屐
ㄐㄧ,機
ㄐㄧ,激
ㄐㄧ,璣
ㄐㄧ,畸
ㄐㄧ,譏
ㄐㄧ,磯
ㄐㄧ,跡
ㄐㄧ,箕
ㄐㄧ,羈
ㄐㄧ,肌
ㄐㄧ,積
ㄐㄧ,績
ㄐㄧ,雞
ㄐㄧ,飢
ㄐㄧ,饑
ㄐㄧ,丌
ㄐㄧ,刉
ㄐㄧ,剞
ㄐㄧ,齎
ㄐㄧ,勣
ㄐㄧ,齏
ㄐㄧ,敧
ㄐㄧ,虮
ㄐㄧ,櫅
ㄐㄧ,笄
ㄐㄧ,羇
ㄐㄧ,虀
ㄐㄧ,癪
ㄐㄧ,蹟
ㄐㄧ,隮
ㄐㄧ,鞿
ㄐㄧ,咭
ㄐㄧ,枅
ㄐㄧˊ,即
ㄐㄧˊ,急
ㄐㄧˊ,及
ㄐㄧˊ,嫉
ㄐㄧˊ,寂
ㄐㄧˊ,岌
ㄐㄧˊ,吉
ㄐㄧˊ,戢
ㄐㄧˊ,極
ㄐㄧˊ,汲
ㄐㄧˊ,疾
ㄐㄧˊ,級
ㄐㄧˊ,輯
ㄐㄧˊ,觙
ㄐㄧˊ,丮
ㄐㄧˊ,蹐
ㄐㄧˊ,佶
ㄐㄧˊ,轚
ㄐㄧˊ,堲
ㄐㄧˊ,霵
ㄐㄧˊ,姞
ㄐㄧˊ,鞊
ㄐㄧˊ,忣
ㄐㄧˊ,鶺
ㄐㄧˊ,槉
ㄐㄧˊ,鷑
ㄐㄧˊ,欴
ㄐㄧˊ,蕺
ㄐㄧˊ,螏
ㄐㄧˊ,潗
ㄐㄧˊ,襋
ㄐㄧˊ,笈
ㄐㄧˊ,集
ㄐㄧˊ,芨
ㄐㄧˊ,伋
ㄐㄧˊ,蓻
ㄐㄧˊ,茍
ㄐㄧˊ,漃
ㄐㄧˊ,膌
ㄐㄧˊ,蒺
ㄐㄧˊ,蕀
ㄐㄧˊ,濈
ㄐㄧˊ,塉
ㄐㄧˊ,庴
ㄐㄧˊ,揤
ㄐㄧˊ,橶
ㄐㄧˊ,殛
ㄐㄧˇ,己
ㄐㄧˇ,戟
ㄐㄧˇ,麂
ㄐㄧˇ,妀
ㄐㄧˇ,掎
ㄐㄧˇ,撠
ㄐㄧˇ,泲
ㄐㄧˇ,穖
ㄐㄧˋ,冀
ㄐㄧˋ,劑
ㄐㄧˋ,妓
ㄐㄧˋ,技
ㄐㄧˋ,寄
ㄐㄧˋ,忌
ㄐㄧˋ,悸
ㄐㄧˋ,季
ㄐㄧˋ,既
ㄐㄧˋ,暨
ㄐㄧˋ,稷
ㄐㄧˋ,繼
ㄐㄧˋ,覬
ㄐㄧˋ,計
ㄐㄧˋ,鵋
ㄐㄧˋ,記
ㄐㄧˋ,罽
ㄐㄧˋ,臮
ㄐㄧˋ,驥
ㄐㄧˋ,芰
ㄐㄧˋ,徛
ㄐㄧˋ,蔇
ㄐㄧˋ,懻
ㄐㄧˋ,薊
ㄐㄧˋ,洎
ㄐㄧˋ,蘮
ㄐㄧˋ,穊
ㄐㄧˋ,蘻
ㄐㄧˋ,穧
ㄐㄧˋ,裚
ㄐㄧˋ,伎
ㄐㄧˋ,誋
ㄐㄧˋ,暩
ㄐㄧˋ,穄
ㄐㄧˋ,霽
ㄐㄧˋ,惎
ㄐㄧˋ,瀱
ㄐㄧˋ,諅
ㄐㄧˋ,跽
ㄐㄧˋ,鮆
ㄐㄧˋ,鱀
ㄐㄧˋ,際
ㄐㄧㄚ,佳
ㄐㄧㄚ,鎵
ㄐㄧㄚ,鴐
ㄐㄧㄚ,加
ㄐㄧㄚ,麚
ㄐㄧㄚ,犌
ㄐㄧㄚ,豭
ㄐㄧㄚ,痂
ㄐㄧㄚ,笳
ㄐㄧㄚ,耞
ㄐㄧㄚ,珈
ㄐㄧㄚ,貑
ㄐㄧㄚ,跏
ㄐㄧㄚ,傢
ㄐㄧㄚ,袈
ㄐㄧㄚ,猳
ㄐㄧㄚˊ,戛
ㄐㄧㄚˊ,鋏
ㄐㄧㄚˊ,頰
ㄐㄧㄚˊ,蛺
ㄐㄧㄚˊ,郟
ㄐㄧㄚˊ,莢
ㄐㄧㄚˊ,鞂
ㄐㄧㄚˊ,鵊
ㄐㄧㄚˇ,胛
ㄐㄧㄚˇ,岬
ㄐㄧㄚˇ,斝
ㄐㄧㄚˇ,榎
ㄐㄧㄚˇ,檟
ㄐㄧㄚˋ,嫁
ㄐㄧㄚˋ,架
ㄐㄧㄚˋ,稼
ㄐㄧㄚˋ,駕
ㄐㄧㄝ,皆
ㄐㄧㄝ,街
ㄐㄧㄝ,階
ㄐㄧㄝ,喈
ㄐㄧㄝ,湝
ㄐㄧㄝ,菨
ㄐㄧㄝ,蝔
ㄐㄧㄝ,鶛
ㄐㄧㄝˊ,潔
ㄐㄧㄝˊ,傑
ㄐㄧㄝˊ,睫
ㄐㄧㄝˊ,孑
ㄐㄧㄝˊ,杰
ㄐㄧㄝˊ,桀
ㄐㄧㄝˊ,劫
ㄐㄧㄝˊ,截
ㄐㄧㄝˊ,竭
ㄐㄧㄝˊ,節
ㄐㄧㄝˊ,羯
ㄐㄧㄝˊ,詰
ㄐㄧㄝˊ,倢
ㄐㄧㄝˊ,劼
ㄐㄧㄝˊ,鮚
ㄐㄧㄝˊ,婕
ㄐㄧㄝˊ,瀄
ㄐㄧㄝˊ,狤
ㄐㄧㄝˊ,崨
ㄐㄧㄝˊ,楶
ㄐㄧㄝˊ,榤
ㄐㄧㄝˊ,岊
ㄐㄧㄝˊ,嵥
ㄐㄧㄝˊ,疌
ㄐㄧㄝˊ,蠽
ㄐㄧㄝˊ,衱
ㄐㄧㄝˊ,踕
ㄐㄧㄝˊ,尐
ㄐㄧㄝˇ,檞
ㄐㄧㄝˋ,芥
ㄐㄧㄝˋ,誡
ㄐㄧㄝˋ,屆
ㄐㄧㄝˋ,界
ㄐㄧㄝˋ,疥
ㄐㄧㄝˋ,借
ㄐㄧㄝˋ,戒
ㄐㄧㄝˋ,犗
ㄐㄧㄝˋ,玠
ㄐㄧㄝˋ,繲
ㄐㄧㄝˋ,蚧
ㄐㄧㄠ,交
ㄐㄧㄠ,嘄
ㄐㄧㄠ,嬌
ㄐㄧㄠ,膲
ㄐㄧㄠ,礁
ㄐㄧㄠ,郊
ㄐㄧㄠ,鮫
ㄐㄧㄠ,椒
ㄐㄧㄠ,蛟
ㄐㄧㄠ,蟭
ㄐㄧㄠ,鵁
ㄐㄧㄠ,鷦
ㄐㄧㄠ,鸄
ㄐㄧㄠˇ,狡
ㄐㄧㄠˇ,皎
ㄐㄧㄠˇ,譑
ㄐㄧㄠˇ,矯
ㄐㄧㄠˇ,敿
ㄐㄧㄠˇ,曒
ㄐㄧㄠˇ,犞
ㄐㄧㄠˇ,皦
ㄐㄧㄠˇ,劋
ㄐㄧㄠˋ,叫
ㄐㄧㄠˋ,窖
ㄐㄧㄠˋ,嘂
ㄐㄧㄠˋ,嬓
ㄐㄧㄠˋ,挍
ㄐㄧㄠˋ,斠
ㄐㄧㄠˋ,潐
ㄐㄧㄠˋ,珓
ㄐㄧㄠˋ,譥
ㄐㄧㄠˋ,醮
ㄐㄧㄠˋ,釂
ㄐㄧㄡ,啾
ㄐㄧㄡ,揪
ㄐㄧㄡ,鳩
ㄐㄧㄡ,朻
ㄐㄧㄡ,樛
ㄐㄧㄡ,鬮
ㄐㄧㄡˇ,久
ㄐㄧㄡˇ,玖
ㄐㄧㄡˇ,酒
ㄐㄧㄡˇ,韭
ㄐㄧㄡˋ,就
ㄐㄧㄡˋ,救
ㄐㄧㄡˋ,柩
ㄐㄧㄡˋ,疚
ㄐㄧㄡˋ,舅
ㄐㄧㄡˋ,舊
ㄐㄧㄡˋ,僦
ㄐㄧㄡˋ,廄
ㄐㄧㄡˋ,鷲
ㄐㄧㄡˋ,麔
ㄐㄧㄢ,兼
ㄐㄧㄢ,堅
ㄐㄧㄢ,奸
ㄐㄧㄢ,菺
ㄐㄧㄢ,姦
ㄐㄧㄢ,葌
ㄐㄧㄢ,殲
ㄐㄧㄢ,蒹
ㄐㄧㄢ,緘
ㄐㄧㄢ,蕑
ㄐㄧㄢ,艱
ㄐㄧㄢ,鑯
ㄐㄧㄢ,惤
ㄐㄧㄢ,靬
ㄐㄧㄢ,熸
ㄐㄧㄢ,韉
ㄐㄧㄢ,猏
ㄐㄧㄢ,餰
ㄐㄧㄢ,箋
ㄐㄧㄢ,鰹
ㄐㄧㄢ,幵
ㄐㄧㄢ,牋
ㄐㄧㄢ,尖
ㄐㄧㄢ,縑
ㄐㄧㄢ,瀸
ㄐㄧㄢ,鵳
ㄐㄧㄢ,鶼
ㄐㄧㄢ,麉
ㄐㄧㄢˇ,剪
ㄐㄧㄢˇ,揀
ㄐㄧㄢˇ,柬
ㄐㄧㄢˇ,譾
ㄐㄧㄢˇ,減
ㄐㄧㄢˇ,瞼
ㄐㄧㄢˇ,翦
ㄐㄧㄢˇ,鹼
ㄐㄧㄢˇ,戩
ㄐㄧㄢˇ,暕
ㄐㄧㄢˇ,繭
ㄐㄧㄢˇ,寋
ㄐㄧㄢˇ,藆
ㄐㄧㄢˇ,襺
ㄐㄧㄢˇ,謇
ㄐㄧㄢˇ,檢
ㄐㄧㄢˇ,簡
ㄐㄧㄢˋ,僭
ㄐㄧㄢˋ,荐
ㄐㄧㄢˋ,諫
ㄐㄧㄢˋ,建
ㄐㄧㄢˋ,箭
ㄐㄧㄢˋ,艦
ㄐㄧㄢˋ,劍
ㄐㄧㄢˋ,毽
ㄐㄧㄢˋ,賤
ㄐㄧㄢˋ,鍵
ㄐㄧㄢˋ,鑑
ㄐㄧㄢˋ,鑒
ㄐㄧㄢˋ,餞
ㄐㄧㄢˋ,俴
ㄐㄧㄢˋ,洊
ㄐㄧㄢˋ,瞷
ㄐㄧㄢˋ,葥
ㄐㄧㄢˋ,轞
ㄐㄧㄣ,今
ㄐㄧㄣ,巾
ㄐㄧㄣ,津
ㄐㄧㄣ,筋
ㄐㄧㄣ,襟
ㄐㄧㄣ,金
ㄐㄧㄣ,祲
ㄐㄧㄣ,觔
ㄐㄧㄣˇ,儘
ㄐㄧㄣˇ,緊
ㄐㄧㄣˇ,謹
ㄐㄧㄣˇ,錦
ㄐㄧㄣˇ,巹
ㄐㄧㄣˇ,槿
ㄐㄧㄣˇ,瘽
ㄐㄧㄣˋ,噤
ㄐㄧㄣˋ,晉
ㄐㄧㄣˋ,進
ㄐㄧㄣˋ,嚍
ㄐㄧㄣˋ,燼
ㄐㄧㄣˋ,縉
ㄐㄧㄣˋ,藎
ㄐㄧㄣˋ,賮
ㄐㄧㄣˋ,贐
ㄐㄧㄣˋ,靳
ㄐㄧㄤ,僵
ㄐㄧㄤ,姜
ㄐㄧㄤ,江
ㄐㄧㄤ,薑
ㄐㄧㄤ,殭
ㄐㄧㄤ,礓
ㄐㄧㄤ,茳
ㄐㄧㄤ,螿
ㄐㄧㄤ,豇
ㄐㄧㄤˇ,槳
ㄐㄧㄤˇ,獎
ㄐㄧㄤˋ,匠
ㄐㄧㄤˋ,醬
ㄐㄧㄤˋ,弶
ㄐㄧㄤˋ,絳
ㄐㄧㄤˋ,袶
ㄐㄧㄤˋ,糨
ㄐㄧㄥ,兢
ㄐㄧㄥ,旌
ㄐㄧㄥ,晶
ㄐㄧㄥ,涇
ㄐㄧㄥ,睛
ㄐㄧㄥ,精
ㄐㄧㄥ,經
ㄐㄧㄥ,荊
ㄐㄧㄥ,莖
ㄐㄧㄥ,驚
ㄐㄧㄥ,旍
ㄐㄧㄥ,鵛
ㄐㄧㄥ,鶁
ㄐㄧㄥ,鶄
ㄐㄧㄥ,麠
ㄐㄧㄥ,鼱
ㄐㄧㄥˇ,井
ㄐㄧㄥˇ,憬
ㄐㄧㄥˇ,警
ㄐㄧㄥˇ,剄
ㄐㄧㄥˇ,汫
ㄐㄧㄥˇ,蟼
ㄐㄧㄥˋ,境
ㄐㄧㄥˋ,徑
ㄐㄧㄥˋ,靖
ㄐㄧㄥˋ,敬
ㄐㄧㄥˋ,靜
ㄐㄧㄥˋ,痙
ㄐㄧㄥˋ,逕
ㄐㄧㄥˋ,鏡
ㄐㄧㄥˋ,淨
ㄐㄧㄥˋ,競
ㄐㄧㄥˋ,俓
ㄐㄧㄥˋ,凊
ㄐㄧㄥˋ,婧
ㄐㄧㄥˋ,弳
ㄐㄧㄥˋ,獍
ㄐㄧㄥˋ,竫
ㄐㄧㄥˋ,靚
ㄐㄩ,駒
ㄐㄩ,娵
ㄐㄩ,崌
ㄐㄩ,琚
ㄐㄩ,痀
ㄐㄩ,葅
ㄐㄩ,蜛
ㄐㄩ,輋
ㄐㄩ,鶋
ㄐㄩˊ,局
ㄐㄩˊ,掬
ㄐㄩˊ,橘
ㄐㄩˊ,湨
ㄐㄩˊ,焗
ㄐㄩˊ,侷
ㄐㄩˊ,犑
ㄐㄩˊ,挶
ㄐㄩˊ,椈
ㄐㄩˊ,菊
ㄐㄩˊ,匊
ㄐㄩˊ,梮
ㄐㄩˊ,蘜
ㄐㄩˊ,趜
ㄐㄩˊ,踘
ㄐㄩˊ,輂
ㄐㄩˊ,郹
ㄐㄩˊ,鞫
ㄐㄩˊ,駶
ㄐㄩˊ,鵴
ㄐㄩˊ,鼰
ㄐㄩˊ,鼳
ㄐㄩˇ,咀
ㄐㄩˇ,矩
ㄐㄩˇ,舉
ㄐㄩˇ,莒
ㄐㄩˇ,齟
ㄐㄩˇ,椇
ㄐㄩˇ,櫸
ㄐㄩˇ,筥
ㄐㄩˇ,蒟
ㄐㄩˇ,踽
ㄐㄩˋ,距
ㄐㄩˋ,倨
ㄐㄩˋ,遽
ㄐㄩˋ,巨
ㄐㄩˋ,炬
ㄐㄩˋ,苣
ㄐㄩˋ,具
ㄐㄩˋ,懼
ㄐㄩˋ,颶
ㄐㄩˋ,屨
ㄐㄩˋ,岠
ㄐㄩˋ,泃
ㄐㄩˋ,澽
ㄐㄩˋ,焣
ㄐㄩˋ,躆
ㄐㄩˋ,秬
ㄐㄩˋ,醵
ㄐㄩˋ,耟
ㄐㄩˋ,詎
ㄐㄩˋ,粔
ㄐㄩˋ,虡
ㄐㄩˋ,鉅
ㄐㄩˋ,駏
ㄐㄩㄝ,噘
ㄐㄩㄝˊ,厥
ㄐㄩㄝˊ,抉
ㄐㄩㄝˊ,攫
ㄐㄩㄝˊ,傕
ㄐㄩㄝˊ,獗
ㄐㄩㄝˊ,僪
ㄐㄩㄝˊ,絕
ㄐㄩㄝˊ,訣
ㄐㄩㄝˊ,譎
ㄐㄩㄝˊ,玨
ㄐㄩㄝˊ,蕨
ㄐㄩㄝˊ,劂
ㄐㄩㄝˊ,彏
ㄐㄩㄝˊ,憰
ㄐㄩㄝˊ,桷
ㄐㄩㄝˊ,爝
ㄐㄩㄝˊ,玃
ㄐㄩㄝˊ,鵙
ㄐㄩㄝˊ,玦
ㄐㄩㄝˊ,鷢
ㄐㄩㄝˊ,躩
ㄐㄩㄝˊ,芵
ㄐㄩㄝˊ,蟨
ㄐㄩㄝˊ,觼
ㄐㄩㄝˊ,貜
ㄐㄩㄝˊ,蚗
ㄐㄩㄝˊ,鈌
ㄐㄩㄝˊ,鐍
ㄐㄩㄝˊ,钁
ㄐㄩㄝˊ,矍
ㄐㄩㄝˊ,臄
ㄐㄩㄢ,鵑
ㄐㄩㄢˇ,菤
ㄐㄩㄢˋ,倦
ㄐㄩㄢˋ,狷
ㄐㄩㄢˋ,眷
ㄐㄩㄢˋ,獧
ㄐㄩㄢˋ,睊
ㄐㄩㄢˋ,睠
ㄐㄩㄢˋ,鄄
ㄐㄩㄢˋ,韏
ㄐㄩㄣ,君
ㄐㄩㄣ,軍
ㄐㄩㄣ,鈞
ㄐㄩㄣ,囷
ㄐㄩㄣ,皸
ㄐㄩㄣ,碅
ㄐㄩㄣ,袀
ㄐㄩㄣˋ,浚
ㄐㄩㄣˋ,濬
ㄐㄩㄣˋ,菌
ㄐㄩㄣˋ,郡
ㄐㄩㄣˋ,駿
ㄐㄩㄣˋ,捃
ㄐㄩㄣˋ,畯
ㄐㄩㄣˋ,蔨
ㄐㄩㄣˋ,蜠
ㄐㄩㄣˋ,餕
ㄐㄩㄣˋ,鵔
ㄐㄩㄥ,坰
ㄐㄩㄥ,駉
ㄐㄩㄥˇ,炯
ㄐㄩㄥˇ,冏
ㄐㄩㄥˇ,囧
ㄐㄩㄥˇ,熲
ㄐㄩㄥˇ,褧
ㄑㄧ,慼
ㄑㄧ,欺
ㄑㄧ,萋
ㄑㄧ,倛
ㄑㄧ,僛
ㄑㄧ,諆
ㄑㄧ,攲
ㄑㄧ,桼
ㄑㄧ,娸
ㄑㄧ,柒
ㄑㄧ,迉
ㄑㄧ,霋
ㄑㄧ,魌
ㄑㄧ,鶈
ㄑㄧ,凄
ㄑㄧˊ,岐
ㄑㄧˊ,祺
ㄑㄧˊ,臍
ㄑㄧˊ,歧
ㄑㄧˊ,琪
ㄑㄧˊ,祁
ㄑㄧˊ,旗
ㄑㄧˊ,淇
ㄑㄧˊ,鰭
ㄑㄧˊ,麒
ㄑㄧˊ,亓
ㄑㄧˊ,旂
ㄑㄧˊ,玂
ㄑㄧˊ,琦
ㄑㄧˊ,鬿
ㄑㄧˊ,蚚
ㄑㄧˊ,鶀
ㄑㄧˊ,蠐
ㄑㄧˊ,騏
ㄑㄧˊ,鬐
ㄑㄧˊ,蜞
ㄑㄧˊ,軝
ㄑㄧˊ,鵸
ㄑㄧˇ,啟
ㄑㄧˇ,綺
ㄑㄧˇ,起
ㄑㄧˇ,屺
ㄑㄧˇ,棨
ㄑㄧˇ,芑
ㄑㄧˇ,邔
ㄑㄧˋ,企
ㄑㄧˋ,器
ㄑㄧˋ,憩
ㄑㄧˋ,棄
ㄑㄧˋ,汽
ㄑㄧˋ,泣
ㄑㄧˋ,訖
ㄑㄧˋ,咠
ㄑㄧˋ,汔
ㄑㄧˋ,湆
ㄑㄧˋ,湇
ㄑㄧˋ,犵
ㄑㄧˋ,磧
ㄑㄧˋ,罊
ㄑㄧˋ,蟿
ㄑㄧˋ,鏚
ㄑㄧˋ,鼜
ㄑㄧㄚ,掐
ㄑㄧㄚˇ,酎
ㄑㄧㄚˋ,恰
ㄑㄧㄚˋ,帢
ㄑㄧㄚˋ,硈
ㄑㄧㄝˊ,伽
ㄑㄧㄝˋ,妾
ㄑㄧㄝˋ,愜
ㄑㄧㄝˋ,竊
ㄑㄧㄝˋ,朅
ㄑㄧㄝˋ,篋
ㄑㄧㄝˋ,藒
ㄑㄧㄝˋ,蛪
ㄑㄧㄝˋ,踥
ㄑㄧㄠ,敲
ㄑㄧㄠ,蹺
ㄑㄧㄠ,鍬
ㄑㄧㄠ,墝
ㄑㄧㄠ,墽
ㄑㄧㄠ,繑
ㄑㄧㄠ,踍
ㄑㄧㄠ,郻
ㄑㄧㄠ,鄡
ㄑㄧㄠ,頝
ㄑㄧㄠ,骹
ㄑㄧㄠˊ,僑
ㄑㄧㄠˊ,憔
ㄑㄧㄠˊ,樵
ㄑㄧㄠˊ,瞧
ㄑㄧㄠˊ,嫶
ㄑㄧㄠˊ,睄
ㄑㄧㄠˊ,荍
ㄑㄧㄠˇ,巧
ㄑㄧㄠˇ,悄
ㄑㄧㄠˋ,峭
ㄑㄧㄠˋ,竅
ㄑㄧㄠˋ,帩
ㄑㄧㄠˋ,撽
ㄑㄧㄠˋ,誚
ㄑㄧㄠˋ,躈
ㄑㄧㄡ,秋
ㄑㄧㄡ,蚯
ㄑㄧㄡ,邱
ㄑㄧㄡ,鞦
ㄑㄧㄡ,坵
ㄑㄧㄡ,楸
ㄑㄧㄡ,緧
ㄑㄧㄡ,萩
ㄑㄧㄡ,蟗
ㄑㄧㄡ,鶖
ㄑㄧㄡˊ,囚
ㄑㄧㄡˊ,求
ㄑㄧㄡˊ,泅
ㄑㄧㄡˊ,球
ㄑㄧㄡˊ,裘
ㄑㄧㄡˊ,酋
ㄑㄧㄡˊ,俅
ㄑㄧㄡˊ,唒
ㄑㄧㄡˊ,崷
ㄑㄧㄡˊ,殏
ㄑㄧㄡˊ,毬
ㄑㄧㄡˊ,蛷
ㄑㄧㄡˊ,犰
ㄑㄧㄡˊ,蠤
ㄑㄧㄡˊ,絿
ㄑㄧㄡˊ,莍
ㄑㄧㄡˊ,虯
ㄑㄧㄡˊ,璆
ㄑㄧㄡˊ,脙
ㄑㄧㄡˊ,觓
ㄑㄧㄡˊ,觩
ㄑㄧㄡˊ,賕
ㄑㄧㄡˊ,逑
ㄑㄧㄡˊ,銶
ㄑㄧㄡˊ,鮂
ㄑㄧㄡˊ,鼽
ㄑㄧㄡˇ,糗
ㄑㄧㄢ,千
ㄑㄧㄢ,仟
ㄑㄧㄢ,簽
ㄑㄧㄢ,籤
ㄑㄧㄢ,遷
ㄑㄧㄢ,韆
ㄑㄧㄢ,僉
ㄑㄧㄢ,岍
ㄑㄧㄢ,愆
ㄑㄧㄢ,慳
ㄑㄧㄢ,扦
ㄑㄧㄢ,攐
ㄑㄧㄢ,攓
ㄑㄧㄢ,芊
ㄑㄧㄢ,褰
ㄑㄧㄢ,顅
ㄑㄧㄢˊ,前
ㄑㄧㄢˊ,箝
ㄑㄧㄢˊ,虔
ㄑㄧㄢˊ,鈐
ㄑㄧㄢˊ,鉗
ㄑㄧㄢˊ,仱
ㄑㄧㄢˊ,墘
ㄑㄧㄢˊ,岒
ㄑㄧㄢˊ,拑
ㄑㄧㄢˊ,掮
ㄑㄧㄢˊ,榩
ㄑㄧㄢˊ,漧
ㄑㄧㄢˊ,蠸
ㄑㄧㄢˊ,騚
ㄑㄧㄢˊ,鰬
ㄑㄧㄢˊ,黚
ㄑㄧㄢˇ,繾
ㄑㄧㄢˇ,蜸
ㄑㄧㄢˋ,塹
ㄑㄧㄢˋ,欠
ㄑㄧㄢˋ,傔
ㄑㄧㄢˋ,芡
ㄑㄧㄢˋ,茜
ㄑㄧㄢˋ,蒨
ㄑㄧㄢˋ,輤
ㄑㄧㄣ,嶔
ㄑㄧㄣ,駸
ㄑㄧㄣˊ,勤
ㄑㄧㄣˊ,噙
ㄑㄧㄣˊ,擒
ㄑㄧㄣˊ,琴
ㄑㄧㄣˊ,禽
ㄑㄧㄣˊ,秦
ㄑㄧㄣˊ,芹
ㄑㄧㄣˊ,嶜
ㄑㄧㄣˊ,庈
ㄑㄧㄣˊ,懃
ㄑㄧㄣˊ,檎
ㄑㄧㄣˊ,耹
ㄑㄧㄣˊ,芩
ㄑㄧㄣˊ,菳
ㄑㄧㄣˊ,蚙
ㄑㄧㄣˊ,螓
ㄑㄧㄣˊ,鳹
ㄑㄧㄣˇ,寢
ㄑㄧㄣˇ,坅
ㄑㄧㄣˇ,寑
ㄑㄧㄣˇ,螼
ㄑㄧㄣˋ,沁
ㄑㄧㄣˋ,唚
ㄑㄧㄣˋ,撳
ㄑㄧㄣˋ,菣
ㄑㄧㄤ,謒
ㄑㄧㄤ,錆
ㄑㄧㄤ,鏘
ㄑㄧㄤ,斨
ㄑㄧㄤ,牄
ㄑㄧㄤ,蜣
ㄑㄧㄤ,羌
ㄑㄧㄤ,嶈
ㄑㄧㄤˊ,牆
ㄑㄧㄤˊ,嬙
ㄑㄧㄤˊ,廧
ㄑㄧㄤˊ,檣
ㄑㄧㄤˊ,漒
ㄑㄧㄤˊ,蘠
ㄑㄧㄤˇ,繈
ㄑㄧㄤˇ,襁
ㄑㄧㄤˋ,唴
ㄑㄧㄥ,卿
ㄑㄧㄥ,氫
ㄑㄧㄥ,清
ㄑㄧㄥ,圊
ㄑㄧㄥ,氰
ㄑㄧㄥ,烴
ㄑㄧㄥˊ,情
ㄑㄧㄥˊ,擎
ㄑㄧㄥˊ,晴
ㄑㄧㄥˊ,勍
ㄑㄧㄥˊ,黥
ㄑㄧㄥˋ,磬
ㄑㄧㄥˋ,罄
ㄑㄩ,嶇
ㄑㄩ,軀
ㄑㄩ,呿
ㄑㄩ,祛
ㄑㄩ,紶
ㄑㄩ,袪
ㄑㄩ,镼
ㄑㄩ,阹
ㄑㄩ,鱋
ㄑㄩ,鶌
ㄑㄩˊ,劬
ㄑㄩˊ,璩
ㄑㄩˊ,衢
ㄑㄩˊ,蘧
ㄑㄩˊ,麴
ㄑㄩˊ,螶
ㄑㄩˊ,匷
ㄑㄩˊ,蠷
ㄑㄩˊ,朐
ㄑㄩˊ,躣
ㄑㄩˊ,氍
ㄑㄩˊ,鼩
ㄑㄩˊ,灈
ㄑㄩˊ,臞
ㄑㄩˊ,葋
ㄑㄩˊ,蕖
ㄑㄩˊ,佢
ㄑㄩˊ,斪
ㄑㄩˊ,欋
ㄑㄩˊ,淭
ㄑㄩˊ,胊
ㄑㄩˋ,刞
ㄑㄩˋ,覷
ㄑㄩˋ,闃
ㄑㄩˋ,鼁
ㄑㄩㄝ,缺
ㄑㄩㄝ,蒛
ㄑㄩㄝˊ,瘸
ㄑㄩㄝˋ,卻
ㄑㄩㄝˋ,確
ㄑㄩㄝˋ,埆
ㄑㄩㄝˋ,愨
ㄑㄩㄝˋ,碏
ㄑㄩㄝˋ,礭
ㄑㄩㄢˊ,全
ㄑㄩㄢˊ,拳
ㄑㄩㄢˊ,權
ㄑㄩㄢˊ,泉
ㄑㄩㄢˊ,痊
ㄑㄩㄢˊ,詮
ㄑㄩㄢˊ,銓
ㄑㄩㄢˊ,佺
ㄑㄩㄢˊ,埢
ㄑㄩㄢˊ,巏
ㄑㄩㄢˊ,牷
ㄑㄩㄢˊ,踡
ㄑㄩㄢˊ,犈
ㄑㄩㄢˊ,顴
ㄑㄩㄢˊ,腃
ㄑㄩㄢˊ,蜷
ㄑㄩㄢˊ,觠
ㄑㄩㄢˊ,筌
ㄑㄩㄢˊ,荃
ㄑㄩㄢˊ,齤
ㄑㄩㄢˇ,犬
ㄑㄩㄢˇ,汱
ㄑㄩㄢˋ,券
ㄑㄩㄢˋ,勸
ㄑㄩㄣ,峮
ㄑㄩㄣˊ,群
ㄑㄩㄣˊ,裙
ㄑㄩㄥˊ,瓊
ㄑㄩㄥˊ,窮
ㄑㄩㄥˊ,惸
ㄑㄩㄥˊ,桏
ㄑㄩㄥˊ,煢
ㄑㄩㄥˊ,笻
ㄑㄩㄥˊ,筇
ㄑㄩㄥˊ,藭
ㄑㄩㄥˊ,藑
ㄑㄩㄥˊ,邛
ㄑㄩㄥˇ,顈
ㄒㄧ,僖
ㄒㄧ,晰
ㄒㄧ,曦
ㄒㄧ,吸
ㄒㄧ,析
ㄒㄧ,奚
ㄒㄧ,悉
ㄒㄧ,兮
ㄒㄧ,嘻
ㄒㄧ,希
ㄒㄧ,淅
ㄒㄧ,熙
ㄒㄧ,熹
ㄒㄧ,犀
ㄒㄧ,稀
ㄒㄧ,睎
ㄒㄧ,羲
ㄒㄧ,硒
ㄒㄧ,蜥
ㄒㄧ,窸
ㄒㄧ,唏
ㄒㄧ,莃
ㄒㄧ,巇
ㄒㄧ,螅
ㄒㄧ,悕
ㄒㄧ,譆
ㄒㄧ,浠
ㄒㄧ,豯
ㄒㄧ,皙
ㄒㄧ,貕
ㄒㄧ,蟋
ㄒㄧ,酅
ㄒㄧ,恓
ㄒㄧ,烯
ㄒㄧ,膝
ㄒㄧ,屖
ㄒㄧ,晞
ㄒㄧ,醯
ㄒㄧ,騱
ㄒㄧ,鵗
ㄒㄧ,鼷
ㄒㄧˊ,媳
ㄒㄧˊ,席
ㄒㄧˊ,謵
ㄒㄧˊ,息
ㄒㄧˊ,郋
ㄒㄧˊ,檄
ㄒㄧˊ,隰
ㄒㄧˊ,習
ㄒㄧˊ,飁
ㄒㄧˊ,襲
ㄒㄧˊ,驨
ㄒㄧˊ,欯
ㄒㄧˊ,鰼
ㄒㄧˊ,蒠
ㄒㄧˊ,覡
ㄒㄧˊ,惜
ㄒㄧˊ,熄
ㄒㄧˊ,蓆
ㄒㄧˊ,槢
ㄒㄧˊ,瘜
ㄒㄧˊ,薂
ㄒㄧˇ,徙
ㄒㄧˇ,璽
ㄒㄧˇ,囍
ㄒㄧˇ,枲
ㄒㄧˇ,漇
ㄒㄧˇ,葸
ㄒㄧˇ,蟢
ㄒㄧˇ,蹝
ㄒㄧˋ,係
ㄒㄧˋ,釸
ㄒㄧˋ,霫
ㄒㄧˋ,汐
ㄒㄧˋ,餼
ㄒㄧˋ,系
ㄒㄧˋ,鬩
ㄒㄧˋ,翕
ㄒㄧˋ,黖
ㄒㄧˋ,僁
ㄒㄧˋ,齂
ㄒㄧˋ,呬
ㄒㄧˋ,虩
ㄒㄧˋ,衋
ㄒㄧˋ,忥
ㄒㄧˋ,覤
ㄒㄧˋ,潝
ㄒㄧˋ,郤
ㄒㄧˋ,禊
ㄒㄧˋ,鄎
ㄒㄧˋ,綌
ㄒㄧˋ,釳
ㄒㄧˋ,蕮
ㄒㄧˋ,夕
ㄒㄧˋ,潟
ㄒㄧˋ,穸
ㄒㄧˋ,緆
ㄒㄧˋ,屭
ㄒㄧˋ,熂
ㄒㄧˋ,矽
ㄒㄧˋ,細
ㄒㄧˋ,隙
ㄒㄧˋ,卌
ㄒㄧˋ,妎
ㄒㄧㄚ,瞎
ㄒㄧㄚ,岈
ㄒㄧㄚ,颬
ㄒㄧㄚˊ,匣
ㄒㄧㄚˊ,呷
ㄒㄧㄚˊ,峽
ㄒㄧㄚˊ,狎
ㄒㄧㄚˊ,狹
ㄒㄧㄚˊ,瑕
ㄒㄧㄚˊ,遐
ㄒㄧㄚˊ,霞
ㄒㄧㄚˊ,黠
ㄒㄧㄚˊ,鍜
ㄒㄧㄚˊ,硤
ㄒㄧㄚˊ,舝
ㄒㄧㄚˊ,蕸
ㄒㄧㄚˊ,赮
ㄒㄧㄚˊ,祫
ㄒㄧㄚˊ,騢
ㄒㄧㄚˊ,魻
ㄒㄧㄚˊ,鶷
ㄒㄧㄚˋ,下
ㄒㄧㄚˋ,欱
ㄒㄧㄚˋ,罅
ㄒㄧㄚˋ,諕
ㄒㄧㄚˋ,鏬
ㄒㄧㄝ,歇
ㄒㄧㄝ,蠍
ㄒㄧㄝˊ,協
ㄒㄧㄝˊ,脅
ㄒㄧㄝˊ,諧
ㄒㄧㄝˊ,鞋
ㄒㄧㄝˊ,劦
ㄒㄧㄝˊ,勰
ㄒㄧㄝˊ,嗋
ㄒㄧㄝˊ,奊
ㄒㄧㄝˊ,愶
ㄒㄧㄝˊ,拹
ㄒㄧㄝˊ,纈
ㄒㄧㄝˊ,脥
ㄒㄧㄝˊ,襭
ㄒㄧㄝˊ,龤
ㄒㄧㄝˋ,卸
ㄒㄧㄝˋ,屑
ㄒㄧㄝˋ,榭
ㄒㄧㄝˋ,燮
ㄒㄧㄝˋ,褻
ㄒㄧㄝˋ,謝
ㄒㄧㄝˋ,邂
ㄒㄧㄝˋ,偰
ㄒㄧㄝˋ,媟
ㄒㄧㄝˋ,絏
ㄒㄧㄝˋ,嶰
ㄒㄧㄝˋ,薤
ㄒㄧㄝˋ,澥
ㄒㄧㄝˋ,獬
ㄒㄧㄝˋ,紲
ㄒㄧㄝˋ,榍
ㄒㄧㄝˋ,瀣
ㄒㄧㄝˋ,躞
ㄒㄧㄝˋ,韰
ㄒㄧㄝˋ,齘
ㄒㄧㄝˋ,齥
ㄒㄧㄠ,宵
ㄒㄧㄠ,消
ㄒㄧㄠ,嘐
ㄒㄧㄠ,瀟
ㄒㄧㄠ,嘵
ㄒㄧㄠ,蕭
ㄒㄧㄠ,銷
ㄒㄧㄠ,霄
ㄒㄧㄠ,簫
ㄒㄧㄠ,逍
ㄒㄧㄠ,憢
ㄒㄧㄠ,枵
ㄒㄧㄠ,櫹
ㄒㄧㄠ,歊
ㄒㄧㄠ,毊
ㄒㄧㄠ,痚
ㄒㄧㄠ,驍
ㄒㄧㄠ,痟
ㄒㄧㄠ,髇
ㄒㄧㄠ,虈
ㄒㄧㄠ,蟂
ㄒㄧㄠ,蠨
ㄒㄧㄠ,窙
ㄒㄧㄠ,虓
ㄒㄧㄠ,髐
ㄒㄧㄠ,魈
ㄒㄧㄠ,鴞
ㄒㄧㄠˇ,小
ㄒㄧㄠˇ,曉
ㄒㄧㄠˇ,筱
ㄒㄧㄠˇ,篠
ㄒㄧㄠˋ,孝
ㄒㄧㄠˋ,效
ㄒㄧㄠˋ,笑
ㄒㄧㄠˋ,傚
ㄒㄧㄡ,修
ㄒㄧㄡ,羞
ㄒㄧㄡ,庥
ㄒㄧㄡ,貅
ㄒㄧㄡ,饈
ㄒㄧㄡ,髹
ㄒㄧㄡ,鵂
ㄒㄧㄡˇ,朽
ㄒㄧㄡˇ,滫
ㄒㄧㄡˇ,潃
ㄒㄧㄡˇ,糔
ㄒㄧㄡˋ,嗅
ㄒㄧㄡˋ,秀
ㄒㄧㄡˋ,繡
ㄒㄧㄡˋ,袖
ㄒㄧㄡˋ,鏽
ㄒㄧㄡˋ,溴
ㄒㄧㄡˋ,玊
ㄒㄧㄡˋ,螑
ㄒㄧㄢ,仙
ㄒㄧㄢ,掀
ㄒㄧㄢ,暹
ㄒㄧㄢ,祆
ㄒㄧㄢ,澖
ㄒㄧㄢ,僊
ㄒㄧㄢ,秈
ㄒㄧㄢ,廯
ㄒㄧㄢ,杴
ㄒㄧㄢ,氙
ㄒㄧㄢ,嘕
ㄒㄧㄢ,忺
ㄒㄧㄢ,褼
ㄒㄧㄢ,躚
ㄒㄧㄢ,馦
ㄒㄧㄢ,鶱
ㄒㄧㄢˊ,啣
ㄒㄧㄢˊ,嫌
ㄒㄧㄢˊ,嫻
ㄒㄧㄢˊ,癇
ㄒㄧㄢˊ,絃
ㄒㄧㄢˊ,銜
ㄒㄧㄢˊ,閑
ㄒㄧㄢˊ,弦
ㄒㄧㄢˊ,舷
ㄒㄧㄢˊ,蚿
ㄒㄧㄢˊ,蛝
ㄒㄧㄢˊ,諴
ㄒㄧㄢˇ,蘚
ㄒㄧㄢˇ,顯
ㄒㄧㄢˇ,尟
ㄒㄧㄢˇ,獮
ㄒㄧㄢˇ,幰
ㄒㄧㄢˇ,玁
ㄒㄧㄢˇ,攇
ㄒㄧㄢˇ,燹
ㄒㄧㄢˇ,獫
ㄒㄧㄢˇ,搟
ㄒㄧㄢˇ,毨
ㄒㄧㄢˇ,譣
ㄒㄧㄢˇ,鍌
ㄒㄧㄢˇ,韅
ㄒㄧㄢˋ,現
ㄒㄧㄢˋ,線
ㄒㄧㄢˋ,腺
ㄒㄧㄢˋ,限
ㄒㄧㄢˋ,莧
ㄒㄧㄢˋ,僩
ㄒㄧㄢˋ,撊
ㄒㄧㄢˋ,睍
ㄒㄧㄢˋ,餡
ㄒㄧㄢˋ,峴
ㄒㄧㄢˋ,豏
ㄒㄧㄢˋ,錎
ㄒㄧㄢˋ,霰
ㄒㄧㄣ,心
ㄒㄧㄣ,新
ㄒㄧㄣ,欣
ㄒㄧㄣ,鑫
ㄒㄧㄣ,薪
ㄒㄧㄣ,鋅
ㄒㄧㄣ,忻
ㄒㄧㄣ,歆
ㄒㄧㄣ,鈊
ㄒㄧㄣ,辛
ㄒㄧㄣˊ,鄩
ㄒㄧㄣˋ,釁
ㄒㄧㄣˋ,囟
ㄒㄧㄣˋ,焮
ㄒㄧㄣˋ,阠
ㄒㄧㄤ,廂
ㄒㄧㄤ,湘
ㄒㄧㄤ,纕
ㄒㄧㄤ,箱
ㄒㄧㄤ,膷
ㄒㄧㄤ,香
ㄒㄧㄤ,瓖
ㄒㄧㄤ,緗
ㄒㄧㄤ,襄
ㄒㄧㄤ,忀
ㄒㄧㄤ,葙
ㄒㄧㄤ,驤
ㄒㄧㄤˊ,庠
ㄒㄧㄤˊ,祥
ㄒㄧㄤˊ,翔
ㄒㄧㄤˇ,享
ㄒㄧㄤˇ,想
ㄒㄧㄤˇ,響
ㄒㄧㄤˇ,饗
ㄒㄧㄤˇ,饟
ㄒㄧㄤˇ,鯗
ㄒㄧㄤˋ,像
ㄒㄧㄤˋ,向
ㄒㄧㄤˋ,巷
ㄒㄧㄤˋ,橡
ㄒㄧㄤˋ,象
ㄒㄧㄤˋ,項
ㄒㄧㄤˋ,蟓
ㄒㄧㄤˋ,襐
ㄒㄧㄥ,星
ㄒㄧㄥ,腥
ㄒㄧㄥ,蛵
ㄒㄧㄥ,觲
ㄒㄧㄥ,騂
ㄒㄧㄥˊ,刑
ㄒㄧㄥˊ,型
ㄒㄧㄥˊ,形
ㄒㄧㄥˊ,侀
ㄒㄧㄥˊ,娙
ㄒㄧㄥˊ,鉶
ㄒㄧㄥˇ,擤
ㄒㄧㄥˇ,渻
ㄒㄧㄥˋ,倖
ㄒㄧㄥˋ,姓
ㄒㄧㄥˋ,荇
ㄒㄧㄥˋ,莕
ㄒㄧㄥˋ,性
ㄒㄧㄥˋ,杏
ㄒㄧㄥˋ,婞
ㄒㄧㄥˋ,涬
ㄒㄧㄥˋ,幸
ㄒㄧㄥˋ,悻
ㄒㄩ,吁
ㄒㄩ,墟
ㄒㄩ,戌
ㄒㄩ,胥
ㄒㄩ,須
ㄒㄩ,鬚
ㄒㄩ,嬃
ㄒㄩ,縃
ㄒㄩ,旴
ㄒㄩ,蕦
ㄒㄩ,楈
ㄒㄩ,盱
ㄒㄩ,窢
ㄒㄩ,晇
ㄒㄩ,歔
ㄒㄩ,訏
ㄒㄩ,驉
ㄒㄩ,魖
ㄒㄩˊ,徐
ㄒㄩˇ,冔
ㄒㄩˇ,喣
ㄒㄩˇ,姁
ㄒㄩˇ,詡
ㄒㄩˇ,鄦
ㄒㄩˇ,醑
ㄒㄩˋ,卹
ㄒㄩˋ,婿
ㄒㄩˋ,序
ㄒㄩˋ,恤
ㄒㄩˋ,敘
ㄒㄩˋ,旭
ㄒㄩˋ,勗
ㄒㄩˋ,緒
ㄒㄩˋ,續
ㄒㄩˋ,酗
ㄒㄩˋ,鱮
ㄒㄩˋ,侐
ㄒㄩˋ,獝
ㄒㄩˋ,瞁
ㄒㄩˋ,慉
ㄒㄩˋ,洫
ㄒㄩˋ,漵
ㄒㄩˋ,怴
ㄒㄩˋ,殈
ㄒㄩˋ,瞲
ㄒㄩˋ,藚
ㄒㄩˋ,訹
ㄒㄩˋ,魆
ㄒㄩˋ,勖
ㄒㄩㄝ,薛
ㄒㄩㄝ,靴
ㄒㄩㄝˊ,觷
ㄒㄩㄝˊ,鷽
ㄒㄩㄝˇ,鱈
ㄒㄩㄝˋ,吷
ㄒㄩㄝˋ,岤
ㄒㄩㄝˋ,狘
ㄒㄩㄝˋ,袕
ㄒㄩㄢ,宣
ㄒㄩㄢ,萱
ㄒㄩㄢ,儇
ㄒㄩㄢ,揎
ㄒㄩㄢ,暄
ㄒㄩㄢ,瑄
ㄒㄩㄢ,翾
ㄒㄩㄢ,萲
ㄒㄩㄢ,蝖
ㄒㄩㄢ,蠉
ㄒㄩㄢ,駽
ㄒㄩㄢˊ,懸
ㄒㄩㄢˊ,玄
ㄒㄩㄢˊ,璇
ㄒㄩㄢˊ,璿
ㄒㄩㄢˊ,蜁
ㄒㄩㄢˇ,咺
ㄒㄩㄢˋ,渲
ㄒㄩㄢˋ,炫
ㄒㄩㄢˋ,贙
ㄒㄩㄢˋ,絢
ㄒㄩㄢˋ,鉉
ㄒㄩㄢˋ,楦
ㄒㄩㄢˋ,衒
ㄒㄩㄢˋ,袨
ㄒㄩㄢˋ,昡
ㄒㄩㄢˋ,縼
ㄒㄩㄣ,勛
ㄒㄩㄣ,燻
ㄒㄩㄣ,薰
ㄒㄩㄣ,醺
ㄒㄩㄣ,塤
ㄒㄩㄣ,曛
ㄒㄩㄣ,焄
ㄒㄩㄣ,獯
ㄒㄩㄣ,纁
ㄒㄩㄣ,臐
ㄒㄩㄣˊ,循
ㄒㄩㄣˊ,荀
ㄒㄩㄣˊ,詢
ㄒㄩㄣˊ,噚
ㄒㄩㄣˊ,峋
ㄒㄩㄣˊ,攳
ㄒㄩㄣˊ,潯
ㄒㄩㄣˊ,燅
ㄒㄩㄣˊ,珣
ㄒㄩㄣˊ,蟳
ㄒㄩㄣˊ,鱘
ㄒㄩㄣˋ,殉
ㄒㄩㄣˋ,訊
ㄒㄩㄣˋ,訓
ㄒㄩㄣˋ,迅
ㄒㄩㄣˋ,侚
ㄒㄩㄣˋ,汛
ㄒㄩㄣˋ,迿
ㄒㄩㄥ,兇
ㄒㄩㄥ,凶
ㄒㄩㄥ,匈
ㄒㄩㄥ,洶
ㄒㄩㄥ,胸
ㄒㄩㄥ,忷
ㄒㄩㄥ,恟
ㄒㄩㄥˊ,熊
ㄒㄩㄥˊ,雄
ㄒㄩㄥˋ,敻
ㄓ,之
ㄓ,卮
ㄓ,支
ㄓ,梔
ㄓ,祗
ㄓ,肢
ㄓ,脂
ㄓ,芝
ㄓ,蜘
ㄓ,隻
ㄓ,搘
ㄓ,鳷
ㄓ,榰
ㄓ,秖
ㄓ,秪
ㄓ,胑
ㄓ,胝
ㄓ,疧
ㄓˊ,執
ㄓˊ,姪
ㄓˊ,殖
ㄓˊ,直
ㄓˊ,躑
ㄓˊ,侄
ㄓˊ,埴
ㄓˊ,膱
ㄓˊ,戠
ㄓˊ,蘵
ㄓˊ,摭
ㄓˊ,稙
ㄓˊ,縶
ㄓˊ,挃
ㄓˊ,瓡
ㄓˊ,蟙
ㄓˊ,褁
ㄓˊ,蹠
ㄓˊ,躓
ㄓˊ,馽
ㄓˇ,咫
ㄓˇ,坁
ㄓˇ,址
ㄓˇ,扺
ㄓˇ,止
ㄓˇ,趾
ㄓˇ,旨
ㄓˇ,紙
ㄓˇ,沚
ㄓˇ,汦
ㄓˇ,疻
ㄓˇ,芷
ㄓˇ,軹
ㄓˇ,酯
ㄓˇ,阯
ㄓˇ,黹
ㄓˋ,制
ㄓˋ,峙
ㄓˋ,志
ㄓˋ,摯
ㄓˋ,智
ㄓˋ,滯
ㄓˋ,痔
ㄓˋ,痣
ㄓˋ,秩
ㄓˋ,稚
ㄓˋ,緻
ㄓˋ,置
ㄓˋ,帙
ㄓˋ,至
ㄓˋ,庤
ㄓˋ,製
ㄓˋ,輊
ㄓˋ,偫
ㄓˋ,致
ㄓˋ,誌
ㄓˋ,庢
ㄓˋ,彘
ㄓˋ,懥
ㄓˋ,晊
ㄓˋ,桎
ㄓˋ,狾
ㄓˋ,騭
ㄓˋ,騺
ㄓˋ,祑
ㄓˋ,鷙
ㄓˋ,翐
ㄓˋ,銍
ㄓˋ,臸
ㄓˋ,贄
ㄓˋ,跱
ㄓˋ,郅
ㄓˋ,袟
ㄓˋ,鑕
ㄓˋ,駤
ㄓˋ,猘
ㄓˋ,紩
ㄓˋ,膣
ㄓㄚ,樝
ㄓㄚ,皻
ㄓㄚ,譇
ㄓㄚ,齇
ㄓㄚˊ,札
ㄓㄚˊ,哳
ㄓㄚˊ,劄
ㄓㄚˊ,蚻
ㄓㄚˊ,鍘
ㄓㄚˇ,眨
ㄓㄚˋ,乍
ㄓㄚˋ,吒
ㄓㄚˋ,搾
ㄓㄚˋ,榨
ㄓㄚˋ,痄
ㄓㄜˊ,哲
ㄓㄜˊ,蜇
ㄓㄜˊ,輒
ㄓㄜˊ,悊
ㄓㄜˊ,磔
ㄓㄜˊ,虴
ㄓㄜˊ,謫
ㄓㄜˊ,讋
ㄓㄜˊ,鮿
ㄓㄜˊ,鸅
ㄓㄜˇ,者
ㄓㄜˇ,赭
ㄓㄜˇ,鍺
ㄓㄜˋ,浙
ㄓㄜˋ,蔗
ㄓㄜˋ,鷓
ㄓㄜˋ,柘
ㄓㄞˋ,債
ㄓㄞˋ,寨
ㄓㄞˋ,瘵
ㄓㄞˋ,砦
ㄓㄠ,昭
ㄓㄠ,釗
ㄓㄠ,盄
ㄓㄠ,鉊
ㄓㄠˇ,沼
ㄓㄠˇ,瑵
ㄓㄠˋ,兆
ㄓㄠˋ,照
ㄓㄠˋ,罩
ㄓㄠˋ,肇
ㄓㄠˋ,垗
ㄓㄠˋ,旐
ㄓㄠˋ,狣
ㄓㄠˋ,箌
ㄓㄠˋ,鮡
ㄓㄠˋ,鵫
ㄓㄡ,周
ㄓㄡ,州
ㄓㄡ,盩
ㄓㄡ,洲
ㄓㄡ,譸
ㄓㄡ,週
ㄓㄡ,婤
ㄓㄡ,舟
ㄓㄡ,侜
ㄓㄡ,賙
ㄓㄡ,輈
ㄓㄡ,輖
ㄓㄡ,鵃
ㄓㄡˇ,帚
ㄓㄡˇ,肘
ㄓㄡˇ,鯞
ㄓㄡˋ,冑
ㄓㄡˋ,咒
ㄓㄡˋ,宙
ㄓㄡˋ,晝
ㄓㄡˋ,皺
ㄓㄡˋ,紂
ㄓㄡˋ,胄
ㄓㄡˋ,僽
ㄓㄡˋ,咮
ㄓㄡˋ,甃
ㄓㄡˋ,籀
ㄓㄡˋ,縐
ㄓㄡˋ,駎
ㄓㄢ,譠
ㄓㄢ,瞻
ㄓㄢ,饘
ㄓㄢ,惉
ㄓㄢ,栴
ㄓㄢ,氈
ㄓㄢ,霑
ㄓㄢ,旃
ㄓㄢ,鸇
ㄓㄢˇ,展
ㄓㄢˇ,斬
ㄓㄢˇ,盞
ㄓㄢˇ,琖
ㄓㄢˇ,醆
ㄓㄢˇ,颭
ㄓㄢˋ,戰
ㄓㄢˋ,站
ㄓㄢˋ,綻
ㄓㄢˋ,蘸
ㄓㄢˋ,偡
ㄓㄢˋ,輚
ㄓㄢˋ,轏
ㄓㄣ,斟
ㄓㄣ,榛
ㄓㄣ,珍
ㄓㄣ,真
ㄓㄣ,砧
ㄓㄣ,禎
ㄓㄣ,籈
ㄓㄣ,箴
ㄓㄣ,轃
ㄓㄣ,針
ㄓㄣ,湞
ㄓㄣ,溱
ㄓㄣ,臻
ㄓㄣ,桭
ㄓㄣˇ,眕
ㄓㄣˇ,祳
ㄓㄣˇ,絼
ㄓㄣˇ,裖
ㄓㄣˇ,軫
ㄓㄣˇ,黰
ㄓㄣˋ,眹
ㄓㄣˋ,朕
ㄓㄣˋ,紖
ㄓㄣˋ,鴆
ㄓㄣˋ,揕
ㄓㄣˋ,栚
ㄓㄣˋ,陣
ㄓㄣˋ,挋
ㄓㄣˋ,誫
ㄓㄤ,彰
ㄓㄤ,樟
ㄓㄤ,漳
ㄓㄤ,獐
ㄓㄤ,璋
ㄓㄤ,鱆
ㄓㄤ,蟑
ㄓㄤ,傽
ㄓㄤ,嫜
ㄓㄤ,慞
ㄓㄤ,粻
ㄓㄤ,章
ㄓㄤˇ,掌
ㄓㄤˇ,仉
ㄓㄤˋ,丈
ㄓㄤˋ,仗
ㄓㄤˋ,帳
ㄓㄤˋ,幛
ㄓㄤˋ,杖
ㄓㄤˋ,瘴
ㄓㄤˋ,脹
ㄓㄤˋ,賬
ㄓㄤˋ,嶂
ㄓㄥ,征
ㄓㄥ,猙
ㄓㄥ,癥
ㄓㄥ,睜
ㄓㄥ,箏
ㄓㄥ,蒸
ㄓㄥ,錚
ㄓㄥ,崝
ㄓㄥ,眐
ㄓㄥ,聇
ㄓㄥ,脀
ㄓㄥ,鉦
ㄓㄥˇ,拯
ㄓㄥˇ,整
ㄓㄥˋ,幀
ㄓㄥˋ,症
ㄓㄥˋ,證
ㄓㄥˋ,鄭
ㄓㄨ,侏
ㄓㄨ,株
ㄓㄨ,珠
ㄓㄨ,硃
ㄓㄨ,茱
ㄓㄨ,蛛
ㄓㄨ,誅
ㄓㄨ,邾
ㄓㄨ,櫫
ㄓㄨ,瀦
ㄓㄨ,蝫
ㄓㄨ,櫧
ㄓㄨ,鴸
ㄓㄨˊ,燭
ㄓㄨˊ,竹
ㄓㄨˊ,築
ㄓㄨˊ,逐
ㄓㄨˊ,灟
ㄓㄨˊ,瘃
ㄓㄨˊ,窋
ㄓㄨˊ,筑
ㄓㄨˊ,茿
ㄓㄨˊ,鱁
ㄓㄨˇ,囑
ㄓㄨˇ,拄
ㄓㄨˇ,渚
ㄓㄨˇ,煮
ㄓㄨˇ,矚
ㄓㄨˇ,貯
ㄓㄨˇ,陼
ㄓㄨˇ,麈
ㄓㄨˋ,住
ㄓㄨˋ,紸
ㄓㄨˋ,羜
ㄓㄨˋ,助
ㄓㄨˋ,翥
ㄓㄨˋ,註
ㄓㄨˋ,跓
ㄓㄨˋ,駐
ㄓㄨˋ,鉒
ㄓㄨˋ,宁
ㄓㄨˋ,馵
ㄓㄨˋ,疰
ㄓㄨˋ,祩
ㄓㄨˋ,紵
ㄓㄨˋ,佇
ㄓㄨˋ,蛀
ㄓㄨˋ,鑄
ㄓㄨˋ,壴
ㄓㄨˋ,殶
ㄓㄨˋ,眝
ㄓㄨㄚ,撾
ㄓㄨㄚ,檛
ㄓㄨㄚ,髽
ㄓㄨㄛ,捉
ㄓㄨㄛ,桌
ㄓㄨㄛ,蠿
ㄓㄨㄛˊ,斫
ㄓㄨㄛˊ,濁
ㄓㄨㄛˊ,灼
ㄓㄨㄛˊ,琢
ㄓㄨㄛˊ,禚
ㄓㄨㄛˊ,茁
ㄓㄨㄛˊ,穛
ㄓㄨㄛˊ,倬
ㄓㄨㄛˊ,篧
ㄓㄨㄛˊ,擢
ㄓㄨㄛˊ,籗
ㄓㄨㄛˊ,斮
ㄓㄨㄛˊ,蠗
ㄓㄨㄛˊ,椓
ㄓㄨㄛˊ,諑
ㄓㄨㄛˊ,浞
ㄓㄨㄛˊ,鷟
ㄓㄨㄛˊ,畷
ㄓㄨㄛˊ,啅
ㄓㄨㄛˊ,斀
ㄓㄨㄛˊ,斲
ㄓㄨㄛˊ,棳
ㄓㄨㄛˊ,焯
ㄓㄨㄛˊ,酌
ㄓㄨㄟ,錐
ㄓㄨㄟ,騅
ㄓㄨㄟ,鵻
ㄓㄨㄟˋ,墜
ㄓㄨㄟˋ,贅
ㄓㄨㄟˋ,娷
ㄓㄨㄟˋ,縋
ㄓㄨㄟˋ,膇
ㄓㄨㄟˋ,諈
ㄓㄨㄟˋ,錣
ㄓㄨㄢ,專
ㄓㄨㄢ,磚
ㄓㄨㄢ,顓
ㄓㄨㄢ,劗
ㄓㄨㄢ,塼
ㄓㄨㄢ,嫥
ㄓㄨㄢˇ,囀
ㄓㄨㄢˋ,篆
ㄓㄨㄢˋ,瑑
ㄓㄨㄣ,迍
ㄓㄨㄣˇ,准
ㄓㄨㄣˇ,埻
ㄓㄨㄣˇ,綧
ㄓㄨㄤ,妝
ㄓㄨㄤ,莊
ㄓㄨㄤ,裝
ㄓㄨㄤˋ,壯
ㄓㄨㄤˋ,狀
ㄓㄨㄥ,忠
ㄓㄨㄥ,終
ㄓㄨㄥ,鍾
ㄓㄨㄥ,鐘
ㄓㄨㄥ,伀
ㄓㄨㄥ,妐
ㄓㄨㄥ,彸
ㄓㄨㄥ,潀
ㄓㄨㄥ,籦
ㄓㄨㄥ,舯
ㄓㄨㄥ,蔠
ㄓㄨㄥ,螽
ㄓㄨㄥ,鼨
ㄓㄨㄥˇ,冢
ㄓㄨㄥˇ,塚
ㄓㄨㄥˇ,腫
ㄓㄨㄥˇ,踵
ㄓㄨㄥˋ,仲
ㄓㄨㄥˋ,偅
ㄓㄨㄥˋ,狆
ㄓㄨㄥˋ,衶
ㄔ,嗤
ㄔ,笞
ㄔ,蚩
ㄔ,哧
ㄔ,媸
ㄔ,瞝
ㄔ,絺
ㄔ,胵
ㄔ,螭
ㄔ,魑
ㄔ,齹
ㄔˊ,墀
ㄔˊ,持
ㄔˊ,謘
ㄔˊ,踟
ㄔˊ,貾
ㄔˊ,徲
ㄔˊ,茌
ㄔˊ,蚳
ㄔˊ,馳
ㄔˊ,篪
ㄔˇ,侈
ㄔˇ,呎
ㄔˇ,恥
ㄔˇ,齒
ㄔˇ,伬
ㄔˇ,傂
ㄔˇ,蚇
ㄔˋ,
ㄔˋ,熾
ㄔˋ,翅
ㄔˋ,赤
ㄔˋ,飭
ㄔˋ,傺
ㄔˋ,彳
ㄔˋ,懘
ㄔˋ,抶
ㄔˋ,敕
ㄔˋ,湁
ㄔˋ,痸
ㄔˋ,跮
ㄔˋ,鶒
ㄔˋ,鷘
ㄔㄚ,插
ㄔㄚ,偛
ㄔㄚ,嗏
ㄔㄚ,疀
ㄔㄚ,臿
ㄔㄚˊ,察
ㄔㄚˊ,茶
ㄔㄚˊ,垞
ㄔㄚˊ,碴
ㄔㄚˊ,鍤
ㄔㄚˇ,蹅
ㄔㄚˋ,剎
ㄔㄚˋ,詫
ㄔㄚˋ,侘
ㄔㄚˋ,奼
ㄔㄚˋ,汊
ㄔㄜˇ,扯
ㄔㄜˇ,撦
ㄔㄜˋ,坼
ㄔㄜˋ,徹
ㄔㄜˋ,澈
ㄔㄜˋ,屮
ㄔㄞ,釵
ㄔㄞˊ,豺
ㄔㄞˊ,儕
ㄔㄞˊ,喍
ㄔㄞˊ,祡
ㄔㄞˋ,囆
ㄔㄞˋ,袃
ㄔㄠ,抄
ㄔㄠ,超
ㄔㄠ,弨
ㄔㄠ,怊
ㄔㄠˊ,巢
ㄔㄠˊ,潮
ㄔㄠˊ,漅
ㄔㄠˊ,轈
ㄔㄠˊ,鄛
ㄔㄠˇ,吵
ㄔㄠˇ,炒
ㄔㄠˋ,耖
ㄔㄡ,抽
ㄔㄡ,犨
ㄔㄡ,瘳
ㄔㄡˊ,儔
ㄔㄡˊ,疇
ㄔㄡˊ,籌
ㄔㄡˊ,躊
ㄔㄡˊ,酬
ㄔㄡˊ,懤
ㄔㄡˊ,薵
ㄔㄡˊ,讎
ㄔㄡˊ,雔
ㄔㄡˇ,丑
ㄔㄡˇ,醜
ㄔㄡˇ,偢
ㄔㄡˇ,瞅
ㄔㄢ,幨
ㄔㄢ,梴
ㄔㄢ,裧
ㄔㄢˊ,嬋
ㄔㄢˊ,潺
ㄔㄢˊ,纏
ㄔㄢˊ,讒
ㄔㄢˊ,饞
ㄔㄢˊ,劖
ㄔㄢˊ,巉
ㄔㄢˊ,廛
ㄔㄢˊ,酁
ㄔㄢˊ,欃
ㄔㄢˊ,鑱
ㄔㄢˊ,瀍
ㄔㄢˊ,磛
ㄔㄢˊ,躔
ㄔㄢˊ,毚
ㄔㄢˊ,獑
ㄔㄢˇ,剷
ㄔㄢˇ,產
ㄔㄢˇ,諂
ㄔㄢˇ,鏟
ㄔㄢˇ,囅
ㄔㄢˇ,幝
ㄔㄢˇ,滻
ㄔㄢˇ,灛
ㄔㄢˇ,簅
ㄔㄢˇ,繟
ㄔㄢˇ,蕆
ㄔㄢˋ,懺
ㄔㄢˋ,嚵
ㄔㄣ,瞋
ㄔㄣ,郴
ㄔㄣˊ,塵
ㄔㄣˊ,宸
ㄔㄣˊ,忱
ㄔㄣˊ,晨
ㄔㄣˊ,臣
ㄔㄣˊ,鷐
ㄔㄣˊ,麎
ㄔㄣˊ,伔
ㄔㄣˊ,煁
ㄔㄣˊ,螴
ㄔㄣˊ,諶
ㄔㄣˊ,辰
ㄔㄣˊ,梣
ㄔㄣˇ,墋
ㄔㄣˇ,磣
ㄔㄣˇ,踸
ㄔㄣˋ,襯
ㄔㄣˋ,讖
ㄔㄣˋ,嚫
ㄔㄣˋ,櫬
ㄔㄣˋ,疢
ㄔㄣˋ,齔
ㄔㄤ,倀
ㄔㄤ,娼
ㄔㄤ,昌
ㄔㄤ,猖
ㄔㄤ,鯧
ㄔㄤ,菖
ㄔㄤ,裮
ㄔㄤˊ,償
ㄔㄤˊ,嘗
ㄔㄤˊ,嚐
ㄔㄤˊ,嫦
ㄔㄤˊ,常
ㄔㄤˊ,腸
ㄔㄤˊ,徜
ㄔㄤˊ,萇
ㄔㄤˊ,鱨
ㄔㄤˇ,廠
ㄔㄤˇ,敞
ㄔㄤˇ,氅
ㄔㄤˋ,唱
ㄔㄤˋ,悵
ㄔㄤˋ,暢
ㄔㄤˋ,韔
ㄔㄤˋ,鬯
ㄔㄥ,
ㄔㄥ,瞠
ㄔㄥ,偁
ㄔㄥ,檉
ㄔㄥ,琤
ㄔㄥ,蟶
ㄔㄥ,赬
ㄔㄥˊ,城
ㄔㄥˊ,懲
ㄔㄥˊ,成
ㄔㄥˊ,程
ㄔㄥˊ,誠
ㄔㄥˊ,埕
ㄔㄥˊ,塍
ㄔㄥˊ,揨
ㄔㄥˊ,棖
ㄔㄥˊ,澂
ㄔㄥˊ,脭
ㄔㄥˊ,郕
ㄔㄥˊ,酲
ㄔㄥˊ,鋮
ㄔㄥˇ,騁
ㄔㄨ,出
ㄔㄨ,初
ㄔㄨ,齣
ㄔㄨˊ,廚
ㄔㄨˊ,櫥
ㄔㄨˊ,芻
ㄔㄨˊ,鋤
ㄔㄨˊ,滁
ㄔㄨˊ,鶵
ㄔㄨˊ,犓
ㄔㄨˊ,蒢
ㄔㄨˊ,藸
ㄔㄨˊ,趎
ㄔㄨˊ,躕
ㄔㄨˊ,篨
ㄔㄨˇ,杵
ㄔㄨˇ,楚
ㄔㄨˇ,礎
ㄔㄨˇ,濋
ㄔㄨˋ,矗
ㄔㄨˋ,觸
ㄔㄨˋ,黜
ㄔㄨˋ,臅
ㄔㄨˋ,亍
ㄔㄨˋ,諔
ㄔㄨˋ,斶
ㄔㄨˋ,滀
ㄔㄨˋ,琡
ㄔㄨˋ,敊
ㄔㄨˋ,歜
ㄔㄨㄛ,戳
ㄔㄨㄛˋ,啜
ㄔㄨㄛˋ,綽
ㄔㄨㄛˋ,齪
ㄔㄨㄛˋ,嚽
ㄔㄨㄛˋ,娖
ㄔㄨㄛˋ,婥
ㄔㄨㄛˋ,歠
ㄔㄨㄛˋ,逴
ㄔㄨㄟˊ,垂
ㄔㄨㄟˊ,捶
ㄔㄨㄟˊ,陲
ㄔㄨㄟˊ,倕
ㄔㄨㄟˊ,棰
ㄔㄨㄟˊ,腄
ㄔㄨㄟˊ,菙
ㄔㄨㄢ,川
ㄔㄨㄢ,穿
ㄔㄨㄢ,氚
ㄔㄨㄢˊ,船
ㄔㄨㄢˊ,猭
ㄔㄨㄢˊ,遄
ㄔㄨㄢˇ,喘
ㄔㄨㄢˋ,玔
ㄔㄨㄢˋ,鶨
ㄔㄨㄣ,杶
ㄔㄨㄣ,椿
ㄔㄨㄣ,橁
ㄔㄨㄣ,輴
ㄔㄨㄣ,鶞
ㄔㄨㄣˊ,脣
ㄔㄨㄣˊ,醇
ㄔㄨㄣˊ,漘
ㄔㄨㄣˇ,蠢
ㄔㄨㄣˇ,惷
ㄔㄨㄤ,瘡
ㄔㄨㄤ,窗
ㄔㄨㄤˊ,床
ㄔㄨㄤˋ,刱
ㄔㄨㄤˋ,獊
ㄔㄨㄥ,充
ㄔㄨㄥ,忡
ㄔㄨㄥ,浺
ㄔㄨㄥ,茺
ㄔㄨㄥ,蹖
ㄔㄨㄥˊ,崇
ㄔㄨㄥˊ,蟲
ㄔㄨㄥˊ,痋
ㄔㄨㄥˇ,寵
ㄔㄨㄥˋ,銃
ㄕ,尸
ㄕ,屍
ㄕ,師
ㄕ,溼
ㄕ,獅
ㄕ,虱
ㄕ,蝨
ㄕ,詩
ㄕ,葹
ㄕ,蓍
ㄕ,褷
ㄕ,邿
ㄕ,鳲
ㄕˊ,十
ㄕˊ,實
ㄕˊ,時
ㄕˊ,蝕
ㄕˊ,塒
ㄕˊ,寔
ㄕˊ,榯
ㄕˊ,湜
ㄕˊ,祏
ㄕˊ,鰣
ㄕˊ,鼫
ㄕˊ,鼭
ㄕˇ,史
ㄕˇ,矢
ㄕˇ,豕
ㄕˇ,駛
ㄕˇ,縰
ㄕˋ,世
ㄕˋ,仕
ㄕˋ,侍
ㄕˋ,勢
ㄕˋ,嗜
ㄕˋ,噬
ㄕˋ,士
ㄕˋ,室
ㄕˋ,市
ㄕˋ,弒
ㄕˋ,澨
ㄕˋ,拭
ㄕˋ,筮
ㄕˋ,舐
ㄕˋ,簭
ㄕˋ,誓
ㄕˋ,觢
ㄕˋ,逝
ㄕˋ,諟
ㄕˋ,僿
ㄕˋ,諡
ㄕˋ,奭
ㄕˋ,遾
ㄕˋ,戺
ㄕˋ,鈰
ㄕˋ,試
ㄕˋ,飾
ㄕˋ,徥
ㄕˋ,柿
ㄕˋ,軾
ㄕㄚ,砂
ㄕㄚ,裟
ㄕㄚ,鯊
ㄕㄚ,唦
ㄕㄚ,猀
ㄕㄚ,痧
ㄕㄚ,蔱
ㄕㄚ,逤
ㄕㄚ,魦
ㄕㄚˊ,啥
ㄕㄚˇ,傻
ㄕㄚˋ,霎
ㄕㄚˋ,
ㄕㄚˋ,樧
ㄕㄚˋ,歃
ㄕㄚˋ,翣
ㄕㄚˋ,萐
ㄕㄜ,奢
ㄕㄜ,賒
ㄕㄜˊ,舌
ㄕㄜˊ,佘
ㄕㄜˇ,捨
ㄕㄜˋ,社
ㄕㄜˋ,設
ㄕㄜˋ,赦
ㄕㄜˋ,麝
ㄕㄜˋ,灄
ㄕㄜˋ,蔎
ㄕㄜˋ,騇
ㄕㄞˇ,繺
ㄕㄞˋ,晒
ㄕㄞˋ,閷
ㄕㄠ,旓
ㄕㄠ,髾
ㄕㄠˊ,韶
ㄕㄠˋ,邵
ㄕㄠˋ,劭
ㄕㄠˋ,潲
ㄕㄠˋ,袑
ㄕㄡˇ,手
ㄕㄡˇ,掱
ㄕㄡˇ,艏
ㄕㄡˋ,受
ㄕㄡˋ,售
ㄕㄡˋ,壽
ㄕㄡˋ,授
ㄕㄡˋ,獸
ㄕㄡˋ,瘦
ㄕㄡˋ,綬
ㄕㄢ,刪
ㄕㄢ,衫
ㄕㄢ,山
ㄕㄢ,剼
ㄕㄢ,珊
ㄕㄢ,舢
ㄕㄢ,芟
ㄕㄢ,潸
ㄕㄢ,羶
ㄕㄢ,挻
ㄕㄢ,狦
ㄕㄢˇ,陝
ㄕㄢˇ,睒
ㄕㄢˇ,覢
ㄕㄢˋ,擅
ㄕㄢˋ,灗
ㄕㄢˋ,繕
ㄕㄢˋ,赸
ㄕㄢˋ,膳
ㄕㄢˋ,墠
ㄕㄢˋ,嬗
ㄕㄢˋ,善
ㄕㄢˋ,贍
ㄕㄢˋ,鄯
ㄕㄢˋ,騸
ㄕㄣ,伸
ㄕㄣ,呻
ㄕㄣ,深
ㄕㄣ,申
ㄕㄣ,珅
ㄕㄣ,砷
ㄕㄣ,甡
ㄕㄣ,侁
ㄕㄣ,氠
ㄕㄣ,燊
ㄕㄣ,紳
ㄕㄣ,峷
ㄕㄣ,籸
ㄕㄣ,胂
ㄕㄣ,駪
ㄕㄣ,鯓
ㄕㄣˇ,哂
ㄕㄣˇ,嬸
ㄕㄣˇ,審
ㄕㄣˇ,曋
ㄕㄣˇ,矧
ㄕㄣˇ,諗
ㄕㄣˇ,邥
ㄕㄣˋ,慎
ㄕㄣˋ,腎
ㄕㄣˋ,蜃
ㄕㄣˋ,脤
ㄕㄤ,傷
ㄕㄤ,商
ㄕㄤ,殤
ㄕㄤ,觴
ㄕㄤ,蔏
ㄕㄤ,螪
ㄕㄤ,謪
ㄕㄤ,鬺
ㄕㄤˇ,晌
ㄕㄤˇ,賞
ㄕㄤˋ,尚
ㄕㄤˋ,仩
ㄕㄥ,升
ㄕㄥ,牲
ㄕㄥ,甥
ㄕㄥ,笙
ㄕㄥ,聲
ㄕㄥ,昇
ㄕㄥ,陞
ㄕㄥ,鼪
ㄕㄥˊ,憴
ㄕㄥˊ,譝
ㄕㄥˇ,眚
ㄕㄥˋ,剩
ㄕㄥˋ,聖
ㄕㄥˋ,嵊
ㄕㄨ,抒
ㄕㄨ,書
ㄕㄨ,梳
ㄕㄨ,殊
ㄕㄨ,舒
ㄕㄨ,殳
ㄕㄨ,綀
ㄕㄨˊ,叔
ㄕㄨˊ,塾
ㄕㄨˊ,孰
ㄕㄨˊ,淑
ㄕㄨˊ,菽
ㄕㄨˊ,贖
ㄕㄨˊ,秫
ㄕㄨˊ,跾
ㄕㄨˊ,鮛
ㄕㄨˇ,暑
ㄕㄨˇ,薯
ㄕㄨˇ,蜀
ㄕㄨˇ,黍
ㄕㄨˇ,鼠
ㄕㄨˇ,癙
ㄕㄨˇ,糬
ㄕㄨˇ,襩
ㄕㄨˇ,钃
ㄕㄨˋ,倏
ㄕㄨˋ,墅
ㄕㄨˋ,恕
ㄕㄨˋ,戍
ㄕㄨˋ,曙
ㄕㄨˋ,束
ㄕㄨˋ,樹
ㄕㄨˋ,豎
ㄕㄨˋ,述
ㄕㄨˋ,儵
ㄕㄨˋ,尌
ㄕㄨˋ,怷
ㄕㄨˋ,沭
ㄕㄨˋ,裋
ㄕㄨˋ,鶐
ㄕㄨㄚ,唰
ㄕㄨㄚˇ,耍
ㄕㄨㄛˋ,朔
ㄕㄨㄛˋ,鑠
ㄕㄨㄛˋ,搠
ㄕㄨㄛˋ,槊
ㄕㄨㄛˋ,爍
ㄕㄨㄛˋ,獡
ㄕㄨㄛˋ,箾
ㄕㄨㄛˋ,蒴
ㄕㄨㄞ,摔
ㄕㄨㄞˇ,甩
ㄕㄨㄟˊ,脽
ㄕㄨㄟˇ,水
ㄕㄨㄟˋ,睡
ㄕㄨㄟˋ,涗
ㄕㄨㄟˋ,裞
ㄕㄨㄢ,栓
ㄕㄨㄢ,閂
ㄕㄨㄢˋ,涮
ㄕㄨㄣˇ,吮
ㄕㄨㄣˋ,瞬
ㄕㄨㄣˋ,舜
ㄕㄨㄣˋ,順
ㄕㄨㄣˋ,瞚
ㄕㄨㄣˋ,蕣
ㄕㄨㄤ,孀
ㄕㄨㄤ,霜
ㄕㄨㄤ,礵
ㄕㄨㄤˇ,爽
ㄖㄜˇ,惹
ㄖㄜˋ,熱
ㄖㄠˊ,蟯
ㄖㄠˇ,擾
ㄖㄡˊ,柔
ㄖㄡˊ,楺
ㄖㄡˊ,輮
ㄖㄡˊ,騥
ㄖㄡˊ,鶔
ㄖㄡˇ,煣
ㄖㄢˊ,然
ㄖㄢˊ,燃
ㄖㄢˊ,髯
ㄖㄢˊ,呥
ㄖㄢˊ,袡
ㄖㄢˇ,冉
ㄖㄢˇ,染
ㄖㄢˇ,苒
ㄖㄢˇ,姌
ㄖㄣˊ,人
ㄖㄣˊ,仁
ㄖㄣˊ,壬
ㄖㄣˊ,鵀
ㄖㄣˇ,稔
ㄖㄣˇ,荏
ㄖㄣˇ,腍
ㄖㄣˇ,荵
ㄖㄣˋ,仞
ㄖㄣˋ,刃
ㄖㄣˋ,紉
ㄖㄣˋ,認
ㄖㄣˋ,軔
ㄖㄣˋ,韌
ㄖㄣˋ,牣
ㄖㄣˋ,肕
ㄖㄣˋ,衽
ㄖㄣˋ,訒
ㄖㄤˊ,儴
ㄖㄤˊ,獽
ㄖㄤˊ,瓤
ㄖㄤˇ,壤
ㄖㄤˋ,讓
ㄖㄥˊ,仍
ㄖㄥˊ,礽
ㄖㄨˊ,儒
ㄖㄨˊ,嚅
ㄖㄨˊ,侞
ㄖㄨˊ,帤
ㄖㄨˊ,蕠
ㄖㄨˊ,袽
ㄖㄨˊ,襦
ㄖㄨˊ,醹
ㄖㄨˊ,銣
ㄖㄨˊ,鴽
ㄖㄨˇ,乳
ㄖㄨˇ,汝
ㄖㄨˋ,褥
ㄖㄨˋ,嗕
ㄖㄨˋ,溽
ㄖㄨˋ,縟
ㄖㄨˋ,蓐
ㄖㄨˋ,鄏
ㄖㄨㄛˋ,偌
ㄖㄨㄛˋ,弱
ㄖㄨㄛˋ,篛
ㄖㄨㄛˋ,楉
ㄖㄨㄛˋ,箬
ㄖㄨㄛˋ,蒻
ㄖㄨㄟˊ,緌
ㄖㄨㄟˊ,蕤
ㄖㄨㄟˇ,蕊
ㄖㄨㄟˇ,桵
ㄖㄨㄟˇ,橤
ㄖㄨㄟˇ,繠
ㄖㄨㄟˋ,瑞
ㄖㄨㄟˋ,睿
ㄖㄨㄟˋ,叡
ㄖㄨㄟˋ,汭
ㄖㄨㄟˋ,芮
ㄖㄨㄟˋ,蚋
ㄖㄨㄢˊ,堧
ㄖㄨㄢˊ,壖
ㄖㄨㄢˊ,撋
ㄖㄨㄢˇ,軟
ㄖㄨㄢˇ,礝
ㄖㄨㄢˇ,緛
ㄖㄨㄢˇ,耎
ㄖㄨㄢˇ,蝡
ㄖㄨㄣˊ,犉
ㄖㄨㄣˋ,潤
ㄖㄨㄣˋ,閏
ㄖㄨㄥˊ,茙
ㄖㄨㄥˊ,容
ㄖㄨㄥˊ,蠑
ㄖㄨㄥˊ,榕
ㄖㄨㄥˊ,駥
ㄖㄨㄥˊ,熔
ㄖㄨㄥˊ,髶
ㄖㄨㄥˊ,蓉
ㄖㄨㄥˊ,鰫
ㄖㄨㄥˊ,鎔
ㄖㄨㄥˊ,瑢
ㄖㄨㄥˊ,羢
ㄖㄨㄥˊ,肜
ㄖㄨㄥˊ,戎
ㄖㄨㄥˊ,溶
ㄖㄨㄥˊ,絨
ㄖㄨㄥˊ,融
ㄖㄨㄥˊ,狨
ㄖㄨㄥˇ,冗
ㄖㄨㄥˇ,氄
ㄗ,咨
ㄗ,姿
ㄗ,孜
ㄗ,淄
ㄗ,滋
ㄗ,緇
ㄗ,諮
ㄗ,貲
ㄗ,齍
ㄗ,髭
ㄗ,紎
ㄗ,錙
ㄗ,嵫
ㄗ,秶
ㄗ,崰
ㄗ,椔
ㄗ,鎡
ㄗ,鯔
ㄗ,鶅
ㄗ,鼒
ㄗ,齜
ㄗˇ,梓
ㄗˇ,籽
ㄗˇ,耔
ㄗˇ,紫
ㄗˇ,秭
ㄗˇ,笫
ㄗˇ,滓
ㄗˇ,呰
ㄗˇ,胏
ㄗˇ,訿
ㄗˋ,字
ㄗˋ,漬
ㄗˋ,自
ㄗˋ,倳
ㄗˋ,剚
ㄗˋ,扻
ㄗˋ,牸
ㄗˋ,胾
ㄗˋ,胔
ㄗㄚ,匝
ㄗㄚ,咂
ㄗㄚˊ,砸
ㄗㄚˊ,雜
ㄗㄚˊ,磼
ㄗㄜˊ,則
ㄗㄜˊ,嘖
ㄗㄜˊ,幘
ㄗㄜˊ,簀
ㄗㄜˊ,萴
ㄗㄜˊ,賾
ㄗㄜˋ,仄
ㄗㄜˋ,崱
ㄗㄜˋ,庂
ㄗㄜˋ,昃
ㄗㄞ,哉
ㄗㄞ,災
ㄗㄞ,渽
ㄗㄞˇ,宰
ㄗㄞˋ,再
ㄗㄞˋ,酨
ㄗㄞˋ,饡
ㄗㄟˊ,蠈
ㄗㄠ,糟
ㄗㄠ,遭
ㄗㄠ,蹧
ㄗㄠˇ,早
ㄗㄠˇ,棗
ㄗㄠˇ,澡
ㄗㄠˇ,藻
ㄗㄠˇ,蚤
ㄗㄠˇ,璪
ㄗㄠˋ,噪
ㄗㄠˋ,灶
ㄗㄠˋ,躁
ㄗㄠˋ,喿
ㄗㄠˋ,皁
ㄗㄠˋ,矂
ㄗㄠˋ,趮
ㄗㄡ,鄒
ㄗㄡ,媰
ㄗㄡ,緅
ㄗㄡ,郰
ㄗㄡ,陬
ㄗㄡ,黀
ㄗㄡˋ,奏
ㄗㄡˋ,揍
ㄗㄡˋ,驟
ㄗㄢ,鐕
ㄗㄢˊ,糌
ㄗㄢˇ,儹
ㄗㄢˇ,噆
ㄗㄢˇ,寁
ㄗㄢˇ,昝
ㄗㄢˋ,讚
ㄗㄢˋ,贊
ㄗㄢˋ,瓚
ㄗㄣˋ,譖
ㄗㄤ,贓
ㄗㄤ,牂
ㄗㄤˋ,臟
ㄗㄤˋ,葬
ㄗㄥ,憎
ㄗㄥ,矰
ㄗㄥˋ,贈
ㄗㄥˋ,甑
ㄗㄨ,租
ㄗㄨ,蒩
ㄗㄨˊ,哫
ㄗㄨˇ,俎
ㄗㄨˇ,組
ㄗㄨˇ,阻
ㄗㄨˇ,靻
ㄗㄨㄛˊ,昨
ㄗㄨㄛˊ,筰
ㄗㄨㄛˊ,莋
ㄗㄨㄛˇ,佐
ㄗㄨㄛˇ,左
ㄗㄨㄛˋ,做
ㄗㄨㄛˋ,坐
ㄗㄨㄛˋ,座
ㄗㄨㄛˋ,祚
ㄗㄨㄛˋ,侳
ㄗㄨㄛˋ,葃
ㄗㄨㄛˋ,阼
ㄗㄨㄟ,羧
ㄗㄨㄟˇ,嘴
ㄗㄨㄟˇ,嶊
ㄗㄨㄟˇ,嶉
ㄗㄨㄟˋ,最
ㄗㄨㄟˋ,罪
ㄗㄨㄟˋ,醉
ㄗㄨㄟˋ,嶵
ㄗㄨㄟˋ,晬
ㄗㄨㄟˋ,蕞
ㄗㄨㄢˇ,纂
ㄗㄨㄢˇ,纘
ㄗㄨㄣ,尊
ㄗㄨㄣ,樽
ㄗㄨㄣ,遵
ㄗㄨㄣ,嶟
ㄗㄨㄣ,鐏
ㄗㄨㄣ,鷷
ㄗㄨㄣˇ,僔
ㄗㄨㄣˇ,噂
ㄗㄨㄣˇ,撙
ㄗㄨㄣˇ,譐
ㄗㄨㄥ,宗
ㄗㄨㄥ,棕
ㄗㄨㄥ,蹤
ㄗㄨㄥ,鬃
ㄗㄨㄥ,嵕
ㄗㄨㄥ,嵷
ㄗㄨㄥ,猣
ㄗㄨㄥ,朡
ㄗㄨㄥ,蝬
ㄗㄨㄥ,豵
ㄗㄨㄥ,鍐
ㄗㄨㄥ,騣
ㄗㄨㄥ,鬷
ㄗㄨㄥˇ,傯
ㄗㄨㄥˇ,摠
ㄗㄨㄥˋ,綜
ㄗㄨㄥˋ,瘲
ㄘ,偨
ㄘ,趀
ㄘ,骴
ㄘˊ,慈
ㄘˊ,瓷
ㄘˊ,磁
ㄘˊ,祠
ㄘˊ,詞
ㄘˊ,辭
ㄘˊ,茨
ㄘˊ,餈
ㄘˊ,飺
ㄘˊ,鶿
ㄘˇ,此
ㄘˇ,佌
ㄘˇ,泚
ㄘˋ,佽
ㄘˋ,庛
ㄘˋ,朿
ㄘˋ,莿
ㄘˋ,蛓
ㄘㄚ,擦
ㄘㄚ,嚓
ㄘㄚˋ,囃
ㄘㄜˋ,惻
ㄘㄜˋ,測
ㄘㄜˋ,策
ㄘㄜˋ,憡
ㄘㄜˋ,畟
ㄘㄞ,猜
ㄘㄞˊ,才
ㄘㄞˊ,材
ㄘㄞˊ,裁
ㄘㄞˊ,財
ㄘㄞˇ,彩
ㄘㄞˇ,採
ㄘㄞˇ,睬
ㄘㄞˇ,綵
ㄘㄞˇ,寀
ㄘㄞˋ,菜
ㄘㄞˋ,縩
ㄘㄠ,幧
ㄘㄠˊ,嘈
ㄘㄠˊ,曹
ㄘㄠˊ,槽
ㄘㄠˊ,嶆
ㄘㄠˊ,螬
ㄘㄠˇ,艸
ㄘㄠˇ,騲
ㄘㄠˋ,肏
ㄘㄠˋ,鄵
ㄘㄡˋ,湊
ㄘㄡˋ,楱
ㄘㄡˋ,腠
ㄘㄡˋ,輳
ㄘㄢ,餐
ㄘㄢ,驂
ㄘㄢˊ,慚
ㄘㄢˊ,殘
ㄘㄢˊ,蠶
ㄘㄢˇ,憯
ㄘㄢˇ,黲
ㄘㄢˋ,燦
ㄘㄢˋ,璨
ㄘㄢˋ,粲
ㄘㄣ,嵾
ㄘㄣˊ,岑
ㄘㄣˊ,涔
ㄘㄤ,艙
ㄘㄥˊ,嶒
ㄘㄥˊ,鄫
ㄘㄥˊ,驓
ㄘㄥˋ,蹭
ㄘㄨ,麤
ㄘㄨˊ,徂
ㄘㄨˊ,殂
ㄘㄨˊ,鼀
ㄘㄨˋ,顣
ㄘㄨˋ,促
ㄘㄨˋ,憱
ㄘㄨˋ,殧
ㄘㄨˋ,猝
ㄘㄨˋ,瘯
ㄘㄨˋ,噈
ㄘㄨㄛ,搓
ㄘㄨㄛ,蹉
ㄘㄨㄛ,遳
ㄘㄨㄛˊ,痤
ㄘㄨㄛˊ,矬
ㄘㄨㄛˊ,蒫
ㄘㄨㄛˊ,蔖
ㄘㄨㄛˊ,鹺
ㄘㄨㄛˋ,厝
ㄘㄨㄛˋ,銼
ㄘㄨㄛˋ,剉
ㄘㄨㄛˋ,剒
ㄘㄨㄛˋ,夎
ㄘㄨㄛˋ,棤
ㄘㄨㄛˋ,縒
ㄘㄨㄛˋ,莝
ㄘㄨㄟ,催
ㄘㄨㄟ,崔
ㄘㄨㄟ,縗
ㄘㄨㄟˊ,慛
ㄘㄨㄟˇ,璀
ㄘㄨㄟˋ,淬
ㄘㄨㄟˋ,焠
ㄘㄨㄟˋ,粹
ㄘㄨㄟˋ,膵
ㄘㄨㄟˋ,脆
ㄘㄨㄟˋ,倅
ㄘㄨㄟˋ,瘁
ㄘㄨㄟˋ,翠
ㄘㄨㄟˋ,萃
ㄘㄨㄟˋ,膬
ㄘㄨㄢ,躥
ㄘㄨㄢˊ,巑
ㄘㄨㄢˊ,欑
ㄘㄨㄢˋ,爨
ㄘㄨㄢˋ,篡
ㄘㄨㄣ,村
ㄘㄨㄣ,皴
ㄘㄨㄣˊ,存
ㄘㄨㄣˊ,墫
ㄘㄨㄣˊ,墫
ㄘㄨㄣˊ,拵
ㄘㄨㄣˊ,袸
ㄘㄨㄣˇ,忖
ㄘㄨㄣˇ,刌
ㄘㄨㄣˋ,吋
ㄘㄨㄣˋ,寸
ㄘㄨㄥ,匆
ㄘㄨㄥ,聰
ㄘㄨㄥ,暰
ㄘㄨㄥ,瑽
ㄘㄨㄥ,瞛
ㄘㄨㄥ,蟌
ㄘㄨㄥ,鏦
ㄘㄨㄥ,驄
ㄘㄨㄥˊ,悰
ㄘㄨㄥˊ,賨
ㄘㄨㄥˋ,謥
ㄙ,嘶
ㄙ,廝
ㄙ,斯
ㄙ,私
ㄙ,絲
ㄙ,鷥
ㄙ,蜤
ㄙ,凘
ㄙ,螄
ㄙ,禗
ㄙ,緦
ㄙ,罳
ㄙ,榹
ㄙ,禠
ㄙ,蟴
ㄙ,鍶
ㄙˇ,死
ㄙˋ,似
ㄙˋ,兕
ㄙˋ,嗣
ㄙˋ,耜
ㄙˋ,四
ㄙˋ,飼
ㄙˋ,寺
ㄙˋ,泗
ㄙˋ,祀
ㄙˋ,姒
ㄙˋ,巳
ㄙˋ,駟
ㄙˋ,怬
ㄙˋ,柶
ㄙˋ,肂
ㄙˋ,汜
ㄙˋ,洍
ㄙˋ,涘
ㄙˋ,笥
ㄙˋ,蕼
ㄙˋ,貄
ㄙㄚ,仨
ㄙㄚˋ,卅
ㄙㄚˋ,薩
ㄙㄚˋ,馺
ㄙㄜˋ,嗇
ㄙㄜˋ,澀
ㄙㄜˋ,瑟
ㄙㄜˋ,穡
ㄙㄜˋ,濇
ㄙㄜˋ,譅
ㄙㄜˋ,轖
ㄙㄜˋ,銫
ㄙㄜˋ,飋
ㄙㄞ,腮
ㄙㄞˋ,賽
ㄙㄠ,溞
ㄙㄠ,鱢
ㄙㄠˇ,嫂
ㄙㄡ,蒐
ㄙㄡ,颼
ㄙㄡ,餿
ㄙㄡ,嗖
ㄙㄡ,獀
ㄙㄡ,鄋
ㄙㄡ,醙
ㄙㄡ,鎪
ㄙㄡ,騪
ㄙㄢ,毿
ㄙㄢ,鬖
ㄙㄢˇ,傘
ㄙㄢˇ,糝
ㄙㄢˇ,繖
ㄙㄣ,森
ㄙㄤ,桑
ㄙㄤˇ,嗓
ㄙㄤˇ,顙
ㄙㄥ,僧
ㄙㄥ,鬙
ㄙㄨ,囌
ㄙㄨ,甦
ㄙㄨ,穌
ㄙㄨ,酥
ㄙㄨˊ,俗
ㄙㄨˋ,塑
ㄙㄨˋ,夙
ㄙㄨˋ,溯
ㄙㄨˋ,粟
ㄙㄨˋ,素
ㄙㄨˋ,肅
ㄙㄨˋ,蓿
ㄙㄨˋ,訴
ㄙㄨˋ,速
ㄙㄨˋ,傃
ㄙㄨˋ,觫
ㄙㄨˋ,僳
ㄙㄨˋ,謖
ㄙㄨˋ,愫
ㄙㄨˋ,蹜
ㄙㄨˋ,憟
ㄙㄨˋ,餗
ㄙㄨˋ,栜
ㄙㄨˋ,驌
ㄙㄨˋ,泝
ㄙㄨˋ,鱐
ㄙㄨˋ,膆
ㄙㄨˋ,鷫
ㄙㄨˋ,藗
ㄙㄨˋ,愬
ㄙㄨˋ,摍
ㄙㄨˋ,樕
ㄙㄨˋ,簌
ㄙㄨˋ,蔌
ㄙㄨˋ,嗉
ㄙㄨㄛ,唆
ㄙㄨㄛ,嗦
ㄙㄨㄛ,簑
ㄙㄨㄛ,傞
ㄙㄨㄛˇ,所
ㄙㄨㄛˇ,瑣
ㄙㄨㄛˇ,鎖
ㄙㄨㄛˇ,嗩
ㄙㄨㄛˇ,溹
ㄙㄨㄟ,倠
ㄙㄨㄟ,滖
ㄙㄨㄟ,荽
ㄙㄨㄟ,荾
ㄙㄨㄟˊ,隨
ㄙㄨㄟˇ,髓
ㄙㄨㄟˇ,嶲
ㄙㄨㄟˇ,瀡
ㄙㄨㄟˋ,歲
ㄙㄨㄟˋ,燧
ㄙㄨㄟˋ,碎
ㄙㄨㄟˋ,祟
ㄙㄨㄟˋ,穗
ㄙㄨㄟˋ,繀
ㄙㄨㄟˋ,旞
ㄙㄨㄟˋ,繸
ㄙㄨㄟˋ,璲
ㄙㄨㄟˋ,禭
ㄙㄨㄟˋ,穟
ㄙㄨㄟˋ,檖
ㄙㄨㄟˋ,睟
ㄙㄨㄟˋ,襚
ㄙㄨㄟˋ,賥
ㄙㄨㄟˋ,邃
ㄙㄨㄢ,酸
ㄙㄨㄢ,狻
ㄙㄨㄢ,痠
ㄙㄨㄢˇ,匴
ㄙㄨㄢˋ,蒜
ㄙㄨㄢˋ,筭
ㄙㄨㄣ,蓀
ㄙㄨㄣ,飧
ㄙㄨㄣ,猻
ㄙㄨㄣ,蕵
ㄙㄨㄣ,薞
ㄙㄨㄣˇ,損
ㄙㄨㄣˇ,榫
ㄙㄨㄥ,嵩
ㄙㄨㄥ,松
ㄙㄨㄥ,淞
ㄙㄨㄥ,鬆
ㄙㄨㄥ,娀
ㄙㄨㄥ,崧
ㄙㄨㄥ,菘
ㄙㄨㄥ,蜙
ㄙㄨㄥˇ,慫
ㄙㄨㄥˇ,傱
ㄙㄨㄥˇ,愯
ㄙㄨㄥˇ,竦
ㄙㄨㄥˇ,駷
ㄙㄨㄥˋ,宋
ㄙㄨㄥˋ,誦
ㄙㄨㄥˋ,送
ㄚ,錒
ㄜ,婀
ㄜ,屙
ㄜ,峉
ㄜˊ,娥
ㄜˊ,峨
ㄜˊ,訛
ㄜˊ,鵝
ㄜˊ,吪
ㄜˊ,睋
ㄜˊ,莪
ㄜˊ,鋨
ㄜˇ,婐
ㄜˋ,厄
ㄜˋ,呃
ㄜˋ,噩
ㄜˋ,顎
ㄜˋ,堊
ㄜˋ,餓
ㄜˋ,萼
ㄜˋ,遏
ㄜˋ,鄂
ㄜˋ,扼
ㄜˋ,軛
ㄜˋ,鱷
ㄜˋ,咢
ㄜˋ,姶
ㄜˋ,岋
ㄜˋ,崿
ㄜˋ,搤
ㄜˋ,軶
ㄜˋ,砐
ㄜˋ,鍔
ㄜˋ,蚅
ㄜˋ,諤
ㄜˋ,豟
ㄜˋ,砨
ㄜˋ,蝁
ㄜˋ,鶚
ㄜˋ,齶
ㄞ,哀
ㄞ,哎
ㄞ,唉
ㄞ,埃
ㄞˊ,捱
ㄞˊ,皚
ㄞˊ,敳
ㄞˇ,矮
ㄞˇ,毐
ㄞˇ,譪
ㄞˋ,愛
ㄞˋ,曖
ㄞˋ,璦
ㄞˋ,礙
ㄞˋ,嬡
ㄞˋ,薆
ㄠˊ,嗷
ㄠˊ,獒
ㄠˊ,翱
ㄠˊ,螯
ㄠˊ,鏖
ㄠˊ,摮
ㄠˊ,爊
ㄠˊ,遨
ㄠˊ,鼇
ㄠˊ,隞
ㄠˊ,鰲
ㄠˇ,媼
ㄠˇ,襖
ㄠˇ,镺
ㄠˋ,傲
ㄠˋ,奡
ㄡ,甌
ㄡ,鷗
ㄡ,櫙
ㄡ,熰
ㄡ,謳
ㄡˇ,偶
ㄡˇ,藕
ㄡˇ,耦
ㄡˇ,腢
ㄡˇ,蕅
ㄢ,安
ㄢ,庵
ㄢ,腤
ㄢ,氨
ㄢ,銨
ㄢ,鵪
ㄢ,痷
ㄢ,盦
ㄢ,鞍
ㄢ,垵
ㄢˊ,啽
ㄢˇ,匼
ㄢˇ,唵
ㄢˋ,岸
ㄢˋ,按
ㄢˋ,暗
ㄢˋ,案
ㄢˋ,黯
ㄢˋ,桉
ㄣ,恩
ㄣˋ,摁
ㄣ,嗯
ㄤˊ,昂
ㄤˋ,盎
ㄦˊ,栭
ㄦˊ,聏
ㄦˊ,胹
ㄦˊ,輀
ㄦˊ,陑
ㄦˊ,鮞
ㄦˊ,鴯
ㄦˇ,洱
ㄦˇ,爾
ㄦˇ,邇
ㄦˇ,尒
ㄦˇ,駬
ㄦˋ,二
ㄦˋ,貳
ㄦˋ,佴
ㄦˋ,刵
ㄦˋ,咡
ㄦˋ,樲
ㄦˋ,毦
ㄦˋ,衈
ㄧ,伊
ㄧ,依
ㄧ,壹
ㄧ,漪
ㄧ,咿
ㄧ,嫛
ㄧ,檹
ㄧ,毉
ㄧ,溰
ㄧ,瑿
ㄧ,禕
ㄧ,蛜
ㄧ,郼
ㄧ,銥
ㄧ,黟
ㄧ,黳
ㄧˊ,儀
ㄧˊ,咦
ㄧˊ,圯
ㄧˊ,夷
ㄧˊ,姨
ㄧˊ,宜
ㄧˊ,
ㄧˊ,怡
ㄧˊ,疑
ㄧˊ,胰
ㄧˊ,貽
ㄧˊ,頤
ㄧˊ,痍
ㄧˊ,侇
ㄧˊ,蛦
ㄧˊ,宧
ㄧˊ,暆
ㄧˊ,瓵
ㄧˊ,匜
ㄧˊ,恞
ㄧˊ,袲
ㄧˊ,跠
ㄧˊ,迻
ㄧˊ,顊
ㄧˊ,鸃
ㄧˇ,乙
ㄧˇ,顗
ㄧˇ,以
ㄧˇ,嶬
ㄧˇ,胣
ㄧˇ,矣
ㄧˇ,偯
ㄧˇ,崺
ㄧˇ,已
ㄧˇ,蟻
ㄧˇ,艤
ㄧˇ,螘
ㄧˇ,釔
ㄧˇ,鉯
ㄧˇ,倚
ㄧˋ,亦
ㄧˋ,屹
ㄧˋ,弈
ㄧˋ,億
ㄧˋ,囈
ㄧˋ,奕
ㄧˋ,佾
ㄧˋ,刈
ㄧˋ,役
ㄧˋ,憶
ㄧˋ,抑
ㄧˋ,毅
ㄧˋ,溢
ㄧˋ,異
ㄧˋ,弋
ㄧˋ,悒
ㄧˋ,縊
ㄧˋ,懌
ㄧˋ,義
ㄧˋ,挹
ㄧˋ,翌
ㄧˋ,杙
ㄧˋ,肄
ㄧˋ,枍
ㄧˋ,藝
ㄧˋ,枻
ㄧˋ,裔
ㄧˋ,槸
ㄧˋ,譯
ㄧˋ,檍
ㄧˋ,邑
ㄧˋ,殔
ㄧˋ,俋
ㄧˋ,殪
ㄧˋ,勩
ㄧˋ,泆
ㄧˋ,埸
ㄧˋ,燡
ㄧˋ,寱
ㄧˋ,瘞
ㄧˋ,帟
ㄧˋ,瘱
ㄧˋ,疫
ㄧˋ,繶
ㄧˋ,羿
ㄧˋ,翊
ㄧˋ,臆
ㄧˋ,膉
ㄧˋ,詣
ㄧˋ,芅
ㄧˋ,驛
ㄧˋ,蓺
ㄧˋ,垼
ㄧˋ,薏
ㄧˋ,嶧
ㄧˋ,藙
ㄧˋ,繹
ㄧˋ,蘙
ㄧˋ,蜴
ㄧˋ,詍
ㄧˋ,劓
ㄧˋ,帠
ㄧˋ,翼
ㄧˋ,逸
ㄧˋ,嫕
ㄧˋ,豷
ㄧˋ,釴
ㄧˋ,鎰
ㄧˋ,鐿
ㄧˋ,隿
ㄧˋ,霬
ㄧˋ,鳦
ㄧˋ,鷁
ㄧˋ,鷊
ㄧˋ,鷾
ㄧˋ,黓
ㄧˋ,齸
ㄧㄚ,丫
ㄧㄚ,壓
ㄧㄚ,鴨
ㄧㄚ,孲
ㄧㄚˊ,涯
ㄧㄚˊ,牙
ㄧㄚˊ,芽
ㄧㄚˊ,犽
ㄧㄚˊ,蚜
ㄧㄚˇ,氬
ㄧㄚˋ,訝
ㄧㄚˋ,圠
ㄧㄚˋ,婭
ㄧㄚˋ,揠
ㄧㄚˋ,玡
ㄧㄚˋ,砑
ㄧㄚˋ,窫
ㄧㄚˋ,迓
ㄧㄚˋ,齾
ㄧㄛ,唷
ㄧㄝ,蠮
ㄧㄝˊ,椰
ㄧㄝˊ,爺
ㄧㄝˊ,琊
ㄧㄝˊ,揶
ㄧㄝˊ,擨
ㄧㄝˊ,歋
ㄧㄝˇ,也
ㄧㄝˇ,冶
ㄧㄝˇ,野
ㄧㄝˇ,埜
ㄧㄝˋ,謁
ㄧㄝˋ,嶪
ㄧㄝˋ,擫
ㄧㄝˋ,曄
ㄧㄝˋ,鄴
ㄧㄝˋ,饁
ㄧㄞˊ,崖
ㄧㄠ,吆
ㄧㄠ,妖
ㄧㄠ,邀
ㄧㄠ,喓
ㄧㄠ,祅
ㄧㄠ,葽
ㄧㄠ,訞
ㄧㄠˊ,堯
ㄧㄠˊ,姚
ㄧㄠˊ,淆
ㄧㄠˊ,瑤
ㄧㄠˊ,鰩
ㄧㄠˊ,窯
ㄧㄠˊ,愮
ㄧㄠˊ,摿
ㄧㄠˊ,傜
ㄧㄠˊ,嶢
ㄧㄠˊ,徭
ㄧㄠˊ,遙
ㄧㄠˊ,媱
ㄧㄠˊ,烑
ㄧㄠˊ,猺
ㄧㄠˊ,珧
ㄧㄠˊ,顤
ㄧㄠˊ,謠
ㄧㄠˇ,窈
ㄧㄠˇ,偠
ㄧㄠˇ,宎
ㄧㄠˇ,殀
ㄧㄠˇ,溔
ㄧㄠˇ,騕
ㄧㄠˋ,牰
ㄧㄠˋ,筄
ㄧㄡ,幽
ㄧㄡ,憂
ㄧㄡ,优
ㄧㄡ,呦
ㄧㄡ,嚘
ㄧㄡ,櫌
ㄧㄡ,瀀
ㄧㄡ,纋
ㄧㄡ,耰
ㄧㄡ,鄾
ㄧㄡ,麀
ㄧㄡˊ,尤
ㄧㄡˊ,油
ㄧㄡˊ,猷
ㄧㄡˊ,由
ㄧㄡˊ,遊
ㄧㄡˊ,郵
ㄧㄡˊ,魷
ㄧㄡˊ,沋
ㄧㄡˊ,疣
ㄧㄡˊ,蕕
ㄧㄡˊ,蝣
ㄧㄡˊ,訧
ㄧㄡˊ,逌
ㄧㄡˇ,友
ㄧㄡˇ,牖
ㄧㄡˇ,酉
ㄧㄡˇ,黝
ㄧㄡˇ,卣
ㄧㄡˇ,羑
ㄧㄡˇ,聈
ㄧㄡˇ,銪
ㄧㄡˋ,佑
ㄧㄡˋ,貁
ㄧㄡˋ,右
ㄧㄡˋ,宥
ㄧㄡˋ,祐
ㄧㄡˋ,
ㄧㄡˋ,鼬
ㄧㄡˋ,侑
ㄧㄡˋ,狖
ㄧㄡˋ,又
ㄧㄢ,嫣
ㄧㄢ,胭
ㄧㄢ,懨
ㄧㄢ,臙
ㄧㄢ,黫
ㄧㄢˊ,妍
ㄧㄢˊ,岩
ㄧㄢˊ,巖
ㄧㄢˊ,延
ㄧㄢˊ,郔
ㄧㄢˊ,筵
ㄧㄢˊ,閆
ㄧㄢˊ,顏
ㄧㄢˊ,鳽
ㄧㄢˊ,嵒
ㄧㄢˊ,麙
ㄧㄢˊ,狿
ㄧㄢˊ,蜒
ㄧㄢˊ,簷
ㄧㄢˊ,壛
ㄧㄢˊ,揅
ㄧㄢˊ,碞
ㄧㄢˇ,偃
ㄧㄢˇ,儼
ㄧㄢˇ,兗
ㄧㄢˇ,演
ㄧㄢˇ,魘
ㄧㄢˇ,鼴
ㄧㄢˇ,巘
ㄧㄢˇ,扊
ㄧㄢˇ,隒
ㄧㄢˇ,棪
ㄧㄢˇ,鰋
ㄧㄢˇ,渰
ㄧㄢˇ,鶠
ㄧㄢˇ,蝘
ㄧㄢˇ,黶
ㄧㄢˇ,躽
ㄧㄢˇ,沇
ㄧㄢˇ,琰
ㄧㄢˇ,褗
ㄧㄢˇ,曮
ㄧㄢˇ,齴
ㄧㄢˋ,唁
ㄧㄢˋ,嚥
ㄧㄢˋ,堰
ㄧㄢˋ,宴
ㄧㄢˋ,彥
ㄧㄢˋ,嵃
ㄧㄢˋ,灩
ㄧㄢˋ,硯
ㄧㄢˋ,烻
ㄧㄢˋ,贗
ㄧㄢˋ,觾
ㄧㄢˋ,饜
ㄧㄢˋ,讌
ㄧㄢˋ,喭
ㄧㄢˋ,酀
ㄧㄢˋ,曣
ㄧㄢˋ,雁
ㄧㄢˋ,驗
ㄧㄢˋ,嬿
ㄧㄢˋ,豔
ㄧㄢˋ,醼
ㄧㄢˋ,釅
ㄧㄢˋ,騴
ㄧㄢˋ,驠
ㄧㄢˋ,鬳
ㄧㄢˋ,鴈
ㄧㄢˋ,鷃
ㄧㄢˋ,鷰
ㄧㄣ,因
ㄧㄣ,姻
ㄧㄣ,慇
ㄧㄣ,氤
ㄧㄣ,茵
ㄧㄣ,垔
ㄧㄣ,堙
ㄧㄣ,愔
ㄧㄣ,欭
ㄧㄣ,瘖
ㄧㄣ,禋
ㄧㄣ,絪
ㄧㄣ,裀
ㄧㄣ,諲
ㄧㄣ,銦
ㄧㄣ,霒
ㄧㄣ,霠
ㄧㄣ,駰
ㄧㄣˊ,崟
ㄧㄣˊ,垠
ㄧㄣˊ,殥
ㄧㄣˊ,寅
ㄧㄣˊ,狺
ㄧㄣˊ,銀
ㄧㄣˊ,蔩
ㄧㄣˊ,嚚
ㄧㄣˊ,誾
ㄧㄣˊ,婬
ㄧㄣˊ,淫
ㄧㄣˊ,霪
ㄧㄣˊ,圁
ㄧㄣˊ,夤
ㄧㄣˇ,尹
ㄧㄣˇ,癮
ㄧㄣˇ,蚓
ㄧㄣˇ,檃
ㄧㄣˇ,濦
ㄧㄣˇ,蘟
ㄧㄣˇ,螾
ㄧㄣˇ,讔
ㄧㄣˇ,鈏
ㄧㄣˋ,印
ㄧㄣˋ,胤
ㄧㄣˋ,垽
ㄧㄣˋ,堷
ㄧㄣˋ,廕
ㄧㄣˋ,朄
ㄧㄣˋ,酳
ㄧㄤ,殃
ㄧㄤ,鴦
ㄧㄤ,佒
ㄧㄤ,鉠
ㄧㄤˊ,佯
ㄧㄤˊ,揚
ㄧㄤˊ,楊
ㄧㄤˊ,洋
ㄧㄤˊ,烊
ㄧㄤˊ,瘍
ㄧㄤˊ,陽
ㄧㄤˊ,垟
ㄧㄤˊ,崵
ㄧㄤˊ,徉
ㄧㄤˊ,昜
ㄧㄤˊ,暘
ㄧㄤˊ,鍚
ㄧㄤˊ,鸉
ㄧㄤˇ,仰
ㄧㄤˇ,氧
ㄧㄤˇ,癢
ㄧㄤˇ,岟
ㄧㄤˇ,軮
ㄧㄤˋ,恙
ㄧㄤˋ,漾
ㄧㄤˋ,羕
ㄧㄥ,嚶
ㄧㄥ,嬰
ㄧㄥ,櫻
ㄧㄥ,瑛
ㄧㄥ,瓔
ㄧㄥ,甖
ㄧㄥ,膺
ㄧㄥ,罃
ㄧㄥ,鶯
ㄧㄥ,罌
ㄧㄥ,鸚
ㄧㄥ,蘡
ㄧㄥ,攖
ㄧㄥ,英
ㄧㄥ,鷹
ㄧㄥ,嫈
ㄧㄥ,纓
ㄧㄥ,蠳
ㄧㄥ,譻
ㄧㄥˊ,嬴
ㄧㄥˊ,楹
ㄧㄥˊ,瀛
ㄧㄥˊ,營
ㄧㄥˊ,瀯
ㄧㄥˊ,盈
ㄧㄥˊ,熒
ㄧㄥˊ,螢
ㄧㄥˊ,籯
ㄧㄥˊ,贏
ㄧㄥˊ,藀
ㄧㄥˊ,廮
ㄧㄥˊ,褮
ㄧㄥˊ,瀅
ㄧㄥˊ,蠅
ㄧㄥˊ,塋
ㄧㄥˊ,攍
ㄧㄥˊ,縈
ㄧㄥˊ,覮
ㄧㄥˇ,影
ㄧㄥˇ,穎
ㄧㄥˇ,浧
ㄧㄥˇ,潁
ㄧㄥˇ,癭
ㄧㄥˇ,郢
ㄧㄥˋ,映
ㄧㄥˋ,硬
ㄧㄥˋ,媵
ㄨ,嗚
ㄨ,圬
ㄨ,屋
ㄨ,剭
ㄨ,杇
ㄨ,歍
ㄨ,窏
ㄨ,螐
ㄨ,鄔
ㄨ,陓
ㄨˊ,吳
ㄨˊ,蕪
ㄨˊ,蜈
ㄨˊ,俉
ㄨˊ,峿
ㄨˊ,毌
ㄨˊ,浯
ㄨˊ,珸
ㄨˊ,瞴
ㄨˊ,莁
ㄨˊ,郚
ㄨˊ,鯃
ㄨˊ,鷡
ㄨˊ,鼯
ㄨˇ,五
ㄨˇ,伍
ㄨˇ,侮
ㄨˇ,嫵
ㄨˇ,舞
ㄨˇ,鵡
ㄨˇ,啎
ㄨˇ,摀
ㄨˇ,潕
ㄨˇ,牾
ㄨˇ,甒
ㄨˇ,碔
ㄨˋ,齀
ㄨˋ,兀
ㄨˋ,婺
ㄨˋ,屼
ㄨˋ,悟
ㄨˋ,岉
ㄨˋ,物
ㄨˋ,杌
ㄨˋ,霧
ㄨˋ,痦
ㄨˋ,卼
ㄨˋ,晤
ㄨˋ,誤
ㄨˋ,騖
ㄨˋ,寤
ㄨˋ,矹
ㄨˋ,逜
ㄨˋ,阢
ㄨˋ,靰
ㄨˋ,勿
ㄨㄚ,窪
ㄨㄚ,蛙
ㄨㄚ,媧
ㄨㄚ,溛
ㄨㄚ,窪
ㄨㄚˊ,娃
ㄨㄚˇ,佤
ㄨㄚˋ,襪
ㄨㄚˋ,嗢
ㄨㄚˋ,膃
ㄨㄛ,窩
ㄨㄛ,萵
ㄨㄛ,猧
ㄨㄛˋ,握
ㄨㄛˋ,渥
ㄨㄛˋ,臥
ㄨㄛˋ,齷
ㄨㄛˋ,偓
ㄨㄛˋ,幄
ㄨㄛˋ,濣
ㄨㄛˋ,腛
ㄨㄞˋ,外
ㄨㄟ,偎
ㄨㄟ,威
ㄨㄟ,崴
ㄨㄟ,溾
ㄨㄟ,煨
ㄨㄟ,葳
ㄨㄟ,蝛
ㄨㄟ,覣
ㄨㄟ,逶
ㄨㄟ,隇
ㄨㄟˊ,危
ㄨㄟˊ,圍
ㄨㄟˊ,巍
ㄨㄟˊ,帷
ㄨㄟˊ,惟
ㄨㄟˊ,維
ㄨㄟˊ,濰
ㄨㄟˊ,薇
ㄨㄟˊ,犩
ㄨㄟˊ,闈
ㄨㄟˊ,癓
ㄨㄟˊ,囗
ㄨㄟˊ,蓶
ㄨㄟˊ,幃
ㄨㄟˊ,鄬
ㄨㄟˊ,湋
ㄨㄟˊ,韋
ㄨㄟˊ,峗
ㄨㄟˊ,欈
ㄨㄟˊ,違
ㄨㄟˇ,偉
ㄨㄟˇ,猥
ㄨㄟˇ,葦
ㄨㄟˇ,鮪
ㄨㄟˇ,儰
ㄨㄟˇ,壝
ㄨㄟˇ,腲
ㄨㄟˇ,艉
ㄨㄟˇ,崣
ㄨㄟˇ,蒍
ㄨㄟˇ,暐
ㄨㄟˇ,踓
ㄨㄟˇ,浘
ㄨㄟˇ,韙
ㄨㄟˇ,痏
ㄨㄟˇ,斖
ㄨㄟˇ,洧
ㄨㄟˇ,瑋
ㄨㄟˇ,寪
ㄨㄟˇ,韡
ㄨㄟˇ,頠
ㄨㄟˇ,骫
ㄨㄟˋ,位
ㄨㄟˋ,喂
ㄨㄟˋ,慰
ㄨㄟˋ,菋
ㄨㄟˋ,未
ㄨㄟˋ,蝟
ㄨㄟˋ,畏
ㄨㄟˋ,褽
ㄨㄟˋ,衛
ㄨㄟˋ,讆
ㄨㄟˋ,餵
ㄨㄟˋ,躗
ㄨㄟˋ,犚
ㄨㄟˋ,胃
ㄨㄟˋ,謂
ㄨㄟˋ,媦
ㄨㄟˋ,渭
ㄨㄟˋ,鮇
ㄨㄢ,剜
ㄨㄢ,彎
ㄨㄢ,灣
ㄨㄢ,豌
ㄨㄢ,婠
ㄨㄢˊ,芄
ㄨㄢˊ,丸
ㄨㄢˊ,頑
ㄨㄢˊ,刓
ㄨㄢˊ,岏
ㄨㄢˊ,抏
ㄨㄢˊ,汍
ㄨㄢˊ,烷
ㄨㄢˊ,紈
ㄨㄢˊ,完
ㄨㄢˇ,婉
ㄨㄢˇ,挽
ㄨㄢˇ,晚
ㄨㄢˇ,碗
ㄨㄢˇ,倇
ㄨㄢˇ,晼
ㄨㄢˇ,琬
ㄨㄢˇ,畹
ㄨㄢˇ,睌
ㄨㄢˇ,葂
ㄨㄢˋ,惋
ㄨㄢˋ,萬
ㄨㄢˋ,腕
ㄨㄢˋ,卍
ㄨㄢˋ,翫
ㄨㄢˋ,蟃
ㄨㄣ,塭
ㄨㄣ,瘟
ㄨㄣ,豱
ㄨㄣˊ,紋
ㄨㄣˊ,蚊
ㄨㄣˊ,雯
ㄨㄣˊ,芠
ㄨㄣˊ,閺
ㄨㄣˊ,閿
ㄨㄣˊ,鳼
ㄨㄣˇ,刎
ㄨㄣˇ,吻
ㄨㄣˇ,穩
ㄨㄣˋ,問
ㄨㄣˋ,紊
ㄨㄣˋ,璺
ㄨㄤ,汪
ㄨㄤ,尪
ㄨㄤˊ,莣
ㄨㄤˇ,往
ㄨㄤˇ,惘
ㄨㄤˇ,網
ㄨㄤˇ,罔
ㄨㄤˇ,暀
ㄨㄤˇ,瀇
ㄨㄤˇ,网
ㄨㄤˇ,菵
ㄨㄤˇ,輞
ㄨㄤˇ,魍
ㄨㄤˋ,妄
ㄨㄤˋ,旺
ㄨㄤˋ,朢
ㄨㄥ,嗡
ㄨㄥˇ,塕
ㄨㄥˇ,暡
ㄨㄥˇ,滃
ㄨㄥˋ,甕
ㄨㄥˋ,瓮
ㄩ,箊
ㄩ,紆
ㄩˊ,妤
ㄩˊ,娛
ㄩˊ,愚
ㄩˊ,榆
ㄩˊ,渝
ㄩˊ,漁
ㄩˊ,瑜
ㄩˊ,盂
ㄩˊ,竽
ㄩˊ,萸
ㄩˊ,虞
ㄩˊ,輿
ㄩˊ,逾
ㄩˊ,蕍
ㄩˊ,隅
ㄩˊ,蘛
ㄩˊ,魚
ㄩˊ,蝓
ㄩˊ,嵎
ㄩˊ,螸
ㄩˊ,旟
ㄩˊ,衧
ㄩˊ,歈
ㄩˊ,邘
ㄩˊ,狳
ㄩˊ,雓
ㄩˊ,璵
ㄩˊ,鸆
ㄩˊ,歶
ㄩˊ,崳
ㄩˊ,腴
ㄩˊ,艅
ㄩˊ,餘
ㄩˊ,堣
ㄩˊ,楰
ㄩˊ,澞
ㄩˊ,玗
ㄩˊ,睮
ㄩˊ,羭
ㄩˇ,宇
ㄩˇ,俁
ㄩˇ,庾
ㄩˇ,羽
ㄩˇ,齬
ㄩˇ,与
ㄩˇ,禹
ㄩˇ,偊
ㄩˇ,傴
ㄩˇ,噳
ㄩˇ,圄
ㄩˇ,寙
ㄩˇ,敔
ㄩˇ,斔
ㄩˇ,斞
ㄩˇ,瑀
ㄩˇ,瘐
ㄩˇ,祤
ㄩˇ,蘌
ㄩˇ,麌
ㄩˋ,域
ㄩˋ,嫗
ㄩˋ,寓
ㄩˋ,峪
ㄩˋ,慾
ㄩˋ,欲
ㄩˋ,毓
ㄩˋ,浴
ㄩˋ,煜
ㄩˋ,獄
ㄩˋ,癒
ㄩˋ,禦
ㄩˋ,鬱
ㄩˋ,籲
ㄩˋ,噊
ㄩˋ,育
ㄩˋ,彧
ㄩˋ,諭
ㄩˋ,昱
ㄩˋ,郁
ㄩˋ,棜
ㄩˋ,馭
ㄩˋ,裕
ㄩˋ,遇
ㄩˋ,預
ㄩˋ,聿
ㄩˋ,棫
ㄩˋ,欥
ㄩˋ,淯
ㄩˋ,澦
ㄩˋ,灪
ㄩˋ,篽
ㄩˋ,饇
ㄩˋ,罭
ㄩˋ,驈
ㄩˋ,蓹
ㄩˋ,魊
ㄩˋ,袬
ㄩˋ,鳿
ㄩˋ,鈺
ㄩˋ,鵒
ㄩˋ,飫
ㄩˋ,蕷
ㄩˋ,遹
ㄩˋ,鋊
ㄩˋ,蒮
ㄩˋ,鷸
ㄩㄝ,曰
ㄩㄝˋ,岳
ㄩㄝˋ,嶽
ㄩㄝˋ,悅
ㄩㄝˋ,月
ㄩㄝˋ,龠
ㄩㄝˋ,粵
ㄩㄝˋ,刖
ㄩㄝˋ,戉
ㄩㄝˋ,樾
ㄩㄝˋ,籥
ㄩㄝˋ,蘥
ㄩㄝˋ,鸑
ㄩㄝˋ,鸙
ㄩㄝˋ,閱
ㄩㄢ,冤
ㄩㄢ,淵
ㄩㄢ,鳶
ㄩㄢ,鴛
ㄩㄢ,嬽
ㄩㄢ,惌
ㄩㄢ,肙
ㄩㄢ,蒬
ㄩㄢ,蜎
ㄩㄢ,蜵
ㄩㄢ,鵷
ㄩㄢ,鼘
ㄩㄢˊ,元
ㄩㄢˊ,園
ㄩㄢˊ,圓
ㄩㄢˊ,垣
ㄩㄢˊ,源
ㄩㄢˊ,爰
ㄩㄢˊ,猿
ㄩㄢˊ,袁
ㄩㄢˊ,轅
ㄩㄢˊ,嫄
ㄩㄢˊ,榬
ㄩㄢˊ,湲
ㄩㄢˊ,芫
ㄩㄢˊ,蒝
ㄩㄢˊ,蝝
ㄩㄢˊ,蝯
ㄩㄢˊ,螈
ㄩㄢˊ,邍
ㄩㄢˊ,邧
ㄩㄢˊ,騵
ㄩㄢˊ,鶢
ㄩㄢˊ,黿
ㄩㄢˋ,愿
ㄩㄢˋ,願
ㄩㄢˋ,噮
ㄩㄢˋ,夗
ㄩㄢˋ,瑗
ㄩㄢˋ,褑
ㄩㄣ,氳
ㄩㄣ,奫
ㄩㄣ,贇
ㄩㄣˊ,云
ㄩㄣˊ,勻
ㄩㄣˊ,昀
ㄩㄣˊ,筠
ㄩㄣˊ,紜
ㄩㄣˊ,耘
ㄩㄣˊ,雲
ㄩㄣˊ,妘
ㄩㄣˊ,篔
ㄩㄣˊ,縜
ㄩㄣˊ,蕓
ㄩㄣˊ,鄖
ㄩㄣˇ,抎
ㄩㄣˇ,殞
ㄩㄣˇ,狁
ㄩㄣˇ,霣
ㄩㄣˇ,馻
ㄩㄣˋ,孕
ㄩㄣˋ,運
ㄩㄣˋ,醞
ㄩㄣˋ,韻
ㄩㄥ,嗈
ㄩㄥ,噰
ㄩㄥ,廱
ㄩㄥ,癰
ㄩㄥ,饔
ㄩㄥ,鷛
ㄩㄥˊ,嵱
ㄩㄥˊ,顒
ㄩㄥˇ,俑
ㄩㄥˇ,勇
ㄩㄥˇ,恿
ㄩㄥˇ,永
ㄩㄥˇ,泳
ㄩㄥˇ,湧
ㄩㄥˇ,甬
ㄩㄥˇ,蛹
ㄩㄥˇ,詠
ㄩㄥˇ,踴
ㄩㄥˇ,傛
ㄩㄥˇ,悀
ㄩㄥˇ,涌
ㄩㄥˇ,踊
ㄩㄥˋ,佣
ㄩㄥˋ,用
ㄩㄥˋ,醟
ㄔˋ,叱
ㄧˊ,彝
ㄋㄧㄝ,捏
ㄔㄥ,撐
ㄌㄠˊ,牢
ㄗㄠˋ,皂
ㄧㄡˋ,釉
ㄔ,麶
