台泥,",1101,"
亞泥,",1102,"
嘉泥,",1103,"
環泥,",1104,"
幸福,",1108,"
信大,",1109,"
東泥,",1110,"
味全,",1201,"
味王,",1203,"
大成,",1210,"
大飲,",1213,"
卜蜂,",1215,"
統一,",1216,"
愛之味,",1217,"
泰山,",1218,"
福壽,",1219,"
台榮,",1220,"
福懋油,",1225,"
佳格,",1227,"
聯華,",1229,"
聯華食,",1231,"
大統益,",1232,"
天仁,",1233,"
黑松,",1234,"
興泰,",1235,"
宏亞,",1236,"
F-鮮活,",1256,"
F-其祥,",1258,"
安心,",1259,"
F-綠悅,",1262,"
德麥,",1264,"
台塑,",1301,"
南亞,",1303,"
台聚,",1304,"
華夏,",1305,"
三芳,",1307,"
亞聚,",1308,"
台達化,",1309,"
台苯,",1310,"
國喬,",1312,"
聯成,",1313,"
中石化,",1314,"
達新,",1315,"
上曜,",1316,"
東陽,",1319,"
大洋,",1321,"
永裕,",1323,"
地球,",1324,"
恆大,",1325,"
台化,",1326,"
恩得利,",1333,"
台翰,",1336,"
F-再生,",1337,"
F-廣華,",1338,"
昭輝,",1339,"
F-勝悅,",1340,"
遠東新,",1402,"
新纖,",1409,"
南染,",1410,"
宏洲,",1413,"
東和,",1414,"
廣豐,",1416,"
嘉裕,",1417,"
東華,",1418,"
新紡,",1419,"
利華,",1423,"
大魯閣,",1432,"
福懋,",1434,"
中福,",1435,"
華友聯,",1436,"
勤益控,",1437,"
裕豐,",1438,"
中和,",1439,"
南紡,",1440,"
大東,",1441,"
名軒,",1442,"
立益,",1443,"
力麗,",1444,"
大宇,",1445,"
宏和,",1446,"
力鵬,",1447,"
佳和,",1449,"
年興,",1451,"
宏益,",1452,"
大將,",1453,"
台富,",1454,"
集盛,",1455,"
怡華,",1456,"
宜進,",1457,"
聯發,",1459,"
宏遠,",1460,"
強盛,",1463,"
得力,",1464,"
偉全,",1465,"
聚隆,",1466,"
南緯,",1467,"
昶和,",1468,"
理隆,",1469,"
大統染,",1470,"
首利,",1471,"
三洋紡,",1472,"
台南,",1473,"
弘裕,",1474,"
本盟,",1475,"
儒鴻,",1476,"
聚陽,",1477,"
士電,",1503,"
東元,",1504,"
正道,",1506,"
永大,",1507,"
瑞利,",1512,"
中興電,",1513,"
亞力,",1514,"
力山,",1515,"
川飛,",1516,"
利奇,",1517,"
華城,",1519,"
大億,",1521,"
堤維西,",1522,"
耿鼎,",1524,"
江申,",1525,"
日馳,",1526,"
鑽全,",1527,"
恩德,",1528,"
樂士,",1529,"
亞崴,",1530,"
高林股,",1531,"
勤美,",1532,"
車王電,",1533,"
中宇,",1535,"
和大,",1536,"
廣隆,",1537,"
正峰新,",1538,"
巨庭,",1539,"
喬福,",1540,"
錩泰,",1541,"
伸興,",1558,"
中砂,",1560,"
精華,",1565,"
捷邦,",1566,"
倉佑,",1568,"
濱川,",1569,"
力肯,",1570,"
新麥,",1580,"
信錦,",1582,"
程泰,",1583,"
精剛,",1584,"
和勤,",1586,"
F-永冠,",1589,"
F-亞德,",1590,"
F-駿吉,",1591,"
F-英瑞,",1592,"
祺驊,",1593,"
川寶,",1595,"
直得,",1597,"
宏佳騰,",1599,"
華電,",1603,"
聲寶,",1604,"
華新,",1605,"
華榮,",1608,"
大亞,",1609,"
中電,",1611,"
宏泰,",1612,"
台一,",1613,"
三洋電,",1614,"
大山,",1615,"
億泰,",1616,"
榮星,",1617,"
合機,",1618,"
F-艾美,",1626,"
中化,",1701,"
南僑,",1702,"
榮化,",1704,"
葡萄王,",1707,"
東鹼,",1708,"
和益,",1709,"
東聯,",1710,"
永光,",1711,"
興農,",1712,"
國化,",1713,"
和桐,",1714,"
萬洲,",1715,"
長興,",1717,"
中纖,",1718,"
生達,",1720,"
三晃,",1721,"
台肥,",1722,"
中碳,",1723,"
台硝,",1724,"
元禎,",1725,"
永記,",1726,"
中華化,",1727,"
必翔,",1729,"
花仙子,",1730,"
美吾華,",1731,"
毛寶,",1732,"
五鼎,",1733,"
杏輝,",1734,"
日勝化,",1735,"
喬山,",1736,"
臺鹽,",1737,"
台蠟,",1742,"
南光,",1752,"
中化生,",1762,"
勝一,",1773,"
生泰,",1777,"
合世,",1781,"
和康生,",1783,"
訊聯,",1784,"
光洋科,",1785,"
科妍,",1786,"
福盈科,",1787,"
杏昌,",1788,"
神隆,",1789,"
美時,",1795,"
易威,",1799,"
台玻,",1802,"
寶徠,",1805,"
冠軍,",1806,"
潤隆,",1808,"
中釉,",1809,"
和成,",1810,"
寶利徠,",1813,"
富喬,",1815,"
凱撒衛,",1817,"
台紙,",1902,"
士紙,",1903,"
正隆,",1904,"
華紙,",1905,"
寶隆,",1906,"
永豐餘,",1907,"
榮成,",1909,"
中鋼,",2002,"
東鋼,",2006,"
燁興,",2007,"
高興昌,",2008,"
第一銅,",2009,"
春源,",2010,"
春雨,",2012,"
中鋼構,",2013,"
中鴻,",2014,"
豐興,",2015,"
官田鋼,",2017,"
美亞,",2020,"
聚亨,",2022,"
燁輝,",2023,"
志聯,",2024,"
千興,",2025,"
大成鋼,",2027,"
威致,",2028,"
盛餘,",2029,"
彰源,",2030,"
新光鋼,",2031,"
新鋼,",2032,"
佳大,",2033,"
允強,",2034,"
唐榮,",2035,"
海光,",2038,"
上銀,",2049,"
川湖,",2059,"
風青,",2061,"
橋椿,",2062,"
世鎧,",2063,"
晉椿,",2064,"
世德,",2066,"
嘉鋼,",2067,"
南港,",2101,"
泰豐,",2102,"
台橡,",2103,"
中橡,",2104,"
正新,",2105,"
建大,",2106,"
厚生,",2107,"
南帝,",2108,"
華豐,",2109,"
鑫永銓,",2114,"
F-六暉,",2115,"
裕隆,",2201,"
中華,",2204,"
三陽,",2206,"
和泰車,",2207,"
台船,",2208,"
大甲,",2221,"
裕日車,",2227,"
劍麟,",2228,"
泰茂,",2230,"
為升,",2231,"
宇隆,",2233,"
謚源,",2235,"
F-百達,",2236,"
F-英利,",2239,"
光寶科,",2301,"
麗正,",2302,"
聯電,",2303,"
全友,",2305,"
台達電,",2308,"
日月光,",2311,"
金寶,",2312,"
華通,",2313,"
台揚,",2314,"
楠梓電,",2316,"
鴻海,",2317,"
東訊,",2321,"
中環,",2323,"
仁寶,",2324,"
矽品,",2325,"
國巨,",2327,"
廣宇,",2328,"
華泰,",2329,"
台積電,",2330,"
精英,",2331,"
友訊,",2332,"
旺宏,",2337,"
光罩,",2338,"
光磊,",2340,"
茂矽,",2342,"
華邦電,",2344,"
智邦,",2345,"
聯強,",2347,"
海悅,",2348,"
錸德,",2349,"
順德,",2351,"
佳世達,",2352,"
宏,",2353,"
鴻準,",2354,"
敬鵬,",2355,"
英業達,",2356,"
華碩,",2357,"
廷鑫,",2358,"
所羅門,",2359,"
致茂,",2360,"
藍天,",2362,"
矽統,",2363,"
倫飛,",2364,"
昆盈,",2365,"
燿華,",2367,"
金像電,",2368,"
菱生,",2369,"
大同,",2371,"
震旦行,",2373,"
佳能,",2374,"
智寶,",2375,"
技嘉,",2376,"
微星,",2377,"
瑞昱,",2379,"
虹光,",2380,"
廣達,",2382,"
台光電,",2383,"
群光,",2385,"
精元,",2387,"
威盛,",2388,"
云辰,",2390,"
正崴,",2392,"
億光,",2393,"
研華,",2395,"
友通,",2397,"
映泰,",2399,"
凌陽,",2401,"
毅嘉,",2402,"
漢唐,",2404,"
浩鑫,",2405,"
國碩,",2406,"
南亞科,",2408,"
友達,",2409,"
中華電,",2412,"
環科,",2413,"
精技,",2414,"
錩新,",2415,"
圓剛,",2417,"
仲琦,",2419,"
新巨,",2420,"
建準,",2421,"
固緯,",2423,"
隴華,",2424,"
承啟,",2425,"
鼎元,",2426,"
三商電,",2427,"
興勤,",2428,"
銘旺科,",2429,"
燦坤,",2430,"
聯昌,",2431,"
互盛電,",2433,"
統懋,",2434,"
偉詮電,",2436,"
旺詮,",2437,"
翔耀,",2438,"
美律,",2439,"
太空梭,",2440,"
超豐,",2441,"
新美齊,",2442,"
新利虹,",2443,"
友旺,",2444,"
晶電,",2448,"
京元電,",2449,"
神腦,",2450,"
創見,",2451,"
凌群,",2453,"
聯發科,",2454,"
全新,",2455,"
奇力新,",2456,"
飛宏,",2457,"
義隆,",2458,"
敦吉,",2459,"
建通,",2460,"
光群雷,",2461,"
良得電,",2462,"
盟立,",2464,"
麗臺,",2465,"
冠西電,",2466,"
志聖,",2467,"
華經,",2468,"
資通,",2471,"
立隆電,",2472,"
可成,",2474,"
華映,",2475,"
鉅祥,",2476,"
美隆電,",2477,"
大毅,",2478,"
敦陽科,",2480,"
強茂,",2481,"
連宇,",2482,"
百容,",2483,"
希華,",2484,"
兆赫,",2485,"
一詮,",2486,"
漢平,",2488,"
瑞軒,",2489,"
吉祥全,",2491,"
華新科,",2492,"
揚博,",2493,"
普安,",2495,"
卓越,",2496,"
怡利電,",2497,"
宏達電,",2498,"
東貝,",2499,"
國建,",2501,"
國產,",2504,"
國揚,",2505,"
太設,",2506,"
全坤建,",2509,"
太子,",2511,"
龍邦,",2514,"
中工,",2515,"
新建,",2516,"
冠德,",2520,"
京城,",2524,"
宏璟,",2527,"
皇普,",2528,"
華建,",2530,"
宏盛,",2534,"
達欣工,",2535,"
宏普,",2536,"
聯上發,",2537,"
基泰,",2538,"
櫻花建,",2539,"
愛山林,",2540,"
興富發,",2542,"
皇昌,",2543,"
皇翔,",2545,"
根基,",2546,"
日勝生,",2547,"
華固,",2548,"
綠意,",2596,"
潤弘,",2597,"
益航,",2601,"
長榮,",2603,"
新興,",2605,"
裕民,",2606,"
榮運,",2607,"
大榮,",2608,"
陽明,",2609,"
華航,",2610,"
志信,",2611,"
中航,",2612,"
中櫃,",2613,"
東森,",2614,"
萬海,",2615,"
山隆,",2616,"
台航,",2617,"
長榮航,",2618,"
漢翔,",2634,"
台驊,",2636,"
F-慧洋,",2637,"
大車隊,",2640,"
正德,",2641,"
宅配通,",2642,"
捷迅,",2643,"
萬企,",2701,"
華園,",2702,"
國賓,",2704,"
六福,",2705,"
第一店,",2706,"
晶華,",2707,"
遠雄來,",2712,"
晶悅,",2718,"
燦星旅,",2719,"
夏都,",2722,"
F-美食,",2723,"
F-富驛,",2724,"
F-雅茗,",2726,"
王品,",2727,"
瓦城,",2729,"
雄獅,",2731,"
六角,",2732,"
易飛網,",2734,"
高野,",2736,"
天蔥,",2740,"
彰銀,",2801,"
京城銀,",2809,"
台中銀,",2812,"
旺旺保,",2816,"
華票,",2820,"
中壽,",2823,"
台產,",2832,"
臺企銀,",2834,"
高雄銀,",2836,"
聯邦銀,",2838,"
台開,",2841,"
遠東銀,",2845,"
大眾銀,",2847,"
安泰銀,",2849,"
新產,",2850,"
中再保,",2851,"
第一保,",2852,"
統一證,",2855,"
元富證,",2856,"
三商壽,",2867,"
華南金,",2880,"
富邦金,",2881,"
國泰金,",2882,"
開發金,",2883,"
玉山金,",2884,"
元大金,",2885,"
兆豐金,",2886,"
台新金,",2887,"
新光金,",2888,"
國票金,",2889,"
永豐金,",2890,"
中信金,",2891,"
第一金,",2892,"
欣欣,",2901,"
遠百,",2903,"
匯僑,",2904,"
三商,",2905,"
高林,",2906,"
特力,",2908,"
統領,",2910,"
麗嬰房,",2911,"
統一超,",2912,"
農林,",2913,"
潤泰全,",2915,"
滿心,",2916,"
F-鼎固,",2923,"
F-東凌,",2924,"
誠品生,",2926,"
F-紅馬,",2928,"
F-淘帝,",2929,"
歐格,",3002,"
健和興,",3003,"
豐達科,",3004,"
神基,",3005,"
晶豪科,",3006,"
大立光,",3008,"
華立,",3010,"
今皓,",3011,"
晟銘電,",3013,"
聯陽,",3014,"
全漢,",3015,"
嘉晶,",3016,"
奇鋐,",3017,"
同開,",3018,"
亞光,",3019,"
鴻名,",3021,"
威強電,",3022,"
信邦,",3023,"
憶聲,",3024,"
星通,",3025,"
禾伸堂,",3026,"
盛達,",3027,"
增你強,",3028,"
零壹,",3029,"
德律,",3030,"
佰鴻,",3031,"
偉訓,",3032,"
威健,",3033,"
聯詠,",3034,"
智原,",3035,"
文曄,",3036,"
欣興,",3037,"
全台,",3038,"
遠見,",3040,"
揚智,",3041,"
晶技,",3042,"
科風,",3043,"
健鼎,",3044,"
台灣大,",3045,"
建,",3046,"
訊舟,",3047,"
益登,",3048,"
和鑫,",3049,"
鈺德,",3050,"
力特,",3051,"
夆典,",3052,"
立萬利,",3054,"
蔚華科,",3055,"
總太,",3056,"
喬鼎,",3057,"
立德,",3058,"
華晶科,",3059,"
銘異,",3060,"
建漢,",3062,"
泰偉,",3064,"
李洲,",3066,"
全域,",3067,"
美磊,",3068,"
協禧,",3071,"
普格,",3073,"
僑威,",3078,"
聯亞,",3081,"
網龍,",3083,"
久大,",3085,"
華義,",3086,"
艾訊,",3088,"
遠昇,",3089,"
日電貿,",3090,"
鴻碩,",3092,"
港建,",3093,"
聯傑,",3094,"
及成,",3095,"
穩懋,",3105,"
好德,",3114,"
寶島極,",3115,"
進階,",3118,"
笙泉,",3122,"
信億科技,",3126,"
昇銳,",3128,"
一零四,",3130,"
弘塑,",3131,"
晶宏,",3141,"
新揚科,",3144,"
正達,",3149,"
璟德,",3152,"
精確,",3162,"
波若威,",3163,"
景岳,",3164,"
大量,",3167,"
亞信,",3169,"
新洲,",3171,"
基亞,",3176,"
安茂,",3188,"
景碩,",3189,"
和進,",3191,"
樺晟,",3202,"
佰研,",3205,"
志豐,",3206,"
耀勝,",3207,"
全科,",3209,"
順達,",3211,"
茂訊,",3213,"
優群,",3217,"
大學光,",3218,"
倚強,",3219,"
台嘉碩,",3221,"
三顧,",3224,"
至寶電,",3226,"
原相,",3227,"
金麗科,",3228,"
晟鈦,",3229,"
錦明,",3230,"
緯創,",3231,"
昱捷,",3232,"
光環,",3234,"
千如,",3236,"
海灣,",3252,"
虹冠電,",3257,"
鑫創,",3259,"
威剛,",3260,"
欣銓,",3264,"
台星科,",3265,"
昇陽,",3266,"
海德威,",3268,"
東碩,",3272,"
宇環,",3276,"
太普高,",3284,"
微端,",3285,"
廣寰科,",3287,"
點晶,",3288,"
宜特,",3289,"
東浦,",3290,"
遠翔科,",3291,"
鈊象,",3293,"
英濟,",3294,"
勝德,",3296,"
杭特,",3297,"
帛漢,",3299,"
岱稜,",3303,"
昇貿,",3305,"
鼎天,",3306,"
聯德,",3308,"
佳穎,",3310,"
閎暉,",3311,"
弘憶股,",3312,"
斐成,",3313,"
宣昶,",3315,"
尼克森,",3317,"
同泰,",3321,"
建舜電,",3322,"
加百裕,",3323,"
雙鴻,",3324,"
旭品,",3325,"
幸康,",3332,"
泰碩,",3338,"
泰谷,",3339,"
律勝,",3354,"
奇偶,",3356,"
尚立,",3360,"
先進光,",3362,"
上詮,",3363,"
典範,",3372,"
熱映,",3373,"
精材,",3374,"
新日興,",3376,"
彬台,",3379,"
明泰,",3380,"
新世紀,",3383,"
崇越電,",3388,"
旭軟,",3390,"
漢科,",3402,"
玉晶光,",3406,"
京鼎,",3413,"
融程電,",3416,"
譁裕,",3419,"
光燿科,",3428,"
長天,",3431,"
台端,",3432,"
哲固,",3434,"
榮創,",3437,"
類比科,",3438,"
聯一光,",3441,"
創意,",3443,"
利機,",3444,"
聯鈞,",3450,"
益通,",3452,"
晶睿,",3454,"
由田,",3455,"
祥業,",3465,"
致振,",3466,"
華亞科,",3474,"
安勤,",3479,"
群創,",3481,"
力致,",3483,"
崧騰,",3484,"
森寶,",3489,"
單井,",3490,"
昇達科,",3491,"
長盛,",3492,"
誠研,",3494,"
陽程,",3498,"
環天科,",3499,"
維熹,",3501,"
揚明光,",3504,"
位速,",3508,"
矽瑪,",3511,"
能緹,",3512,"
昱晶,",3514,"
華擎,",3515,"
亞帝歐,",3516,"
柏騰,",3518,"
綠能,",3519,"
振維,",3520,"
鴻翊,",3521,"
宏森,",3522,"
迎輝,",3523,"
凡甲,",3526,"
聚積,",3527,"
安馳,",3528,"
力旺,",3529,"
先益,",3531,"
台勝科,",3532,"
嘉澤,",3533,"
晶彩科,",3535,"
誠創,",3536,"
堡達,",3537,"
曜越,",3540,"
西柏,",3541,"
敦泰,",3545,"
宇峻,",3546,"
兆利,",3548,"
聯穎,",3550,"
世禾,",3551,"
同致,",3552,"
力積,",3553,"
擎泰,",3555,"
禾瑞亞,",3556,"
嘉威,",3557,"
神準,",3558,"
全智科,",3559,"
昇陽科,",3561,"
頂晶科,",3562,"
牧德,",3563,"
其陽,",3564,"
逸昌,",3567,"
大塚,",3570,"
穎台,",3573,"
新日光,",3576,"
泓格,",3577,"
尚志,",3579,"
友威科,",3580,"
博磊,",3581,"
辛耘,",3583,"
介面,",3584,"
閎康,",3587,"
通嘉,",3588,"
艾笛森,",3591,"
力銘,",3593,"
磐儀,",3594,"
智易,",3596,"
奕力,",3598,"
宏致,",3605,"
谷崧,",3607,"
東林,",3609,"
鼎翰,",3611,"
安可,",3615,"
碩天,",3617,"
洋華,",3622,"
富晶通,",3623,"
光頡,",3624,"
西勝,",3625,"
盈正,",3628,"
卓韋,",3629,"
新鉅科,",3630,"
晟楠,",3631,"
研勤,",3632,"
駿熠電,",3642,"
達邁,",3645,"
艾恩特,",3646,"
精聯,",3652,"
健策,",3653,"
漢微科,",3658,"
F-世芯,",3661,"
樂陞,",3662,"
鑫科,",3663,"
F-安瑞,",3664,"
F-貿聯,",3665,"
光耀,",3666,"
圓展,",3669,"
康聯訊,",3672,"
F-TPK,",3673,"
德微,",3675,"
新至陞,",3679,"
家登,",3680,"
亞太電,",3682,"
榮昌,",3684,"
政翔,",3685,"
達能,",3686,"
歐買尬,",3687,"
湧德,",3689,"
碩禾,",3691,"
營邦,",3693,"
海華,",3694,"
隆達,",3698,"
大眾控,",3701,"
大聯大,",3702,"
欣陸,",3703,"
合勤控,",3704,"
永信,",3705,"
神達,",3706,"
漢磊,",3707,"
永日,",4102,"
百略,",4103,"
佳醫,",4104,"
東洋,",4105,"
雃博,",4106,"
邦特,",4107,"
懷特,",4108,"
穆拉德,",4109,"
濟生,",4111,"
聯上,",4113,"
健喬,",4114,"
明基醫,",4116,"
旭富,",4119,"
友華,",4120,"
優盛,",4121,"
晟德,",4123,"
太醫,",4126,"
天良,",4127,"
中天,",4128,"
聯合,",4129,"
健亞,",4130,"
晶宇,",4131,"
亞諾法,",4133,"
F-麗豐,",4137,"
曜亞,",4138,"
F-馬光,",4139,"
F-龍燈,",4141,"
國光生,",4142,"
F-康聯,",4144,"
中裕,",4147,"
台微體,",4152,"
鈺緯,",4153,"
F-康樂,",4154,"
F*太景,",4157,"
創源,",4160,"
聿新科,",4161,"
智擎,",4162,"
鐿鈦,",4163,"
承業醫,",4164,"
展旺,",4167,"
醣聯,",4168,"
瑞基,",4171,"
久裕,",4173,"
浩鼎,",4174,"
杏一,",4175,"
安成藥,",4180,"
安克,",4188,"
F-佐登,",4190,"
杏國,",4192,"
環瑞醫,",4198,"
中華食,",4205,"
環泰,",4207,"
信立,",4303,"
勝昱,",4304,"
世坤,",4305,"
炎洲,",4306,"
東隆興,",4401,"
福大,",4402,"
新昕纖,",4406,"
飛寶,",4413,"
如興,",4414,"
台原藥,",4415,"
三圓,",4416,"
金洲,",4417,"
松懋,",4419,"
光明,",4420,"
利勤,",4426,"
聚紡,",4429,"
耀億,",4430,"
銘旺實,",4432,"
興采,",4433,"
健信,",4502,"
金雨,",4503,"
崇友,",4506,"
高鋒,",4510,"
福裕,",4513,"
永彰,",4523,"
東台,",4526,"
方土霖,",4527,"
江興鍛,",4528,"
昶洧,",4529,"
宏易,",4530,"
瑞智,",4532,"
協易機,",4533,"
慶騰,",4534,"
至興,",4535,"
拓凱,",4536,"
晟田,",4541,"
科嶠,",4542,"
銘鈺,",4545,"
桓達,",4549,"
長佳,",4550,"
智伸科,",4551,"
氣立,",4555,"
旭然,",4556,"
F-永新,",4557,"
唐鋒,",4609,"
中美實,",4702,"
大恭,",4706,"
磐亞,",4707,"
永純,",4711,"
南璋,",4712,"
永捷,",4714,"
大立,",4716,"
德淵,",4720,"
美琪瑪,",4721,"
國精化,",4722,"
信昌化,",4725,"
永昕,",4726,"
雙美,",4728,"
熒茂,",4729,"
上緯,",4733,"
豪展,",4735,"
泰博,",4736,"
華廣,",4737,"
康普,",4739,"
合一,",4743,"
F-合富,",4745,"
台耀,",4746,"
強生,",4747,"
三福化,",4755,"
F-三汰,",4762,"
F-材料,",4763,"
F-VHQ,",4803,"
F-大略,",4804,"
聯光通,",4903,"
遠傳,",4904,"
台聯電,",4905,"
正文,",4906,"
富宇,",4907,"
前鼎,",4908,"
新復興,",4909,"
德英,",4911,"
F-聯德,",4912,"
致伸,",4915,"
事欣科,",4916,"
新唐,",4919,"
F-欣厚,",4924,"
F-泰鼎,",4927,"
燦星網,",4930,"
友輝,",4933,"
太極,",4934,"
F-茂林,",4935,"
和碩,",4938,"
亞電,",4939,"
嘉彰,",4942,"
兆遠,",4944,"
辣椒,",4946,"
F-昂寶,",4947,"
牧東,",4950,"
凌通,",4952,"
緯軟,",4953,"
光鋐,",4956,"
F-臻鼎,",4958,"
奇美材,",4960,"
商店街,",4965,"
F-譜瑞,",4966,"
立積,",4968,"
F-IET,",4971,"
湯石,",4972,"
廣穎,",4973,"
亞泰,",4974,"
佳凌,",4976,"
F-眾達,",4977,"
華星光,",4979,"
F-科納,",4984,"
科誠,",4987,"
F-環宇,",4991,"
傳奇,",4994,"
晶達,",4995,"
鑫禾,",4999,"
三星,",5007,"
榮剛,",5009,"
久陽,",5011,"
強新,",5013,"
建錩,",5014,"
華祺,",5015,"
松和,",5016,"
富強,",5102,"
凱衛,",5201,"
力新,",5202,"
訊連,",5203,"
漢康,",5205,"
坤悅,",5206,"
新鼎,",5209,"
寶碩,",5210,"
蒙恬,",5211,"
凌網,",5212,"
亞昕,",5213,"
F-科嘉,",5215,"
F-東科,",5225,"
F-立凱,",5227,"
雷笛克,",5230,"
達興,",5234,"
F-乙盛,",5243,"
智晶,",5245,"
天鉞電,",5251,"
美桀,",5255,"
清惠,",5259,"
智崴,",5263,"
F-鎧勝,",5264,"
F*AS,",5266,"
祥碩,",5269,"
笙科,",5272,"
信驊,",5274,"
F-達輝,",5276,"
尚凡,",5278,"
F-jpp,",5284,"
界霖,",5285,"
數字,",5287,"
F-豐祥,",5288,"
宜鼎,",5289,"
邑昇,",5291,"
寶得利,",5301,"
太欣,",5302,"
鼎創達,",5304,"
敦南,",5305,"
桂盟,",5306,"
系統電,",5309,"
天剛,",5310,"
寶島科,",5312,"
世紀,",5314,"
光聯,",5315,"
凱美,",5317,"
友銓,",5321,"
士開,",5324,"
華容,",5328,"
建榮,",5340,"
立衛,",5344,"
天揚,",5345,"
世界,",5347,"
系通,",5348,"
先豐,",5349,"
鈺創,",5351,"
台林,",5353,"
佳總,",5355,"
協益,",5356,"
力麗店,",5364,"
中光電,",5371,"
合正,",5381,"
金利,",5383,"
捷元,",5384,"
青雲,",5386,"
中磊,",5388,"
應華,",5392,"
圓方,",5395,"
力瑋,",5398,"
中菲,",5403,"
國眾,",5410,"
台半,",5425,"
振發,",5426,"
達威,",5432,"
崇越,",5434,"
東友,",5438,"
高技,",5439,"
均豪,",5443,"
寶聯通,",5450,"
佶優,",5452,"
訊利電,",5455,"
宣德,",5457,"
同協,",5460,"
霖宏,",5464,"
富驊,",5465,"
凱鈺,",5468,"
瀚宇博,",5469,"
松翰,",5471,"
聰泰,",5474,"
德宏,",5475,"
智冠,",5478,"
統盟,",5480,"
華韡,",5481,"
中美晶,",5483,"
慧友,",5484,"
通泰,",5487,"
松普,",5488,"
彩富,",5489,"
同亨,",5490,"
連展,",5491,"
三聯,",5493,"
凱崴,",5498,"
永信建,",5508,"
德昌,",5511,"
力麒,",5512,"
三豐,",5514,"
建國,",5515,"
雙喜,",5516,"
隆大,",5519,"
力泰,",5520,"
工信,",5521,"
遠雄,",5522,"
豐謙,",5523,"
順天,",5525,"
志嘉,",5529,"
龍巖,",5530,"
鄉林,",5531,"
皇鼎,",5533,"
長虹,",5534,"
聖暉,",5536,"
F-東明,",5538,"
台聯櫃,",5601,"
陸海,",5603,"
中連貨,",5604,"
遠雄港,",5607,"
四維航,",5608,"
中菲行,",5609,"
劍湖山,",5701,"
亞都,",5703,"
老爺知,",5704,"
鳳凰,",5706,"
日盛金,",5820,"
F-中租,",5871,"
台名,",5878,"
合庫金,",5880,"
德記,",5902,"
全家,",5903,"
寶雅,",5904,"
南仁湖,",5905,"
F-台南,",5906,"
F-大洋,",5907,"
群益證,",6005,"
宏遠證,",6015,"
康和證,",6016,"
大展證,",6020,"
大慶證,",6021,"
大眾證,",6022,"
元大期,",6023,"
群益期,",6024,"
福邦證,",6026,"
弘捷,",6101,"
合邦,",6103,"
創惟,",6104,"
瑞傳,",6105,"
華美,",6107,"
競國,",6108,"
亞元,",6109,"
大宇資,",6111,"
聚碩,",6112,"
亞矽,",6113,"
久威,",6114,"
鎰勝,",6115,"
彩晶,",6116,"
迎廣,",6117,"
建達,",6118,"
達運,",6120,"
新普,",6121,"
擎邦,",6122,"
上奇,",6123,"
業強,",6124,"
廣運,",6125,"
信音,",6126,"
九豪,",6127,"
上福,",6128,"
普誠,",6129,"
基因,",6130,"
悠克,",6131,"
金橋,",6133,"
萬旭,",6134,"
富爾特,",6136,"
茂達,",6138,"
亞翔,",6139,"
訊達,",6140,"
柏承,",6141,"
友勁,",6142,"
振曜,",6143,"
得利影,",6144,"
勁永,",6145,"
耕興,",6146,"
頎邦,",6147,"
驊宏資,",6148,"
撼訊,",6150,"
晉倫,",6151,"
百一,",6152,"
嘉聯益,",6153,"
順發,",6154,"
鈞寶,",6155,"
松上,",6156,"
禾昌,",6158,"
欣技,",6160,"
捷波,",6161,"
華電網,",6163,"
華興,",6164,"
捷泰,",6165,"
凌華,",6166,"
久正,",6167,"
宏齊,",6168,"
昱泉,",6169,"
統振,",6170,"
亞銳士,",6171,"
互億,",6172,"
信昌電,",6173,"
安,",6174,"
立敦,",6175,"
瑞儀,",6176,"
達麗,",6177,"
亞通,",6179,"
橘子,",6180,"
合晶,",6182,"
關貿,",6183,"
大豐電,",6184,"
幃翔,",6185,"
新潤,",6186,"
萬潤,",6187,"
廣明,",6188,"
豐藝,",6189,"
萬泰科,",6190,"
精成科,",6191,"
巨路,",6192,"
育富,",6194,"
詩肯,",6195,"
帆宣,",6196,"
佳必琪,",6197,"
凌泰,",6198,"
天品,",6199,"
亞弘電,",6201,"
盛群,",6202,"
海韻電,",6203,"
艾華,",6204,"
詮欣,",6205,"
飛捷,",6206,"
雷科,",6207,"
日揚,",6208,"
今國光,",6209,"
慶生,",6210,"
理銘,",6212,"
聯茂,",6213,"
精誠,",6214,"
和椿,",6215,"
居易,",6216,"
中探針,",6217,"
豪勉,",6218,"
富旺,",6219,"
岳豐,",6220,"
晉泰,",6221,"
上揚,",6222,"
旺矽,",6223,"
聚鼎,",6224,"
天瀚,",6225,"
光鼎,",6226,"
茂綸,",6227,"
全譜,",6228,"
研通,",6229,"
超眾,",6230,"
系微,",6231,"
旺玖,",6233,"
高僑,",6234,"
華孚,",6235,"
康呈,",6236,"
驊訊,",6237,"
勝麗,",6238,"
力成,",6239,"
松崗,",6240,"
易通展,",6241,"
立康,",6242,"
迅杰,",6243,"
茂迪,",6244,"
立端,",6245,"
臺龍,",6246,"
淇譽電,",6247,"
沛波,",6248,"
宇加,",6250,"
定穎,",6251,"
矽格,",6257,"
百徽,",6259,"
久元,",6261,"
普萊德,",6263,"
富裔,",6264,"
方土昶,",6265,"
泰詠,",6266,"
台郡,",6269,"
倍微,",6270,"
同欣電,",6271,"
台燿,",6274,"
元山,",6275,"
安鈦克,",6276,"
宏正,",6277,"
台表科,",6278,"
胡連,",6279,"
全國電,",6281,"
康舒,",6282,"
淳安,",6283,"
佳邦,",6284,"
啟,",6285,"
立錡,",6286,"
元隆,",6287,"
華上,",6289,"
良維,",6290,"
沛亨,",6291,"
迅德,",6292,"
智基,",6294,"
崴強,",6298,"
F-通訊,",6404,"
悅城,",6405,"
旭隼,",6409,"
晶焱,",6411,"
群電,",6412,"
樺漢,",6414,"
F-矽力,",6415,"
韋僑,",6417,"
京晨科,",6419,"
F-君耀,",6422,"
統新,",6426,"
F-光麗,",6431,"
今展科,",6432,"
大中,",6435,"
光聖,",6442,"
元晶,",6443,"
鈺邦,",6449,"
F-訊芯,",6451,"
F-康友,",6452,"
F-GIS,",6456,"
紘康,",6457,"
神盾,",6462,"
台數科,",6464,"
威潤,",6465,"
宇智,",6470,"
點序,",6485,"
環球晶,",6488,"
科懋,",6496,"
南六,",6504,"
台塑化,",6505,"
雙邦,",6506,"
惠光,",6508,"
聚和,",6509,"
F-芮特,",6514,"
富強鑫,",6603,"
帝寶,",6605,"
瀧澤科,",6609,"
興航,",6702,"
崑鼎,",6803,"
邑錡,",7402,"
台通,",8011,"
矽創,",8016,"
尖點,",8021,"
佑華,",8024,"
鈦昇,",8027,"
光菱,",8032,"
雷虎,",8033,"
榮群,",8034,"
長園科,",8038,"
台虹,",8039,"
九暘,",8040,"
金山電,",8042,"
蜜望實,",8043,"
網家,",8044,"
南電,",8046,"
星雲,",8047,"
德勝,",8048,"
晶采,",8049,"
廣積,",8050,"
巨擘,",8053,"
安國,",8054,"
凱碩,",8059,"
東捷,",8064,"
來思達,",8066,"
志旭,",8067,"
全達,",8068,"
元太,",8069,"
長華,",8070,"
能率豐,",8071,"
陞泰,",8072,"
鉅橡,",8074,"
伍豐,",8076,"
洛,",8077,"
誠遠,",8079,"
奧斯特,",8080,"
致新,",8081,"
漢承泰,",8082,"
瑞穎,",8083,"
巨虹,",8084,"
福華,",8085,"
宏捷科,",8086,"
華鎂鑫,",8087,"
品安,",8088,"
翔名,",8091,"
建暐,",8092,"
保銳,",8093,"
擎亞,",8096,"
常珵,",8097,"
大世科,",8099,"
華冠,",8101,"
瀚荃,",8103,"
凌巨,",8105,"
大億科,",8107,"
博大,",8109,"
華東,",8110,"
立,",8111,"
至上,",8112,"
振樺電,",8114,"
越峰,",8121,"
福懋科,",8131,"
正淩,",8147,"
南茂,",8150,"
博智,",8155,"
達方,",8163,"
天宇,",8171,"
智捷,",8176,"
加高,",8182,"
精星,",8183,"
無敵,",8201,"
勤誠,",8210,"
志超,",8213,"
明基材,",8215,"
寶一,",8222,"
新漢,",8234,"
華宏,",8240,"
菱光,",8249,"
朋程,",8255,"
富鼎,",8261,"
中日新,",8266,"
宇瞻,",8271,"
商丞,",8277,"
英格爾,",8287,"
泰藝,",8289,"
尚茂,",8291,"
群聯,",8299,"
日友,",8341,"
矬,",8349,"
冠好,",8354,"
金居,",8358,"
羅昇,",8374,"
千附,",8383,"
金益鼎,",8390,"
白紗科,",8401,"
盛弘,",8403,"
F-百和,",8404,"
F-金可,",8406,"
商之器,",8409,"
森田,",8410,"
F-福貞,",8411,"
實威,",8416,"
F-必勝,",8418,"
明揚,",8420,"
旭源,",8421,"
可寧衛,",8422,"
F-保綠,",8423,"
惠普,",8424,"
F-紅木,",8426,"
F-基勝,",8427,"
F-金麗,",8429,"
匯鑽科,",8431,"
東生華,",8432,"
弘帆,",8433,"
鉅邁,",8435,"
大江,",8436,"
F-大地,",8437,"
阿瘦,",8443,"
F-綠河,",8444,"
華研,",8446,"
霹靂,",8450,"
富邦媒,",8454,"
F-大拓,",8455,"
潤泰材,",8463,"
億豐,",8464,"
F-波力,",8467,"
夠麻吉,",8472,"
裕國,",8905,"
花王,",8906,"
欣雄,",8908,"
全銓,",8913,"
光隆,",8916,"
欣泰,",8917,"
沈氏,",8921,"
時報,",8923,"
大田,",8924,"
偉盟,",8925,"
台汽電,",8926,"
北基,",8927,"
鉅明,",8928,"
富堡,",8929,"
青鋼,",8930,"
大汽電,",8931,"
宏大,",8932,"
愛地雅,",8933,"
衡平,",8934,"
邦泰,",8935,"
國統,",8936,"
合騏,",8937,"
明安,",8938,"
新天地,",8940,"
關中,",8941,"
森鉅,",8942,"
高力,",8996,"
美德醫,",9103,"
康師傅,",910322,"
聖馬丁,",910482,"
泰金寶,",9105,"
新焦點,",9106,"
琱j健,",910708,"
金衛,",910801,"
神州,",910861,"
越南控,",9110,"
明輝,",911608,"
中泰山,",911611,"
特藝,",911613,"
杜康,",911616,"
耀傑,",911619,"
泰聚亨,",911622,"
MSH,",911626,"
同方友,",911868,"
晨訊科,",912000,"
友佳,",912398,"
巨騰,",9136,"
陽光能,",9157,"
精熙,",9188,"
F-鈺齊,",9802,"
台火,",9902,"
寶成,",9904,"
大華,",9905,"
欣巴巴,",9906,"
統一實,",9907,"
大台北,",9908,"
豐泰,",9910,"
櫻花,",9911,"
偉聯,",9912,"
美利達,",9914,"
中保,",9917,"
欣天然,",9918,"
康那香,",9919,"
巨大,",9921,"
福興,",9924,"
新保,",9925,"
新海,",9926,"
泰銘,",9927,"
中視,",9928,"
秋雨,",9929,"
中聯資,",9930,"
欣高,",9931,"
中鼎,",9933,"
成霖,",9934,"
慶豐富,",9935,"
全國,",9937,"
百和,",9938,"
宏全,",9939,"
信義,",9940,"
裕融,",9941,"
茂順,",9942,"
好樂迪,",9943,"
新麗,",9944,"
潤泰新,",9945,"
三發,",9946,"
琉園,",9949,"
萬國通,",9950,"
皇田,",9951,"
佳龍,",9955,"
世紀鋼,",9958,"
邁達康,",9960,"
有益,",9962,"
富味鄉,",1260,"
漢美,",1268,"
巧新科技,",1563,"
鎧鉅,",1585,"
吉茂,",1587,"
日高,",1594,"
岱宇國際,",1598,"
國慶化學,",1757,"
寶齡富錦,",1760,"
展宇科技,",1776,"
立弘生化,",1780,"
東光訊,",1814,"
願景國際,",1818,"
豐鼎,",1819,"
運錩,",2069,"
華德動,",2237,"
樂揚建設,",2599,"
台灣高鐵,",2633,"
和昇休閒,",2720,"
F-楷捷,",2721,"
美麗信,",2730,"
維格餅家,",2733,"
F-MHG,",2738,"
寒舍餐旅,",2739,"
老四川,",2741,"
山富旅遊,",2743,"
五福旅遊,",2745,"
雲品,",2748,"
臺灣工銀,",2897,"
群環,",3074,"
拍檔,",3097,"
年程科技,",3117,"
耀登科技,",3138,"
大綜電腦,",3147,"
鈺寶,",3150,"
眾福科技,",3168,"
公準精密,",3178,"
微邦科技,",3184,"
遠業科技,",3307,"
和光,",3318,"
慶良電子,",3345,"
麗清,",3346,"
寶德科技,",3349,"
臺慶科,",3357,"
健格,",3377,"
佳得,",3391,"
宜揚,",3411,"
台興,",3426,"
彥陽科技,",3429,"
奇鈦科,",3430,"
敘豐,",3485,"
聯合線上,",3505,"
力群,",3507,"
晶相光,",3530,"
州巧,",3543,"
精品,",3554,"
太陽光,",3566,"
聯致,",3585,"
瑞鼎科技,",3592,"
山太士,",3595,"
映興電子,",3597,"
前源,",3601,"
連營,",3603,"
華信光電,",3627,"
云光,",3633,"
鉅景,",3637,"
凌嘉科,",3644,"
旭晶能源,",3647,"
百辰光電,",3659,"
摩幻潛艇,",3671,"
康訊科技,",3674,"
聯享,",3678,"
華立捷,",3688,"
群豐科技,",3690,"
普生,",4117,"
國鼎生技,",4132,"
台欣生物,",4134,"
天賜爾,",4135,"
F-太和,",4136,"
優你康,",4150,"
明躍國際,",4151,"
訊映,",4155,"
泉盛,",4159,"
友霖,",4166,"
泰宗,",4169,"
鑫品生醫,",4170,"
因華,",4172,"
柏登,",4177,"
百丹特,",4181,"
福永生物,",4183,"
尖端醫,",4186,"
得榮,",4187,"
法德藥,",4191,"
喬本生醫,",4193,"
禾生技,",4194,"
基米,",4195,"
暐世,",4197,"
展頌,",4427,"
敏成,",4431,"
廣越,",4438,"
旭東機械,",4537,"
大詠城,",4538,"
全球傳動,",4540,"
萬在,",4543,"
春日,",4544,"
長亨,",4546,"
盛復,",4553,"
橙的,",4554,"
寶緯,",4558,"
久裕興,",4559,"
穎漢科技,",4562,"
通用矽酮,",4730,"
彥臣生技,",4732,"
正揚,",4734,"
尚化,",4738,"
慕德生,",4740,"
泓瀚科技,",4741,"
皇將,",4744,"
聯超,",4752,"
國碳科,",4754,"
勤凱科技,",4760,"
樂美館,",4802,"
昇華,",4806,"
尚芳國際,",4920,"
宏陽,",4921,"
力士科技,",4923,"
智微,",4925,"
晶積,",4941,"
F-康控,",4943,"
有成精密,",4949,"
精拓科技,",4951,"
天鈺,",4961,"
十銓,",4967,"
富圓采,",4969,"
佐臻,",4980,"
晶美,",4990,"
優燈,",5216,"
萬達光電,",5220,"
全訊科技,",5222,"
鈺鎧,",5228,"
立宇高新,",5229,"
有量科技,",5233,"
威力能,",5238,"
建騰創達,",5240,"
佳晶科,",5242,"
弘凱光電,",5244,"
景傳光電,",5248,"
維鈦光,",5253,"
銳捷,",5256,"
北儒,",5257,"
虹堡,",5258,"
立達國際,",5262,"
龍翩真空,",5267,"
紘通企業,",5271,"
葳天科技,",5277,"
禾聯碩,",5283,"
育駿科技,",5286,"
捷音特,",5294,"
懷藝,",5295,"
杰力,",5299,"
廣朋建設,",5541,"
遠雄人壽,",5859,"
瑞興銀行,",5863,"
致和證券,",5864,"
上海商銀,",5876,"
德信,",6027,"
驊陞科技,",6272,"
聯嘉光電,",6288,"
助群營造,",6401,"
群登科技,",6403,"
相互,",6407,"
瑞祺電通,",6416,"
詠昇,",6418,"
億而得,",6423,"
易發,",6425,"
台灣淘米,",6428,"
達輝光,",6434,"
邑鋒,",6436,"
永箔,",6437,"
迅得,",6438,"
廣錠,",6441,"
經絡動力,",6445,"
藥華醫藥,",6446,"
健永生技,",6453,"
兆鑫,",6455,"
匯特,",6458,"
益得,",6461,"
泰合生技,",6467,"
棒辣椒,",6468,"
大樹醫藥,",6469,"
聯生藥,",6471,"
保瑞藥業,",6472,"
*玩家,",6473,"
岱煒,",6475,"
安集,",6477,"
瑞寶,",6479,"
世界科,",6481,"
弘煜科技,",6482,"
原創生醫,",6483,"
互動,",6486,"
源一,",6487,"
德晶,",6489,"
凌昇科,",6490,"
晶碩,",6491,"
生華科,",6492,"
雷虎生技,",6493,"
九齊科技,",6494,"
久禾光電,",6498,"
益安,",6499,"
新力美,",6507,"
精測,",6510,"
綠晁,",6511,"
啟發電子,",6512,"
勤崴國際,",6516,"
保勝光學,",6517,"
康科特,",6518,"
金樺,",6521,"
達爾膚,",6523,"
絡達,",6526,"
明達醫,",6527,"
研鼎,",6529,"
創威,",6530,"
愛普科技,",6531,"
瑞耘,",6532,"
晶心科,",6533,"
正瀚生技,",6534,"
順藥,",6535,"
碩豐,",6536,"
倉和,",6538,"
翔宇,",6539,"
F-喜康,",6540,"
F-泰福,",6541,"
隆中網絡,",6542,"
擎力,",6545,"
正基,",6546,"
基亞生,",6547,"
長華科,",6548,"
景凱,",6549,"
F-PG,",6550,"
必翔電,",6551,"
易華電,",6552,"
豐華,",6553,"
F-冠科,",6554,"
榮炭科技,",6555,"
勝品,",6556,"
興能高,",6558,"
研晶,",6559,"
欣普羅,",6560,"
聯亞藥,",6562,"
創益,",6566,"
生控,",6567,"
宏觀,",6568,"
醫揚,",6569,"
維田,",6570,"
博錸,",6572,"
心悅,",6575,"
勁豐,",6577,"
易宏,",7421,"
凡事康,",7443,"
昇陽國際,",8028,"
東元精電,",8041,"
天瑞企業,",8065,"
帝聞,",8115,"
神通電腦,",8122,"
利汎科技,",8127,"
旭德科技,",8179,"
研能科技,",8197,"
生展生技,",8279,"
歐普羅,",8281,"
三竹資訊,",8284,"
中廣,",8325,"
臺視,",8329,"
新東亞,",8351,"
錢櫃企業,",8359,"
大國鋼,",8415,"
昶昕,",8438,"
綠電再生,",8440,"
影一,",8458,"
柏文,",8462,"
德河,",8465,"
山林水,",8473,"
台境,",8476,"
創業家,",8477,"
東哥遊艇,",8478,"
政伸,",8481,"
信吉媒,",8485,"
愛爾達,",8487,"
三貝德,",8489,"
台灣利得,",8490,"
真好玩,",8491,"
台霖,",8496,"
燁聯鋼鐵,",9957,"
儀大,",9961,"
花蓮中小,",000014,"
豐源證券,",000015,"
富達證券,",000016,"
東亞證券,",000018,"
摩根證券,",000019,"
遠智證券,",000020,"
富蘭德林,",000022,"
富邦商業,",000051,"
匯通銀行,",000053,"
台灣工業,",000054,"
德意志銀,",000055,"
板信商業,",000059,"
法巴銀,",000060,"
匯豐銀行,",000080,"
美銀台北,",000085,"
美國銀行,",000091,"
中信局,",000101,"
合庫證券,",000102,"
土銀,",000103,"
臺銀證券,",000104,"
僑銀,",000105,"
台工銀證,",000109,"
臺灣企銀,",000111,"
日盛證券,",000116,"
仁信證券,",000118,"
英商瑞銀,",000132,"
麥格理,",000136,"
東方匯理,",000138,"
港商蘇皇,",000140,"
港商匯豐,",000142,"
美林證券,",000144,"
台灣摩根,",000147,"
美商高盛,",000148,"
瑞士信貸,",000152,"
德意志,",000153,"
雷曼兄弟,",000154,"
港商野村,",000156,"
港商法興,",000157,"
花旗環球,",000159,"
瑞銀證券,",000165,"
聯昌證券,",000166,"
富通證,",000197,"
亞洲信託,",000212,"
亞東證券,",000218,"
上海商銀,",000223,"
中興票券,",000301,"
國際票券,",000303,"
萬通票券,",000304,"
萬泰票券,",000305,"
聯邦票券,",000306,"
大中票券,",000309,"
中信票券,",000311,"
大慶票券,",000313,"
華南票券,",000314,"
力華票券,",000316,"
大展,",000505,"
富隆,",000511,"
太證,",000518,"
大慶,",000526,"
高橋,",000532,"
利通,",000535,"
鴻福,",000537,"
第一金證,",000538,"
世界,",000542,"
寶盛,",000546,"
豐銀,",000550,"
日進,",000566,"
豐興證券,",000569,"
大華證,",000572,"
盈溢,",000586,"
光隆,",000587,"
日茂,",000596,"
廣明,",000598,"
牛牛牛亞,",000601,"
台中銀證,",000611,"
通營,",000615,"
新百王,",000621,"
光和,",000638,"
永全證券,",000645,"
大昌證券,",000646,"
全泰,",000662,"
和興證券,",000666,"
台鳳,",000667,"
大亞,",000673,"
瑞豐,",000676,"
福勝證券,",000695,"
金稻埕,",000697,"
兆豐證券,",000700,"
信富,",000702,"
豐農證券,",000707,"
石橋,",000708,"
台安,",000712,"
大永證券,",000732,"
日陞,",000736,"
東勢證券,",000752,"
金港,",000767,"
金興,",000769,"
北城,",000775,"
國票綜合,",000779,"
豐德,",000790,"
台新證券,",000815,"
三重證券,",000826,"
安泰證券,",000838,"
長利,",000843,"
摩根大通,",000844,"
萬泰證券,",000849,"
中農證券,",000852,"
新光證券,",000856,"
金華信銀,",000862,"
大東,",000864,"
萬通證券,",000866,"
新壽證,",000869,"
花旗證券,",000870,"
陽信證券,",000871,"
大鼎,",000877,"
玉山證券,",000884,"
鑫豐證券,",000885,"
元益,",000886,"
國泰證,",000888,"
大和國泰,",000889,"
法銀巴黎,",000890,"
巴克萊,",000891,"
華南永昌,",000930,"
台証證,",000940,"
復華證券,",000950,"
富邦證券,",000960,"
元大證券,",000980,"
永豐金證,",0009A0,"
富邦證金,",010001,"
環華證金,",010002,"
永豐期貨,",021021,"
元大期貨,",021061,"
統一期貨,",021081,"
大華期貨,",021131,"
華南期貨,",021141,"
群益期貨,",021191,"
兆豐期貨,",021301,"
建台,",1107,"
欣欣水泥,",1111,"
和泥,",1115,"
亞東預拌,",113010,"
台糖公司,",1237,"
新東陽,",1242,"
中聯油脂,",1246,"
京華堂,",1267,"
惠普,",130810,"
中油,",1328,"
中興紡織,",1408,"
東盟開發,",1480,"
日南紡織,",1489,"
大清樺企,",1493,"
源興紡織,",1496,"
遠東機械,",151006,"
富強鑫,",151889,"
至興精機,",152495,"
羽田機械,",153685,"
台灣麗偉,",1547,"
信昌機械,",1548,"
台全電機,",1550,"
維輪實業,",1555,"
金豐機器,",1557,"
文勝企業,",1564,"
太電,",1602,"
歌林,",1606,"
大展電線,",1619,"
台泥化學,",170949,"
永信藥品,",1716,"
東台化學,",171620,"
欣雲天然,",1739,"
欣桃天然,",1740,"
油源股份,",1741,"
大台南區,",1743,"
欣嘉公司,",1745,"
和協化學,",1747,"
奇美實業,",1763,"
長春石油,",1764,"
長春人造,",1765,"
大連化工,",1766,"
陽瓦,",1767,"
欣中公司,",1769,"
信東生技,",1770,"
大東樹脂,",1775,"
金穎生技,",1796,"
廣源造紙,",1910,"
群武企業,",200842,"
年憶企業,",201666,"
信武企業,",201696,"
燁茂實業,",2041,"
福光,",2043,"
中龍鋼鐵,",2048,"
同光企業,",2052,"
璋釔鋼鐵,",2056,"
永發鋼鐵,",2060,"
世豐,",2065,"
優頻,",2068,"
精湛,",2070,"
奇菱光電,",2112,"
友聯車材,",2212,"
協欣,",2214,"
匯豐汽車,",2215,"
高都汽車,",2218,"
鍾慶科技,",2219,"
南都汽車,",2220,"
桃苗汽車,",2222,"
元隆汽車,",222395,"
國都汽車,",2225,"
中部汽車,",2226,"
大億金,",2240,"
艾姆勒,",2241,"
麗智電子,",231414,"
吉聯,",231758,"
信達國際,",231906,"
騰元電子,",232332,"
激態科技,",232787,"
華象科技,",232873,"
尖點科技,",232953,"
英群,",2341,"
鴻友科技,",2361,"
華宇光能,",2381,"
精碟科技,",2396,"
興業建設,",250361,"
聖堡營造,",251927,"
元利建設,",252044,"
德寶,",2523,"
遠揚建設,",2549,"
僑隆建設,",2551,"
泛亞工程,",2557,"
鄉城科技,",2560,"
廣三建設,",2565,"
世正開發,",2568,"
鈺通營造,",2579,"
遠揚營造,",2580,"
利晉工程,",2584,"
承隆智能,",2589,"
達和航運,",261378,"
新竹物流,",2619,"
立榮航空,",2621,"
瑞聯航空,",2627,"
亞洲航空,",2630,"
光明海運,",2639,"
凱撒飯店,",2711,"
長榮國際,",2716,"
鹿野鼎開,",273324,"
上海鄉村,",2735,"
渣打銀行,",2807,"
裕元投資,",281186,"
台灣人壽,",2833,"
凱基銀行,",2837,"
華南保,",2848,"
中租迪和,",2858,"
泰安產物,",2863,"
萬泰票券,",2868,"
朝陽人壽,",2870,"
台灣票券,",2872,"
大中票券,",2873,"
萬通票券,",2874,"
宏泰人壽,",2876,"
國泰產險,",2877,"
新光銀行,",2893,"
大慶票券,",2894,"
陽信銀行,",2895,"
金融大樓,",2899,"
海景,",2920,"
京華城,",2922,"
集雅社,",2937,"
能元科技,",3127,"
智泰科技,",3151,"
台灣之星,",3157,"
嘉實資訊,",3158,"
祥通電子,",3181,"
聯笙電子,",3186,"
源河生技,",3197,"
亞洲通通,",3245,"
誠洲電子,",3258,"
龍生,",3280,"
商杰,",3282,"
圓創,",3298,"
飛虹高科,",3342,"
鐵研,",3369,"
科雅,",3375,"
新德科技,",3386,"
津綻石英,",3405,"
展達,",3447,"
瑋鋒,",3462,"
宏塑,",3463,"
雅士,",3471,"
友荃,",3472,"
士誼科技,",3488,"
聯禾,",3509,"
易鼎,",3510,"
正勛,",3524,"
就業情報,",3525,"
隨身遊戲,",3539,"
馥鴻科技,",3568,"
宏芯科技,",3572,"
碩達科技,",3613,"
晶越,",3636,"
漢台,",3648,"
聯勝,",3656,"
大衛,",3657,"
仲博科技,",3683,"
友合生化,",4118,"
Cowell,",4146,"
F-宜佰,",4149,"
F-永生,",4178,"
視霸光學,",4185,"
膠原科技,",4189,"
耿鼎,",4505,"
台智網,",4539,"
主新德,",4547,"
名超,",4548,"
健椿,",4561,"
揚華,",4703,"
東宇生技,",4731,"
新應材,",4749,"
中晶新材,",4753,"
中華全球,",4757,"
桐寶,",4758,"
華聯國際,",4805,"
桑緹亞,",4922,"
華燈,",4929,"
新盛力,",4931,"
新禾航電,",4970,"
可取,",4981,"
富相,",4985,"
齊瀚光電,",4997,"
瑪居禮,",5219,"
F-安力,",5223,"
金運,",5235,"
凌陽創新,",5236,"
勵威,",5246,"
奇岩,",5250,"
欣訊科技,",5254,"
見智,",5260,"
新科光電,",5268,"
F-諾爾,",5279,"
F-大峽,",5281,"
廣化,",5297,"
合盈,",5298,"
力晶,",5346,"
茂德科技,",5387,"
和旺,",5505,"
長鴻,",5506,"
遠航,",5605,"
第一金投,",5801,"
華泰銀行,",5827,"
富邦保,",5828,"
三信商銀,",5830,"
新光人壽,",5831,"
元大證金,",5833,"
兆豐保險,",5834,"
國泰世華,",5835,"
台北富邦,",5836,"
華南銀行,",5838,"
開發,",5839,"
國際票券,",5840,"
中信銀,",5841,"
兆豐票券,",5842,"
兆豐商銀,",5843,"
第一銀行,",5844,"
國泰人壽,",5846,"
玉山銀行,",5847,"
台新銀行,",5848,"
永豐銀行,",5849,"
日盛銀行,",5850,"
元大銀行,",5852,"
合庫,",5854,"
土地銀行,",5857,"
臺銀,",5858,"
板信銀行,",5862,"
富邦人壽,",5865,"
統一期,",5866,"
康和期,",5867,"
臺灣金控,",5868,"
元富期,",5869,"
花旗台灣,",5870,"
匯豐台灣,",5872,"
全球人壽,",5873,"
南山人壽,",5874,"
星展銀行,",5875,"
中信人壽,",5877,"
澳盛銀行,",5879,"
中友百貨,",5901,"
凱基證券,",6008,"
臺銀人壽,",6025,"
佳營,",6135,"
福登精密,",6211,"
永美科技,",6406,"
巨擘先進,",6420,"
美環能,",6424,"
弘勝光電,",6427,"
華德,",6429,"
至鴻科技,",6433,"
寶德能源,",6444,"
永旺,",6466,"
華豫寧,",6474,"
益生,",6476,"
鋇鎝科技,",6478,"
惠合,",6484,"
台動,",6520,"
F-捷敏,",6525,"
普惠醫工,",6543,"
萬寶祿,",6557,"
是方,",6561,"
映智,",6563,"
安特羅,",6564,"
物聯,",6565,"
霈方,",6574,"
逸達,",6576,"
三益科,",6601,"
慶鴻機電,",6608,"
愛迪亞,",8015,"
正航資訊,",8022,"
久尹股份,",8029,"
達運光電,",8045,"
達鴻,",8056,"
康全電訊,",8089,"
泰威科技,",8125,"
紐煇科技,",8132,"
泰山電子,",8134,"
利翔航太,",8140,"
峻新電腦,",8152,"
東大精密,",8160,"
恩基科技,",8168,"
丸統股份,",8190,"
輝城電子,",8218,"
華矽公司,",8225,"
巨有科技,",8227,"
晶訊科技,",8242,"
冠德光電,",8252,"
台視訊,",8264,"
耐吉電子,",8288,"
佳聯有線,",8304,"
群健,",8305,"
威達雲端,",8307,"
中投有線,",8308,"
吉元,",8309,"
長德有線,",8310,"
東亞有線,",8312,"
大江國際,",8315,"
天威保全,",8323,"
洄瀾有線,",8327,"
臺灣汎生,",8330,"
麥寮汽電,",8338,"
益張實業,",8342,"
科學城,",8343,"
志皓股份,",8347,"
榮輪科技,",8350,"
華視,",8360,"
中華彩色,",8366,"
建新國際,",8367,"
屏南有線,",8368,"
欣隆天然,",8370,"
遠鼎投資,",8376,"
欣湖公司,",8379,"
緯來電視,",8387,"
森霸電力,",8391,"
星能電力,",8392,"
臺灣菸酒,",8394,"
聯美林業,",8399,"
大鄴,",8445,"
北都數位,",8452,"
全國數位,",8453,"
新北有線,",8456,"
數位天空,",8459,"
大台北,",8461,"
新高雄,",8469,"
新彰,",8475,"
台藝,",8479,"
昕淇,",8483,"
大基隆,",8486,"
兔將,",8492,"
經緯航,",8495,"
聯廣,",8497,"
峰安金屬,",8709,"
寶福有線,",8943,"
大新店,",8945,"
雙子星,",8946,"
北視有線,",8948,"
新竹振道,",8951,"
金頻道,",8952,"
吉隆有線,",8953,"
北健有線,",8955,"
台灣數位,",8956,"
新唐城,",8957,"
誠品,",8958,"
紅樹林,",8960,"
新視波有,",8962,"
新台北,",8963,"
家和有線,",8965,"
鳳信有線,",8966,"
慶聯有線,",8967,"
陽明山,",8968,"
北桃園,",8969,"
大揚有線,",8970,"
南桃園,",8971,"
澎湖有線,",8973,"
世新有線,",8974,"
觀昇有線,",8975,"
聯維有線,",8976,"
南國有線,",8977,"
大安文山,",8978,"
萬象有線,",8980,"
麗冠有線,",8981,"
信和有線,",8982,"
豐盟有線,",8983,"
國聲有線,",8985,"
台灣佳光,",8986,"
東台有線,",8987,"
大屯有線,",8988,"
港都電視,",8990,"
三大有線,",8991,"
新頻道有,",8992,"
北港有線,",8995,"
台亞衛星,",8998,"
新海能源,",910342,"
興業銅業,",910505,"
卡姆丹克,",910712,"
康宏理財,",911019,"
銘興科技,",911604,"
豐群水產,",990702,"
金景山實,",991223,"
中港金典,",991233,"
那魯灣股,",991553,"
民間投資,",991912,"
台電,",9963,"
榮僑投資,",9964,"
華歌爾,",9968,"
立大開發,",9971,"
新永安,",9977,"
長榮空廚,",9978,"
三冠王,",9982,"
永佳樂,",9983,"
全聯有線,",9984,"
觀天下,",9985,"
南天有線,",9986,"
天外天有,",9989,"
兆豐國際,",A00001,"
荷銀投信,",A00002,"
第一金投信,",A00003,"
匯豐中華,",A00004,"
元大投信,",A00005,"
景順投信,",A00006,"
瀚亞投信,",A00007,"
保德信,",A00008,"
統一投信,",A00009,"
富邦投信,",A00010,"
摩根投信,",A00011,"
華南永昌,",A00012,"
寶來投信,",A00013,"
新光投信,",A00014,"
瑞銀投信,",A00015,"
群益投信,",A00016,"
德信投信,",A00017,"
聯博投信,",A00018,"
兆豐國際,",A00019,"
柏瑞投信,",A00021,"
復華投信,",A00022,"
工銀投信,",A00023,"
永豐投信,",A00025,"
中信投信,",A00026,"
宏利投信,",A00027,"
安多利,",A00029,"
盛華投信,",A00030,"
貝萊德,",A00031,"
野村投信,",A00032,"
聯邦證券,",A00033,"
未來資產,",A00035,"
德盛安聯,",A00036,"
國泰投信,",A00037,"
富達投信,",A00038,"
德銀遠東,",A00040,"
凱基投信,",A00041,"
施羅德,",A00042,"
華頓投信,",A00043,"
惠理康和,",A00044,"
富蘭克林,",A00045,"
新昕投信,",A00046,"
台新投信,",A00047,"
合庫投信,",A00048,"
花旗證券,",A00056,"
蘇黎世,",A00057,"
